RANK,0,1,2,3,4,5,6,7,8,9,10,11,12,13,14,15,16,17,18,19,20,21,22,23,24,25,26,27,28,29,30,31,32,33,34,35,36,37,38,39,40,41,42,43,44,45,46,47,48,49,50,51,52,53,54,55,56,57,58,59,60,61,62,63,64,65,66,67,68,69,70,71,72,73,74,75,76,77,78,79,80,81,82,83,84,85,86,87,88,89,90,91,92,93,94,95,96,97,98,99,100,101,102,103,104,105,106,107,108,109,110,111,112,113,114,115,116,117,118,119,120,121,122,123,124,125,126,127,128,129,130,131,132,133,134,135,136,137,138,139,140,141,142,143,144,145,146,147,148,149,150,151,152,153,154,155,156,159,160,161,162,163,164,167,168,169,170,171,172,173,174,175,176,177,178,179,180,181,182,183,184,185,186,187,188,189,190,191,192,193,194,195,196,197,198,199,200,201,202,203,204,205,206,207,208,209,210,211,212,213,214,215,216,217,218,219,220,221,222,223,224,225,226,227,228,229,230,231
VERBATIM,auto_beat,auto_pulse,clear all Layers,clearCA,clear layer,current background capture,BG Subtraction on/off,mute screen,invert,snapshot onOff,cursor size,beat duration,Blend Transparency,CA mixing weight,ID comment,track0 mixing weight,ID comment,track1 mixing weight,ID comment,track2 mixing weight,ID comment,track3 mixing weight,ID comment,CA Master weight,ID comment,track0 Master weight,ID comment,track1 Master weight,ID comment,track2 Master weight,ID comment,track3 Master weight,ID comment,echo,ID comment,echo neg,ID comment,CA decay,CA decay pulse,track0 decay,ID comment,track1 decay,ID comment,track2 decay,ID comment,track3 decay,ID comment,pen_radius,pen radius pulse,palette for pen,palette for pen,Grey level for pen,ID comment,A color,ID comment,pen brush,pen radius replay,pen radius replay pulse,ID comment,ID comment,current drawing track,current video track,current photo track,ID comment,ID comment,ID comment,ID comment,ID comment,ID comment,ID comment,ID comment,path0 repop on/off,path1 repop on/off,path2 repop on/off,path3 repop on/off,path4 repop on/off,path5 repop on/off,path6 repop on/off,path7 repop on/off,path1 record on/off,path2 record on/off,path3 record on/off,path4 record on/off,path5 record on/off,path3 record on/off,path7 record on/off,path1 replay track,path2 replay track,path3 replay track,path4 replay track,path5 replay track,path6 replay track,path7 replay track,ID comment,particle motion shift pulse,noise scale,ID comment,part noise type,part noise line scale,part noise angle scale,part noise center-x,part noise center-y,pixel acc,pixel acc pulse,pixel acc center-x,ID comment,pixel acc center-y,ID comment,radius pixel,pixel radius pulse,pixel mode,repopuplating CA,ID comment,repopuplating track0,ID comment,repopuplating Path,ID comment,repop_colorBG,repop_colorBG_pulse,repop_greyBG,repop_greyBG_pulse,repop_colorPart,repop_colorPart_pulse,repop_greyPart,repop_greyPart_pulse,repop_colorCA,repop_colorCA_pulse,repop_greyCA,repop_greyCA_pulse,camera white balance red,camera white balance blue,camera exposure,camera gain,cameraBrightness,camera saturation,camera contrast,camera gamma,camera capture frequency,movie no,movie capture frequency,photo diaporama index,photo diaporama fade dur,photo diaporama plateau dur,current SvgGpu images,soundtrack on/off,camera threshold,ID comment,camera Weight,ID comment,Sobel camera,ID comment,movie weight,ID comment,Sobel movie,ID comment,invert movie,ID comment,video saturation ,video saturation pulse,ID comment,ID comment,photo weight,ID comment,photo satur,photo satur pulse,photo value,photo value pulse,photo jitter amplitude,mask jitter amplitude,photo scale,mask scale,photo contrast,mask contrast,CA cell proliferation,ID comment,CA cancer proliferation,ID comment,CA cancer cell ratio,ID comment,CAParams4,ID comment,CAParams5,ID comment,CAParams6,ID comment,CAParams7,ID comment,CAParams8,ID comment,CA 1 type,CA 1 subtype,CA 2 type,CA 2 subtype,CA1/CA2 weight, Flash track0->CA freq, Flash track1->CA freq, Flash track2->CA freq, Flash track3->CA freq,Flash CA->BG freq, Flash track1->BG freq, Flash track2->BG freq, Flash track3->BG freq,Flash pixel freq,Flash pixel duration,camera flash length (in frames),camera flash bright (in frames),camera flash beat no,beat threshold,beat min duration (ms),input volume,Min input volume,pen pressure coef,pen angleH coef,pen angleV coef,tracks sync on/off,cumul video,CA update step,color interface display,fast vs slow CA color spreading,freeze on/off,sound enveloppe min,sound envelope max,adc weight (eg microphone),soundtrack weight,sample setUp,sensor spatial pattern,sensor activation,sensor volume
TYPE,bool,bool,bool,bool,bool,bool,bool,bool,bool,bool,int,float,float,float,float,float,float,float,float,float,float,float,float,float,float,float,float,float,float,float,float,float,float,float,float,float,float,float,float,float,float,float,float,float,float,float,float,float,float,float,float,float,float,float,float,int ,float,float,float,float,int,int,int,float,float,float,float,float,float,float,float,bool,bool,bool,bool,bool,bool,bool,bool,path,path,path,path,path,path,path,int,int,int,int,int,int,int,float,float,float,float,int,float,float,float,float,float,float,float,float,float,float,float,float,int,float,float,float,float,float,float,float,float,float,float,float,float,float,float,float,float,float,float,float,float,float,float,float,float,float,float,float,int,float,int,float,float,int,int,float,float,float,float,float,float,float,float,float,float,bool,bool,float,float,float,float,float,float,float,float,float,float,float,float,float,float,float,float,float,float,float,float,float,float,float,float,float,float,float,float,float,float,float,float,int,int,int,int,float,int,int,int,int,int,int,int,int,int,int,float,float,int,float,float,float,float,float,float,float,bool,int,int,bool,bool,bool,float,float,float,float,float,int ,int ,float
ID,auto_beat,auto_pulse,clearAllLayers,clearCA,clearLayer,reset_camera,camera_BG_subtr,mute_second_screen,invertAllLayers,take_snapshots,cursorSize,auto_beat_duration,master,CAMixingWeight,CAMixingWeight_pulse,trackMixingWeight_0,trackMixingWeight_0_pulse,trackMixingWeight_1,trackMixingWeight_1_pulse,trackMixingWeight_2,trackMixingWeight_2_pulse,trackMixingWeight_3,trackMixingWeight_3_pulse,CAMasterWeight,CAMasterWeight_pulse,trackMasterWeight_0,trackMasterWeight_0_pulse,trackMasterWeight_1,trackMasterWeight_1_pulse,trackMasterWeight_2,trackMasterWeight_2_pulse,trackMasterWeight_3,trackMasterWeight_3_pulse,echo,echo_pulse,echoNeg,echoNeg_pulse,CAdecay,CAdecay_pulse,trkDecay_0,trkDecay_0_pulse,trkDecay_1,trkDecay_1_pulse,trkDecay_2,trkDecay_2_pulse,trkDecay_3,trkDecay_3_pulse,pen_radius,pen_radius_pulse,pen_color,pen_color_pulse,pen_grey,pen_grey_pulse,pen_color_a,pen_color_a_pulse,pen_brush,pen_radius_replay,pen_radius_replay_pulse,pen_color_replay,pen_color_replay_pulse,currentDrawingTrack,currentVideoTrack,currentPhotoTrack,track_x_transl_0,track_x_transl_0_pulse,track_y_transl_0,track_y_transl_0_pulse,track_x_transl_1,track_x_transl_1_pulse,track_y_transl_1,track_y_transl_1_pulse,part_path_repop_0,part_path_repop_1,part_path_repop_2,part_path_repop_3,part_path_repop_4,part_path_repop_5,part_path_repop_6,part_path_repop_7,path_record_1,path_record_2,path_record_3,path_record_4,path_record_5,path_record_6,path_record_7,path_replay_trackNo_1,path_replay_trackNo_2,path_replay_trackNo_3,path_replay_trackNo_4,path_replay_trackNo_5,path_replay_trackNo_6,path_replay_trackNo_7,pulsed_part_Hshift,pulsed_part_Vshift,noiseScale,noiseScale_pulse,noiseType,noiseLineScale,noiseAngleScale,noiseCenterX,noiseCenterY,pixel_acc,pixel_acc_pulse,pixel_acc_shiftX,pixel_acc_shiftX_pulse,pixel_acc_shiftY,pixel_acc_shiftY_pulse,pixel_radius,pixel_radius_pulse,pixel_mode,repop_CA,repop_CA_pulse,repop_BG,repop_BG_pulse,repop_path,repop_path_pulse,repop_colorBG,repop_colorBG_pulse,repop_greyBG,repop_greyBG_pulse,repop_colorPart,repop_colorPart_pulse,repop_greyPart,repop_greyPart_pulse,repop_colorCA,repop_colorCA_pulse,repop_greyCA,repop_greyCA_pulse,cameraWB_R,cameraWB_B,cameraExposure,cameraGain,cameraBrightness,cameraSaturation,cameraContrast,cameraGamma,cameraCaptFreq,playing_movieNo,movieCaptFreq,photo_diaporama,photo_diaporama_fade,photo_diaporama_plateau,activeClipArts,playing_soundtrackNo,cameraThreshold,cameraThreshold_pulse,cameraWeight,cameraWeight_pulse,cameraSobel,cameraSobel_pulse,movieWeight,movieWeight_pulse,movieSobel,movieSobel_pulse,invertMovie,invertCamera,video_satur,video_satur_pulse,video_value,video_value_pulse,photoWeight,photoWeight_pulse,photo_satur,photo_satur_pulse,photo_value,photo_value_pulse,photoJitterAmpl,maskJitterAmpl,photo_scale,mask_scale,photo_contrast,mask_contrast,CAParams1,CAParams1_pulse,CAParams2,CAParams2_pulse,CAParams3,CAParams3_pulse,CAParams4,CAParams4_pulse,CAParams5,CAParams5_pulse,CAParams6,CAParams6_pulse,CAParams7,CAParams7_pulse,CAParams8,CAParams8_pulse,CA1Type,CA1SubType,CA2Type,CA2SubType,CA1_CA2_weight,flashTrkCA_freq_0,flashTrkCA_freq_1,flashTrkCA_freq_2,flashTrkCA_freq_3,flashCABG_freq,flashTrkBG_freq_1,flashTrkBG_freq_2,flashTrkBG_freq_3,flashPixel_freq,flashPixel_duration,flashCameraTrkLength,flashCameraTrkBright,flashCameraTrkBeat,beat_threshold,beat_delay,sound_volume,sound_min,pen_radius_pressure_coef,pen_radius_angleHor_coef,pen_radius_angleVer_coef,tracksSync,cameraCumul,CAstep,interfaceOnScreen,CAcolorSpread,freeze,sound_env_min,sound_env_max,audioInput_weight,soundtrack_weight,sensor_sample_setUp,sensor_layout,sensor_activation,sensor_vol
FUNCTION,auto_beat_callBack,auto_pulse_callBack,clearAllLayers_callBack,clearCA_callBack,clearLayer_callBack,NULL,NULL,NULL,NULL,NULL,NULL,NULL,NULL,NULL,NULL,NULL,NULL,NULL,NULL,NULL,NULL,NULL,NULL,NULL,NULL,NULL,NULL,NULL,NULL,NULL,NULL,NULL,NULL,NULL,NULL,NULL,NULL,NULL,NULL,NULL,NULL,NULL,NULL,NULL,NULL,NULL,NULL,NULL,NULL,NULL,NULL,NULL,NULL,NULL,NULL,pen_brush_callBack,NULL,NULL,NULL,NULL,NULL,NULL,NULL,NULL,NULL,NULL,NULL,NULL,NULL,NULL,NULL,NULL,NULL,NULL,NULL,NULL,NULL,NULL,NULL,path_record_1_callBack,path_record_2_callBack,path_record_3_callBack,NULL,NULL,NULL,NULL,path_replay_trackNo_1_callBack,path_replay_trackNo_2_callBack,path_replay_trackNo_3_callBack,NULL,NULL,NULL,NULL,NULL,NULL,NULL,NULL,NULL,NULL,NULL,NULL,NULL,NULL,NULL,NULL,NULL,NULL,NULL,NULL,NULL,NULL,NULL,NULL,NULL,NULL,NULL,NULL,NULL,NULL,NULL,NULL,NULL,NULL,NULL,NULL,NULL,NULL,NULL,NULL,cameraWB_R_callBack,cameraWB_B_callBack,cameraExposure_callBack,cameraGain_callBack,cameraBrightness_callBack,cameraSaturation_callBack,cameraContrast_callBack,NULL,NULL,playing_movieNo_callBack,NULL,photo_diaporama_callBack,NULL,NULL,NULL,playing_soundtrackNo_callBack,NULL,NULL,NULL,NULL,NULL,NULL,NULL,NULL,NULL,NULL,NULL,NULL,NULL,NULL,NULL,NULL,NULL,NULL,NULL,NULL,NULL,NULL,NULL,NULL,NULL,NULL,NULL,NULL,NULL,NULL,NULL,NULL,NULL,NULL,NULL,NULL,NULL,NULL,NULL,NULL,NULL,NULL,NULL,NULL,NULL,NULL,NULL,NULL,NULL,NULL,NULL,NULL,NULL,NULL,NULL,NULL,NULL,NULL,NULL,flashCameraTrkLength_callBack,NULL,NULL,NULL,NULL,NULL,NULL,NULL,NULL,NULL,NULL,NULL,NULL,NULL,NULL,NULL,sound_env_min_callBack,sound_env_max_callBack,audioInput_weight_callBack,soundtrack_weight_callBack,sensor_sample_setUp_callBack,sensor_layout_callBack,sensor_activation_callBack,NULL
GUI,auto_beat,auto_pulse,clearAllLayers,clearCA,clearLayer,reset_camera,camera_BG_subtr,mute_second_screen,invertAllLayers,take_snapshots,cursorSize,auto_beat_duration,master,CAMixingWeight,CAMixingWeight_pulse,trackMixingWeight_0,trackMixingWeight_0_pulse,trackMixingWeight_1,trackMixingWeight_1_pulse,trackMixingWeight_2,trackMixingWeight_2_pulse,trackMixingWeight_3,trackMixingWeight_3_pulse,CAMasterWeight,CAMasterWeight_pulse,trackMasterWeight_0,trackMasterWeight_0_pulse,trackMasterWeight_1,trackMasterWeight_1_pulse,trackMasterWeight_2,trackMasterWeight_2_pulse,trackMasterWeight_3,trackMasterWeight_3_pulse,echo,echo_pulse,echoNeg,echoNeg_pulse,CAdecay,CAdecay_pulse,trkDecay_0,trkDecay_0_pulse,trkDecay_1,trkDecay_1_pulse,trkDecay_2,trkDecay_2_pulse,trkDecay_3,trkDecay_3_pulse,pen_radius,pen_radius_pulse,pen_color,pen_color_pulse,pen_grey,pen_grey_pulse,pen_color_a,pen_color_a_pulse,pen_brush,pen_radius_replay,pen_radius_replay_pulse,pen_color_replay,pen_color_replay_pulse,currentDrawingTrack,currentVideoTrack,currentPhotoTrack,track_x_transl_0,track_x_transl_0_pulse,track_y_transl_0,track_y_transl_0_pulse,track_x_transl_1,track_x_transl_1_pulse,track_y_transl_1,track_y_transl_1_pulse,part_path_repop_0,part_path_repop_1,part_path_repop_2,part_path_repop_3,part_path_repop_4,part_path_repop_5,part_path_repop_6,part_path_repop_7,path_record_1,path_record_2,path_record_3,path_record_4,path_record_5,path_record_6,path_record_7,path_replay_trackNo_1,path_replay_trackNo_2,path_replay_trackNo_3,path_replay_trackNo_4,path_replay_trackNo_5,path_replay_trackNo_6,path_replay_trackNo_7,pulsed_part_Hshift,pulsed_part_Vshift,noiseScale,noiseScale_pulse,noiseType,noiseLineScale,noiseAngleScale,noiseCenterX,noiseCenterY,pixel_acc,pixel_acc_pulse,pixel_acc_shiftX,pixel_acc_shiftX_pulse,pixel_acc_shiftY,pixel_acc_shiftY_pulse,pixel_radius,pixel_radius_pulse,pixel_mode,repop_CA,repop_CA_pulse,repop_BG,repop_BG_pulse,repop_path,repop_path_pulse,repop_colorBG,repop_colorBG_pulse,repop_greyBG,repop_greyBG_pulse,repop_colorPart,repop_colorPart_pulse,repop_greyPart,repop_greyPart_pulse,repop_colorCA,repop_colorCA_pulse,repop_greyCA,repop_greyCA_pulse,cameraWB_R,cameraWB_B,cameraExposure,cameraGain,cameraBrightness,cameraSaturation,cameraContrast,cameraGamma,cameraCaptFreq,playing_movieNo,movieCaptFreq,photo_diaporama,photo_diaporama_fade,photo_diaporama_plateau,activeClipArts,playing_soundtrackNo,cameraThreshold,cameraThreshold_pulse,cameraWeight,cameraWeight_pulse,cameraSobel,cameraSobel_pulse,movieWeight,movieWeight_pulse,movieSobel,movieSobel_pulse,invertMovie,invertCamera,video_satur,video_satur_pulse,video_value,video_value_pulse,photoWeight,photoWeight_pulse,photo_satur,photo_satur_pulse,photo_value,photo_value_pulse,photoJitterAmpl,maskJitterAmpl,photo_scale,mask_scale,photo_contrast,mask_contrast,CAParams1,CAParams1_pulse,CAParams2,CAParams2_pulse,CAParams3,CAParams3_pulse,CAParams4,CAParams4_pulse,CAParams5,CAParams5_pulse,CAParams6,CAParams6_pulse,CAParams7,CAParams7_pulse,CAParams8,CAParams8_pulse,CA1Type,CA1SubType,CA2Type,CA2SubType,CA1_CA2_weight,flashTrkCA_freq_0,flashTrkCA_freq_1,flashTrkCA_freq_2,flashTrkCA_freq_3,flashCABG_freq,flashTrkBG_freq_1,flashTrkBG_freq_2,flashTrkBG_freq_3,flashPixel_freq,flashPixel_duration,flashCameraTrkLength,flashCameraTrkBright,flashCameraTrkBeat,beat_threshold,beat_delay,sound_volume,sound_min,pen_radius_pressure_coef,pen_radius_angleHor_coef,pen_radius_angleVer_coef,tracksSync,cameraCumul,CAstep,interfaceOnScreen,CAcolorSpread,freeze,sound_env_min,sound_env_max,audioInput_weight,soundtrack_weight,sensor_sample_setUp,sensor_layout,sensor_activation,sensor_vol
SHADER,*,*,*,*,*,*,Update_fs,Master_fs,Master_fs,*,Master_fs,*,Master_fs,Mixing_fs,*,Mixing_fs,*,*,*,*,*,*,*,Master_fs,*,Master_fs,*,*,*,*,*,*,*,Mixing_fs,*,Mixing_fs,*,Update_fs,*,Update_fs,*,Update_fs,*,Update_fs,*,Update_fs,*,*,*,*,*,*,*,*,*,*,*,*,*,*,Update_fs,Update_fs,Update_fs,*,*,*,*,*,*,*,*,*,*,*,*,*,*,*,*,*,*,*,*,*,*,*,Update_fs,Update_fs,Update_fs,*,*,*,*,*,*,Update_fs/ParticleAnimation_fs,*,Update_fs,Update_fs,Update_fs,Update_fs,Update_fs,Update_fs,*,Update_fs/ParticleAnimation_fs,*,Update_fs/ParticleAnimation_fs,*,Update_fs,*,Update_fs,Update_fs,*,Update_fs,*,ParticleAnimation_fs,*,*,*,*,*,*,*,*,*,*,*,*,*,*,*,*,*,*,*,*,Update_fs,*,*,*,*,*,*,Update_fs,*,Update_fs,*,Update_fs,*,Update_fs,*,Update_fs,*,Update_fs,*,Update_fs,*,Update_fs,Update_fs,Update_fs,*,Update_fs,*,*,*,Update_fs,Update_fs,*,*,Update_fs,*,*,*,Update_fs,*,Update_fs,*,Update_fs,*,*,*,*,*,*,*,*,*,*,*,*,*,*,*,*,*,*,*,*,*,*,*,*,*,*,*,*,*,*,*,*,*,*,*,*,*,Update_fs,Update_fs,Master_fs,Update_fs,Update_fs/ParticleAnimation_fs,*,*,*,*,*,*,*,*
PULSE,*,*,*,*,*,*,*,*,*,*,*,*,*,pulsed_absolute,*,pulsed_absolute,*,pulsed_absolute,*,pulsed_absolute,*,pulsed_absolute,*,pulsed_absolute,*,pulsed_absolute,*,pulsed_absolute,*,pulsed_absolute,*,pulsed_absolute,*,pulsed_absolute,*,pulsed_absolute,*,pulsed_absolute,*,pulsed_absolute,*,pulsed_absolute,*,pulsed_absolute,*,pulsed_absolute,*,pulsed_special,*,pulsed_special,*,pulsed_special,*,pulsed_special,*,*,pulsed_special,*,pulsed_special,*,*,*,*,pulsed_differential,*,pulsed_differential,*,pulsed_differential,*,pulsed_differential,*,*,*,*,*,*,*,*,*,*,*,*,*,*,*,*,*,*,*,*,*,*,*,*,*,pulsed_absolute,*,*,*,*,*,*,pulsed_absolute,*,pulsed_absolute,*,pulsed_absolute,*,pulsed_absolute,*,*,pulsed_absolute,*,pulsed_absolute,*,pulsed_absolute,*,pulsed_special,*,pulsed_special,*,pulsed_special,*,pulsed_special,*,pulsed_special,*,pulsed_special,*,*,*,*,*,*,*,*,*,*,*,*,*,*,*,*,*,pulsed_absolute,*,pulsed_absolute,*,pulsed_absolute,*,pulsed_absolute,*,pulsed_absolute,*,*,*,pulsed_absolute,*,pulsed_absolute,*,pulsed_absolute,*,pulsed_absolute,*,pulsed_absolute,*,*,*,*,*,*,*,pulsed_absolute,*,pulsed_absolute,*,pulsed_absolute,*,pulsed_absolute,*,pulsed_absolute,*,pulsed_absolute,*,pulsed_absolute,*,pulsed_absolute,*,*,*,*,*,*,*,*,*,*,*,*,*,*,*,*,*,*,*,*,*,*,*,*,*,*,*,*,*,*,*,*,*,*,*,*,*,*,*,*
initial_values,,,,,,,,,,,,,,,,,,,,,,,,,,,,,,,,,,,,,,,,,,,,,,,,,,,,,,,,,,,,,,,,,,,,,,,,,,,,,,,,,,,,,,,,,,,,,,,,,,,,,,,,,,,,,,,,,,,,,,,,,,,,,,,,,,,,,,,,,,,,,,,,,1,,,,,,,,,,,,,,,,,,,,,,,,,,,,,,,,,,,,,,,,,,,,,,,,,,,,,,,,,,,,,,,,,,,,,,,,,,,,,,,,,,,
,0,0,0,0,0,1,1,1,0,0,3,0.5,1,1,0,1,0,0,0,0,0,1,0,0,0,0,0,1,0,0,0,0,0,0,0,0,0,0,0,0,0,0,0,0,0,0,0,1,0,0,1.87,1,0,1,0,0,1,0,0,0,0,1,1,0,0,0,0,0,0,0,0,1,0,0,0,0,0,0,0,0,0,0,0,0,0,0,-1,-1,-1,-1,-1,-1,-1,0,0,0.614285714,0,0,0.141719,0.01,1.7,1.7,0,0.07,0.5,0,0.5,0,0.5,0,0,0,0,0,0,0,0,0.3,0.7,1,0,0.3,0.7,1,0,0.3,0.7,1,0,0,0,5,0,120,0,120,1,14,-1,0,-1,0.2,10,0,-1,0.2,0,1,0,0,0,0,0,0,0,0,0,0,0,0,0,0,0,0,0,1,0,0,0,0,0,0,0,0.85,0,0.9,0,0.75,0,0.571,0,0.306,0,0.464,0,0.236,0,0,0,3,3,0,0,1,0,0,0,0,1,0,0,0,0,0,0,0,0,1000,330,1,0,0,15,15,0,0,1,0,1,0,40,85,0,1,1,0,0,0
/initial_values,,,,,,,,,,,,,,,,,,,,,,,,,,,,,,,,,,,,,,,,,,,,,,,,,,,,,,,,,,,,,,,,,,,,,,,,,,,,,,,,,,,,,,,,,,,,,,,,,,,,,,,,,,,,,,,,,,,,,,,,,,,,,,,,,,,,,,,,,,,,,,,,,,,,,,,,,,,,,,,,,,,,,,,,,,,,,,,,,,,,,,,,,,,,,,,,,,,,,,,,,,,,,,,,,,,,,,,,,,,,,,,,,,,,
scenario,6,,,,,,,,,,,,,,,,,,,,,,,,,,,,,,,,,,,,,,,,,,,,,,,,,,,,,,,,,,,,,,,,,,,,,,,,,,,,,,,,,,,,,,,,,,,,,,,,,,,,,,,,,,,,,,,,,,,,,,,,,,,,,,,,,,,,,,,,,,,,,,,,,,,,,,,,,,,,,,,,,,,,,,,,,,,,,,,,,,,,,,,,,,,,,,,,,,,,,,,,,,,,,,,,,,,,,,,,,,,,,,,,,,,
scene,S1_city,720,change_when_ends,9_to_6:40_________Lines_Radius_1,to_End_________Scenes_Radius_3,,,,,,,,,,,,,,,,,,,,,,,,,,,,,,,,,,,,,,,,,,,,,,,,,,,,,,,,,,,,,,,,,,,,,,,,,,,,,,,,,,,,,,,,,,,,,,,,,,,,,,,,,,,,,,,,,,,,,,,,,,,,,,,,,,,,,,,,,,,,,,,,,,,,,,,,,,,,,,,,,,,,,,,,,,,,,,,,,,,,,,,,,,,,,,,,,,,,,,,,,,,,,,,,,,,,,,,,,,,,,,,
S1_city,S1_city,S1_city,S1_city,S1_city,S1_city,S1_city,S1_city,S1_city,S1_city,S1_city,S1_city,S1_city,S1_city,S1_city,S1_city,S1_city,S1_city,S1_city,S1_city,S1_city,S1_city,S1_city,S1_city,S1_city,S1_city,S1_city,S1_city,S1_city,S1_city,S1_city,S1_city,S1_city,S1_city,S1_city,S1_city,S1_city,S1_city,S1_city,S1_city,S1_city,S1_city,S1_city,S1_city,S1_city,S1_city,S1_city,S1_city,S1_city,S1_city,S1_city,S1_city,S1_city,S1_city,S1_city,S1_city,S1_city,S1_city,S1_city,S1_city,S1_city,S1_city,S1_city,S1_city,S1_city,S1_city,S1_city,S1_city,S1_city,S1_city,S1_city,S1_city,S1_city,S1_city,S1_city,S1_city,S1_city,S1_city,S1_city,S1_city,S1_city,S1_city,S1_city,S1_city,S1_city,S1_city,S1_city,S1_city,S1_city,S1_city,S1_city,S1_city,S1_city,S1_city,S1_city,S1_city,S1_city,S1_city,S1_city,S1_city,S1_city,S1_city,S1_city,S1_city,S1_city,S1_city,S1_city,S1_city,S1_city,S1_city,S1_city,S1_city,S1_city,S1_city,S1_city,S1_city,S1_city,S1_city,S1_city,S1_city,S1_city,S1_city,S1_city,S1_city,S1_city,S1_city,S1_city,S1_city,S1_city,S1_city,S1_city,S1_city,S1_city,S1_city,S1_city,S1_city,S1_city,S1_city,S1_city,S1_city,S1_city,S1_city,S1_city,S1_city,S1_city,S1_city,S1_city,S1_city,S1_city,S1_city,S1_city,S1_city,S1_city,S1_city,S1_city,S1_city,S1_city,S1_city,S1_city,S1_city,S1_city,S1_city,S1_city,S1_city,S1_city,S1_city,S1_city,S1_city,S1_city,S1_city,S1_city,S1_city,S1_city,S1_city,S1_city,S1_city,S1_city,S1_city,S1_city,S1_city,S1_city,S1_city,S1_city,S1_city,S1_city,S1_city,S1_city,S1_city,S1_city,S1_city,S1_city,S1_city,S1_city,S1_city,S1_city,S1_city,S1_city,S1_city,S1_city,S1_city,S1_city,S1_city,S1_city,S1_city,S1_city,S1_city,S1_city,S1_city,S1_city,S1_city,S1_city,S1_city,S1_city,S1_city,S1_city,S1_city,S1_city,S1_city,S1_city,S1_city,S1_city,S1_city,S1_city,S1_city,S1_city,S1_city,S1_city,S1_city,S1_city
ID,auto_beat,auto_pulse,clearAllLayers,clearCA,clearLayer,reset_camera,camera_BG_subtr,mute_second_screen,invertAllLayers,take_snapshots,cursorSize,auto_beat_duration,master,CAMixingWeight,CAMixingWeight_pulse,trackMixingWeight_0,trackMixingWeight_0_pulse,trackMixingWeight_1,trackMixingWeight_1_pulse,trackMixingWeight_2,trackMixingWeight_2_pulse,trackMixingWeight_3,trackMixingWeight_3_pulse,CAMasterWeight,CAMasterWeight_pulse,trackMasterWeight_0,trackMasterWeight_0_pulse,trackMasterWeight_1,trackMasterWeight_1_pulse,trackMasterWeight_2,trackMasterWeight_2_pulse,trackMasterWeight_3,trackMasterWeight_3_pulse,echo,echo_pulse,echoNeg,echoNeg_pulse,CAdecay,CAdecay_pulse,trkDecay_0,trkDecay_0_pulse,trkDecay_1,trkDecay_1_pulse,trkDecay_2,trkDecay_2_pulse,trkDecay_3,trkDecay_3_pulse,pen_radius,pen_radius_pulse,pen_color,pen_color_pulse,pen_grey,pen_grey_pulse,pen_color_a,pen_color_a_pulse,pen_brush,pen_radius_replay,pen_radius_replay_pulse,pen_color_replay,pen_color_replay_pulse,currentDrawingTrack,currentVideoTrack,currentPhotoTrack,track_x_transl_0,track_x_transl_0_pulse,track_y_transl_0,track_y_transl_0_pulse,track_x_transl_1,track_x_transl_1_pulse,track_y_transl_1,track_y_transl_1_pulse,part_path_repop_0,part_path_repop_1,part_path_repop_2,part_path_repop_3,part_path_repop_4,part_path_repop_5,part_path_repop_6,part_path_repop_7,path_record_1,path_record_2,path_record_3,path_record_4,path_record_5,path_record_6,path_record_7,path_replay_trackNo_1,path_replay_trackNo_2,path_replay_trackNo_3,path_replay_trackNo_4,path_replay_trackNo_5,path_replay_trackNo_6,path_replay_trackNo_7,pulsed_part_Hshift,pulsed_part_Vshift,noiseScale,noiseScale_pulse,noiseType,noiseLineScale,noiseAngleScale,noiseCenterX,noiseCenterY,pixel_acc,pixel_acc_pulse,pixel_acc_shiftX,pixel_acc_shiftX_pulse,pixel_acc_shiftY,pixel_acc_shiftY_pulse,pixel_radius,pixel_radius_pulse,pixel_mode,repop_CA,repop_CA_pulse,repop_BG,repop_BG_pulse,repop_path,repop_path_pulse,repop_colorBG,repop_colorBG_pulse,repop_greyBG,repop_greyBG_pulse,repop_colorPart,repop_colorPart_pulse,repop_greyPart,repop_greyPart_pulse,repop_colorCA,repop_colorCA_pulse,repop_greyCA,repop_greyCA_pulse,cameraWB_R,cameraWB_B,cameraExposure,cameraGain,cameraBrightness,cameraSaturation,cameraContrast,cameraGamma,cameraCaptFreq,playing_movieNo,movieCaptFreq,photo_diaporama,photo_diaporama_fade,photo_diaporama_plateau,activeClipArts,playing_soundtrackNo,cameraThreshold,cameraThreshold_pulse,cameraWeight,cameraWeight_pulse,cameraSobel,cameraSobel_pulse,movieWeight,movieWeight_pulse,movieSobel,movieSobel_pulse,invertMovie,invertCamera,video_satur,video_satur_pulse,video_value,video_value_pulse,photoWeight,photoWeight_pulse,photo_satur,photo_satur_pulse,photo_value,photo_value_pulse,photoJitterAmpl,maskJitterAmpl,photo_scale,mask_scale,photo_contrast,mask_contrast,CAParams1,CAParams1_pulse,CAParams2,CAParams2_pulse,CAParams3,CAParams3_pulse,CAParams4,CAParams4_pulse,CAParams5,CAParams5_pulse,CAParams6,CAParams6_pulse,CAParams7,CAParams7_pulse,CAParams8,CAParams8_pulse,CA1Type,CA1SubType,CA2Type,CA2SubType,CA1_CA2_weight,flashTrkCA_freq_0,flashTrkCA_freq_1,flashTrkCA_freq_2,flashTrkCA_freq_3,flashCABG_freq,flashTrkBG_freq_1,flashTrkBG_freq_2,flashTrkBG_freq_3,flashPixel_freq,flashPixel_duration,flashCameraTrkLength,flashCameraTrkBright,flashCameraTrkBeat,beat_threshold,beat_delay,sound_volume,sound_min,pen_radius_pressure_coef,pen_radius_angleHor_coef,pen_radius_angleVer_coef,tracksSync,cameraCumul,CAstep,interfaceOnScreen,CAcolorSpread,freeze,sound_env_min,sound_env_max,audioInput_weight,soundtrack_weight,sensor_sample_setUp,sensor_layout,sensor_activation,sensor_vol
,0,0,0,0,0,1,1,0,0,0,3,0.5,1,1,0,1,0,0,0,0,0,0,0,0,0,0,0,0,0,0,0,0,0,0,0,0,0,0,0,0,0,0,0,0,0,0,0,1,0,0,0,1,0,1,0,0,1,0,0,0,0,1,1,0,0,0,0,0,0,0,0,0,0,0,0,0,0,0,0,0,0,0,0,0,0,0,-1,-1,-1,-1,-1,-1,-1,0,0,0.614285714,0,0,0,0.01,1.7,1.7,0,0,0.5,0,0.5,0,0,0,0,0,0,0,0,0,0,0,0,0,0,0,0,0,0,0,0,0,0,0,0,5,0,120,0,120,1,14,-1,0,-1,0.2,10,0,-1,0.2,0,0,0,0,0,0,0,0,0,0,0,0,0,0,0,0,0,0,0,1,0,0,0,1,1,0,0,0,0,0,0,0.5,0,0.571,0,0.306,0,0,0,0.236,0,0,0,3,3,0,0,1,4,0,0,0,0,0,0,0,0,0,2,1,-1,1000,330,1,0,0,0,0,0,0,15,0,1,0,40,85,0,1,0,0,5,0
,0,0,0,0,0,1,1,0,0,0,3,0.5,1,1,0,1,0,0,0,0,0,0,0,0,0,0,0,0,0,0,0,0,0,0,0,0,0,0,0,0,0,0,0,0,0,0,0,1,0,0,0,1,0,1,0,0,1,0,0,0,0,1,1,0,0,0,0,0,0,0,0,0,0,0,0,0,0,0,0,0,0,0,0,0,0,0,-1,-1,-1,-1,-1,-1,-1,0,0,0.614285714,0,0,0,0.01,1.7,1.7,0.004,0,0.5,0,0.5,0,0,0,2,0,0,0,0,0,0,0,0,0,0,0,0,0,0,0,0,0,0,0,0,5,0,120,0,120,1,14,-1,0,-1,0.2,10,0,-1,0.2,0,0,0,0,0,0,0,0,0,0,0,0,0,0,0,0,0,0,0,1,0,0,0,1,1,0,0,0,0,0,0,0.5,0,0.571,0,0.306,0,0,0,0.236,0,0,0,3,3,0,0,1,4,0,0,0,0,0,0,0,0,0,2,1,-1,1000,330,1,0,0,0,0,0,0,1,0,1,0,40,85,0,1,1,0,5,0
,k,s,s,s,s,s,s,s,s,k,s,s,s,s,s,s,s,s,s,s,s,s,s,s,s,s,s,s,s,s,s,s,s,s,s,s,s,s,s,s,s,s,s,s,s,s,s,s,s,s,s,s,s,s,s,s,s,s,s,s,s,s,s,s,s,s,s,s,s,s,s,s,s,s,s,s,s,s,s,s,s,s,s,s,s,s,s,s,s,s,s,s,s,s,s,s,s,s,s,s,s,s,L 0.98 0.02,s,s,s,s,s,s,s,L 0.97 0.03,s,s,l,s,s,s,s,s,s,s,s,s,s,s,s,s,s,s,k,k,k,k,k,k,k,k,s,s,s,s,s,s,s,s,k,s,s,s,s,s,s,s,s,s,s,s,s,s,s,s,s,s,s,s,s,s,s,s,s,s,s,s,s,s,s,s,s,s,s,s,s,s,s,s,s,s,s,s,s,s,s,s,s,s,s,s,s,s,s,s,s,s,s,s,s,s,s,s,k,k,s,s,s,s,s,L 0.0 0.3,s,s,s,k,k,s,s,L 0.8 0.2,s,s,s
/scene,,,,,,,,,,,,,,,,,,,,,,,,,,,,,,,,,,,,,,,,,,,,,,,,,,,,,,,,,,,,,,,,,,,,,,,,,,,,,,,,,,,,,,,,,,,,,,,,,,,,,,,,,,,,,,,,,,,,,,,,,,,,,,,,,,,,,,,,,,,,,,,,,,,,,,,,,,,,,,,,,,,,,,,,,,,,,,,,,,,,,,,,,,,,,,,,,,,,,,,,,,,,,,,,,,,,,,,,,,,,,,,,,,,,
scene,S2_goddesses,720,change_when_ends,to_9:30___TrkDecay_Buildings_Monst_Rad_1,to_2:00_Gods_Rad_3____to_End_dots_strokes,,,,,,,,,,,,,,,,,,,,,,,,,,,,,,,,,,,,,,,,,,,,,,,,,,,,,,,,,,,,,,,,,,,,,,,,,,,,,,,,,,,,,,,,,,,,,,,,,,,,,,,,,,,,,,,,,,,,,,,,,,,,,,,,,,,,,,,,,,,,,,,,,,,,,,,,,,,,,,,,,,,,,,,,,,,,,,,,,,,,,,,,,,,,,,,,,,,,,,,,,,,,,,,,,,,,,,,,,,,,,,,
S2_goddesses,S2_goddesses,S2_goddesses,S2_goddesses,S2_goddesses,S2_goddesses,S2_goddesses,S2_goddesses,S2_goddesses,S2_goddesses,S2_goddesses,S2_goddesses,S2_goddesses,S2_goddesses,S2_goddesses,S2_goddesses,S2_goddesses,S2_goddesses,S2_goddesses,S2_goddesses,S2_goddesses,S2_goddesses,S2_goddesses,S2_goddesses,S2_goddesses,S2_goddesses,S2_goddesses,S2_goddesses,S2_goddesses,S2_goddesses,S2_goddesses,S2_goddesses,S2_goddesses,S2_goddesses,S2_goddesses,S2_goddesses,S2_goddesses,S2_goddesses,S2_goddesses,S2_goddesses,S2_goddesses,S2_goddesses,S2_goddesses,S2_goddesses,S2_goddesses,S2_goddesses,S2_goddesses,S2_goddesses,S2_goddesses,S2_goddesses,S2_goddesses,S2_goddesses,S2_goddesses,S2_goddesses,S2_goddesses,S2_goddesses,S2_goddesses,S2_goddesses,S2_goddesses,S2_goddesses,S2_goddesses,S2_goddesses,S2_goddesses,S2_goddesses,S2_goddesses,S2_goddesses,S2_goddesses,S2_goddesses,S2_goddesses,S2_goddesses,S2_goddesses,S2_goddesses,S2_goddesses,S2_goddesses,S2_goddesses,S2_goddesses,S2_goddesses,S2_goddesses,S2_goddesses,S2_goddesses,S2_goddesses,S2_goddesses,S2_goddesses,S2_goddesses,S2_goddesses,S2_goddesses,S2_goddesses,S2_goddesses,S2_goddesses,S2_goddesses,S2_goddesses,S2_goddesses,S2_goddesses,S2_goddesses,S2_goddesses,S2_goddesses,S2_goddesses,S2_goddesses,S2_goddesses,S2_goddesses,S2_goddesses,S2_goddesses,S2_goddesses,S2_goddesses,S2_goddesses,S2_goddesses,S2_goddesses,S2_goddesses,S2_goddesses,S2_goddesses,S2_goddesses,S2_goddesses,S2_goddesses,S2_goddesses,S2_goddesses,S2_goddesses,S2_goddesses,S2_goddesses,S2_goddesses,S2_goddesses,S2_goddesses,S2_goddesses,S2_goddesses,S2_goddesses,S2_goddesses,S2_goddesses,S2_goddesses,S2_goddesses,S2_goddesses,S2_goddesses,S2_goddesses,S2_goddesses,S2_goddesses,S2_goddesses,S2_goddesses,S2_goddesses,S2_goddesses,S2_goddesses,S2_goddesses,S2_goddesses,S2_goddesses,S2_goddesses,S2_goddesses,S2_goddesses,S2_goddesses,S2_goddesses,S2_goddesses,S2_goddesses,S2_goddesses,S2_goddesses,S2_goddesses,S2_goddesses,S2_goddesses,S2_goddesses,S2_goddesses,S2_goddesses,S2_goddesses,S2_goddesses,S2_goddesses,S2_goddesses,S2_goddesses,S2_goddesses,S2_goddesses,S2_goddesses,S2_goddesses,S2_goddesses,S2_goddesses,S2_goddesses,S2_goddesses,S2_goddesses,S2_goddesses,S2_goddesses,S2_goddesses,S2_goddesses,S2_goddesses,S2_goddesses,S2_goddesses,S2_goddesses,S2_goddesses,S2_goddesses,S2_goddesses,S2_goddesses,S2_goddesses,S2_goddesses,S2_goddesses,S2_goddesses,S2_goddesses,S2_goddesses,S2_goddesses,S2_goddesses,S2_goddesses,S2_goddesses,S2_goddesses,S2_goddesses,S2_goddesses,S2_goddesses,S2_goddesses,S2_goddesses,S2_goddesses,S2_goddesses,S2_goddesses,S2_goddesses,S2_goddesses,S2_goddesses,S2_goddesses,S2_goddesses,S2_goddesses,S2_goddesses,S2_goddesses,S2_goddesses,S2_goddesses,S2_goddesses,S2_goddesses,S2_goddesses,S2_goddesses,S2_goddesses,S2_goddesses,S2_goddesses,S2_goddesses,S2_goddesses,S2_goddesses,S2_goddesses,S2_goddesses,S2_goddesses,S2_goddesses,S2_goddesses,S2_goddesses,S2_goddesses,S2_goddesses
ID,auto_beat,auto_pulse,clearAllLayers,clearCA,clearLayer,reset_camera,camera_BG_subtr,mute_second_screen,invertAllLayers,take_snapshots,cursorSize,auto_beat_duration,master,CAMixingWeight,CAMixingWeight_pulse,trackMixingWeight_0,trackMixingWeight_0_pulse,trackMixingWeight_1,trackMixingWeight_1_pulse,trackMixingWeight_2,trackMixingWeight_2_pulse,trackMixingWeight_3,trackMixingWeight_3_pulse,CAMasterWeight,CAMasterWeight_pulse,trackMasterWeight_0,trackMasterWeight_0_pulse,trackMasterWeight_1,trackMasterWeight_1_pulse,trackMasterWeight_2,trackMasterWeight_2_pulse,trackMasterWeight_3,trackMasterWeight_3_pulse,echo,echo_pulse,echoNeg,echoNeg_pulse,CAdecay,CAdecay_pulse,trkDecay_0,trkDecay_0_pulse,trkDecay_1,trkDecay_1_pulse,trkDecay_2,trkDecay_2_pulse,trkDecay_3,trkDecay_3_pulse,pen_radius,pen_radius_pulse,pen_color,pen_color_pulse,pen_grey,pen_grey_pulse,pen_color_a,pen_color_a_pulse,pen_brush,pen_radius_replay,pen_radius_replay_pulse,pen_color_replay,pen_color_replay_pulse,currentDrawingTrack,currentVideoTrack,currentPhotoTrack,track_x_transl_0,track_x_transl_0_pulse,track_y_transl_0,track_y_transl_0_pulse,track_x_transl_1,track_x_transl_1_pulse,track_y_transl_1,track_y_transl_1_pulse,part_path_repop_0,part_path_repop_1,part_path_repop_2,part_path_repop_3,part_path_repop_4,part_path_repop_5,part_path_repop_6,part_path_repop_7,path_record_1,path_record_2,path_record_3,path_record_4,path_record_5,path_record_6,path_record_7,path_replay_trackNo_1,path_replay_trackNo_2,path_replay_trackNo_3,path_replay_trackNo_4,path_replay_trackNo_5,path_replay_trackNo_6,path_replay_trackNo_7,pulsed_part_Hshift,pulsed_part_Vshift,noiseScale,noiseScale_pulse,noiseType,noiseLineScale,noiseAngleScale,noiseCenterX,noiseCenterY,pixel_acc,pixel_acc_pulse,pixel_acc_shiftX,pixel_acc_shiftX_pulse,pixel_acc_shiftY,pixel_acc_shiftY_pulse,pixel_radius,pixel_radius_pulse,pixel_mode,repop_CA,repop_CA_pulse,repop_BG,repop_BG_pulse,repop_path,repop_path_pulse,repop_colorBG,repop_colorBG_pulse,repop_greyBG,repop_greyBG_pulse,repop_colorPart,repop_colorPart_pulse,repop_greyPart,repop_greyPart_pulse,repop_colorCA,repop_colorCA_pulse,repop_greyCA,repop_greyCA_pulse,cameraWB_R,cameraWB_B,cameraExposure,cameraGain,cameraBrightness,cameraSaturation,cameraContrast,cameraGamma,cameraCaptFreq,playing_movieNo,movieCaptFreq,photo_diaporama,photo_diaporama_fade,photo_diaporama_plateau,activeClipArts,playing_soundtrackNo,cameraThreshold,cameraThreshold_pulse,cameraWeight,cameraWeight_pulse,cameraSobel,cameraSobel_pulse,movieWeight,movieWeight_pulse,movieSobel,movieSobel_pulse,invertMovie,invertCamera,video_satur,video_satur_pulse,video_value,video_value_pulse,photoWeight,photoWeight_pulse,photo_satur,photo_satur_pulse,photo_value,photo_value_pulse,photoJitterAmpl,maskJitterAmpl,photo_scale,mask_scale,photo_contrast,mask_contrast,CAParams1,CAParams1_pulse,CAParams2,CAParams2_pulse,CAParams3,CAParams3_pulse,CAParams4,CAParams4_pulse,CAParams5,CAParams5_pulse,CAParams6,CAParams6_pulse,CAParams7,CAParams7_pulse,CAParams8,CAParams8_pulse,CA1Type,CA1SubType,CA2Type,CA2SubType,CA1_CA2_weight,flashTrkCA_freq_0,flashTrkCA_freq_1,flashTrkCA_freq_2,flashTrkCA_freq_3,flashCABG_freq,flashTrkBG_freq_1,flashTrkBG_freq_2,flashTrkBG_freq_3,flashPixel_freq,flashPixel_duration,flashCameraTrkLength,flashCameraTrkBright,flashCameraTrkBeat,beat_threshold,beat_delay,sound_volume,sound_min,pen_radius_pressure_coef,pen_radius_angleHor_coef,pen_radius_angleVer_coef,tracksSync,cameraCumul,CAstep,interfaceOnScreen,CAcolorSpread,freeze,sound_env_min,sound_env_max,audioInput_weight,soundtrack_weight,sensor_sample_setUp,sensor_layout,sensor_activation,sensor_vol
,0,0,0,0,0,0,1,0,0,0,3,0.5,1,0.6,0,1,0,0,0,0,0,0,0,0,0,0,0,0,0,0,0,0,0,0,0,0,0,0,0,0,0,0,0,0,0,0,0,1,0,0,0,1,0,1,0,0,1,0,0,0,0,1,1,0,0,0,0,0,0,0,0,0,0,0,0,0,0,0,0,0,0,0,0,0,0,0,-1,-1,-1,-1,-1,-1,-1,0,0,0.614285714,0,0,0,0.01,1.7,1.7,0.004,0,0.5,0,0.5,0,0,0,2,0,0,0,0,0,0,0,0,0,0,0,0,0,0,0,0,0,0,0,0,5,0,120,0,120,1,14,-1,0,-1,0.2,10,0,-1,0.2,0,0,0,0,0,0,0,0,0,0,0,0,0,0,0,0,0,0,0,1,0,0,0,1,1,0,0,0,0,0,0,0.5,0,0.34,0,0.252,0,0,0,0,0,0,0,3,3,2,18,1,4,0,0,0,0,0,0,0,0,0,2,1,-1,1000,330,1,0,0,0,0,0,0,1,0,1,0,40,85,0,1,1,0,4,0
,0,0,0,0,0,0,1,0,0,0,3,0.5,1,0.4,0,1,0,0,0,0,0,0,0,0,0,0,0,0,0,0,0,0,0,0.8,0,0.1,0,0.003,0,0,0,0,0,0,0,0,0,1,0,0,0,1,0,1,0,0,1,0,0,0,0,1,1,0,0,0,0,0,0,0,0,0,0,0,0,0,0,0,0,0,0,0,0,0,0,0,-1,-1,-1,-1,-1,-1,-1,0,0,0.614285714,0,0,0,0.01,1.7,1.7,0,0,0.5,0,0.5,0,0,0,0,0,0,0,0,0,0,0,0,0,0,0,0,0,0,0,0,0,0,0,0,5,0,120,0,120,1,14,-1,0,-1,0.2,10,0,-1,0.2,0,0,0,0,0,0,0,0,0,0,0,0,0,0,0,0,0,0,0,1,0,0,0,1,1,0,0,0,0,0,0,0.5,0,0.34,0,0.252,0,0,0,0,0,0,0,3,3,2,18,0,4,0,0,0,0,0,0,0,0,0,2,1,-1,1000,330,1,0,50,0,0,0,0,1,0,1,0,40,85,0,1,2,0,4,0
,k,s,s,s,s,s,s,s,s,k,s,s,s,L 0.8 0.2,s,s,s,s,s,s,s,s,s,s,s,s,s,s,s,s,s,s,s,l,s,l,s,L 0.25 0.58,s,s,s,s,s,s,s,s,s,s,s,s,s,s,s,s,s,s,k,s,s,s,s,s,s,s,s,s,s,s,s,s,s,s,s,s,s,s,s,s,s,s,s,s,s,s,s,s,s,s,s,s,s,s,s,s,s,s,s,s,s,s,s,s,L 0.0 0.02,s,s,s,s,s,s,s,L 0.0 0.06,s,s,l,s,s,s,s,s,s,s,s,s,s,s,s,s,s,s,k,k,k,k,k,k,k,k,s,s,s,s,s,s,s,s,k,s,s,s,s,s,s,s,s,s,s,s,s,s,s,s,s,s,s,s,s,s,s,s,s,s,s,s,s,s,s,s,s,s,s,s,s,s,s,s,s,s,s,s,s,s,s,s,L 0.83 0.17,s,s,s,s,s,s,s,s,s,s,s,s,s,s,s,k,k,L 0.8 0.2,s,s,s,s,s,s,s,s,k,k,s,s,L 0.8 0.2,s,s,k
/scene,,,,,,,,,,,,,,,,,,,,,,,,,,,,,,,,,,,,,,,,,,,,,,,,,,,,,,,,,,,,,,,,,,,,,,,,,,,,,,,,,,,,,,,,,,,,,,,,,,,,,,,,,,,,,,,,,,,,,,,,,,,,,,,,,,,,,,,,,,,,,,,,,,,,,,,,,,,,,,,,,,,,,,,,,,,,,,,,,,,,,,,,,,,,,,,,,,,,,,,,,,,,,,,,,,,,,,,,,,,,,,,,,,,,
scene,S3_airStrike,120,change_when_ends,,,,,,,,,,,,,,,,,,,,,,,,,,,,,,,,,,,,,,,,,,,,,,,,,,,,,,,,,,,,,,,,,,,,,,,,,,,,,,,,,,,,,,,,,,,,,,,,,,,,,,,,,,,,,,,,,,,,,,,,,,,,,,,,,,,,,,,,,,,,,,,,,,,,,,,,,,,,,,,,,,,,,,,,,,,,,,,,,,,,,,,,,,,,,,,,,,,,,,,,,,,,,,,,,,,,,,,,,,,,,,,,,
S3_airStrike,S3_airStrike,S3_airStrike,S3_airStrike,S3_airStrike,S3_airStrike,S3_airStrike,S3_airStrike,S3_airStrike,S3_airStrike,S3_airStrike,S3_airStrike,S3_airStrike,S3_airStrike,S3_airStrike,S3_airStrike,S3_airStrike,S3_airStrike,S3_airStrike,S3_airStrike,S3_airStrike,S3_airStrike,S3_airStrike,S3_airStrike,S3_airStrike,S3_airStrike,S3_airStrike,S3_airStrike,S3_airStrike,S3_airStrike,S3_airStrike,S3_airStrike,S3_airStrike,S3_airStrike,S3_airStrike,S3_airStrike,S3_airStrike,S3_airStrike,S3_airStrike,S3_airStrike,S3_airStrike,S3_airStrike,S3_airStrike,S3_airStrike,S3_airStrike,S3_airStrike,S3_airStrike,S3_airStrike,S3_airStrike,S3_airStrike,S3_airStrike,S3_airStrike,S3_airStrike,S3_airStrike,S3_airStrike,S3_airStrike,S3_airStrike,S3_airStrike,S3_airStrike,S3_airStrike,S3_airStrike,S3_airStrike,S3_airStrike,S3_airStrike,S3_airStrike,S3_airStrike,S3_airStrike,S3_airStrike,S3_airStrike,S3_airStrike,S3_airStrike,S3_airStrike,S3_airStrike,S3_airStrike,S3_airStrike,S3_airStrike,S3_airStrike,S3_airStrike,S3_airStrike,S3_airStrike,S3_airStrike,S3_airStrike,S3_airStrike,S3_airStrike,S3_airStrike,S3_airStrike,S3_airStrike,S3_airStrike,S3_airStrike,S3_airStrike,S3_airStrike,S3_airStrike,S3_airStrike,S3_airStrike,S3_airStrike,S3_airStrike,S3_airStrike,S3_airStrike,S3_airStrike,S3_airStrike,S3_airStrike,S3_airStrike,S3_airStrike,S3_airStrike,S3_airStrike,S3_airStrike,S3_airStrike,S3_airStrike,S3_airStrike,S3_airStrike,S3_airStrike,S3_airStrike,S3_airStrike,S3_airStrike,S3_airStrike,S3_airStrike,S3_airStrike,S3_airStrike,S3_airStrike,S3_airStrike,S3_airStrike,S3_airStrike,S3_airStrike,S3_airStrike,S3_airStrike,S3_airStrike,S3_airStrike,S3_airStrike,S3_airStrike,S3_airStrike,S3_airStrike,S3_airStrike,S3_airStrike,S3_airStrike,S3_airStrike,S3_airStrike,S3_airStrike,S3_airStrike,S3_airStrike,S3_airStrike,S3_airStrike,S3_airStrike,S3_airStrike,S3_airStrike,S3_airStrike,S3_airStrike,S3_airStrike,S3_airStrike,S3_airStrike,S3_airStrike,S3_airStrike,S3_airStrike,S3_airStrike,S3_airStrike,S3_airStrike,S3_airStrike,S3_airStrike,S3_airStrike,S3_airStrike,S3_airStrike,S3_airStrike,S3_airStrike,S3_airStrike,S3_airStrike,S3_airStrike,S3_airStrike,S3_airStrike,S3_airStrike,S3_airStrike,S3_airStrike,S3_airStrike,S3_airStrike,S3_airStrike,S3_airStrike,S3_airStrike,S3_airStrike,S3_airStrike,S3_airStrike,S3_airStrike,S3_airStrike,S3_airStrike,S3_airStrike,S3_airStrike,S3_airStrike,S3_airStrike,S3_airStrike,S3_airStrike,S3_airStrike,S3_airStrike,S3_airStrike,S3_airStrike,S3_airStrike,S3_airStrike,S3_airStrike,S3_airStrike,S3_airStrike,S3_airStrike,S3_airStrike,S3_airStrike,S3_airStrike,S3_airStrike,S3_airStrike,S3_airStrike,S3_airStrike,S3_airStrike,S3_airStrike,S3_airStrike,S3_airStrike,S3_airStrike,S3_airStrike,S3_airStrike,S3_airStrike,S3_airStrike,S3_airStrike,S3_airStrike,S3_airStrike,S3_airStrike,S3_airStrike,S3_airStrike,S3_airStrike,S3_airStrike,S3_airStrike,S3_airStrike,S3_airStrike,S3_airStrike,S3_airStrike,S3_airStrike,S3_airStrike,S3_airStrike
ID,auto_beat,auto_pulse,clearAllLayers,clearCA,clearLayer,reset_camera,camera_BG_subtr,mute_second_screen,invertAllLayers,take_snapshots,cursorSize,auto_beat_duration,master,CAMixingWeight,CAMixingWeight_pulse,trackMixingWeight_0,trackMixingWeight_0_pulse,trackMixingWeight_1,trackMixingWeight_1_pulse,trackMixingWeight_2,trackMixingWeight_2_pulse,trackMixingWeight_3,trackMixingWeight_3_pulse,CAMasterWeight,CAMasterWeight_pulse,trackMasterWeight_0,trackMasterWeight_0_pulse,trackMasterWeight_1,trackMasterWeight_1_pulse,trackMasterWeight_2,trackMasterWeight_2_pulse,trackMasterWeight_3,trackMasterWeight_3_pulse,echo,echo_pulse,echoNeg,echoNeg_pulse,CAdecay,CAdecay_pulse,trkDecay_0,trkDecay_0_pulse,trkDecay_1,trkDecay_1_pulse,trkDecay_2,trkDecay_2_pulse,trkDecay_3,trkDecay_3_pulse,pen_radius,pen_radius_pulse,pen_color,pen_color_pulse,pen_grey,pen_grey_pulse,pen_color_a,pen_color_a_pulse,pen_brush,pen_radius_replay,pen_radius_replay_pulse,pen_color_replay,pen_color_replay_pulse,currentDrawingTrack,currentVideoTrack,currentPhotoTrack,track_x_transl_0,track_x_transl_0_pulse,track_y_transl_0,track_y_transl_0_pulse,track_x_transl_1,track_x_transl_1_pulse,track_y_transl_1,track_y_transl_1_pulse,part_path_repop_0,part_path_repop_1,part_path_repop_2,part_path_repop_3,part_path_repop_4,part_path_repop_5,part_path_repop_6,part_path_repop_7,path_record_1,path_record_2,path_record_3,path_record_4,path_record_5,path_record_6,path_record_7,path_replay_trackNo_1,path_replay_trackNo_2,path_replay_trackNo_3,path_replay_trackNo_4,path_replay_trackNo_5,path_replay_trackNo_6,path_replay_trackNo_7,pulsed_part_Hshift,pulsed_part_Vshift,noiseScale,noiseScale_pulse,noiseType,noiseLineScale,noiseAngleScale,noiseCenterX,noiseCenterY,pixel_acc,pixel_acc_pulse,pixel_acc_shiftX,pixel_acc_shiftX_pulse,pixel_acc_shiftY,pixel_acc_shiftY_pulse,pixel_radius,pixel_radius_pulse,pixel_mode,repop_CA,repop_CA_pulse,repop_BG,repop_BG_pulse,repop_path,repop_path_pulse,repop_colorBG,repop_colorBG_pulse,repop_greyBG,repop_greyBG_pulse,repop_colorPart,repop_colorPart_pulse,repop_greyPart,repop_greyPart_pulse,repop_colorCA,repop_colorCA_pulse,repop_greyCA,repop_greyCA_pulse,cameraWB_R,cameraWB_B,cameraExposure,cameraGain,cameraBrightness,cameraSaturation,cameraContrast,cameraGamma,cameraCaptFreq,playing_movieNo,movieCaptFreq,photo_diaporama,photo_diaporama_fade,photo_diaporama_plateau,activeClipArts,playing_soundtrackNo,cameraThreshold,cameraThreshold_pulse,cameraWeight,cameraWeight_pulse,cameraSobel,cameraSobel_pulse,movieWeight,movieWeight_pulse,movieSobel,movieSobel_pulse,invertMovie,invertCamera,video_satur,video_satur_pulse,video_value,video_value_pulse,photoWeight,photoWeight_pulse,photo_satur,photo_satur_pulse,photo_value,photo_value_pulse,photoJitterAmpl,maskJitterAmpl,photo_scale,mask_scale,photo_contrast,mask_contrast,CAParams1,CAParams1_pulse,CAParams2,CAParams2_pulse,CAParams3,CAParams3_pulse,CAParams4,CAParams4_pulse,CAParams5,CAParams5_pulse,CAParams6,CAParams6_pulse,CAParams7,CAParams7_pulse,CAParams8,CAParams8_pulse,CA1Type,CA1SubType,CA2Type,CA2SubType,CA1_CA2_weight,flashTrkCA_freq_0,flashTrkCA_freq_1,flashTrkCA_freq_2,flashTrkCA_freq_3,flashCABG_freq,flashTrkBG_freq_1,flashTrkBG_freq_2,flashTrkBG_freq_3,flashPixel_freq,flashPixel_duration,flashCameraTrkLength,flashCameraTrkBright,flashCameraTrkBeat,beat_threshold,beat_delay,sound_volume,sound_min,pen_radius_pressure_coef,pen_radius_angleHor_coef,pen_radius_angleVer_coef,tracksSync,cameraCumul,CAstep,interfaceOnScreen,CAcolorSpread,freeze,sound_env_min,sound_env_max,audioInput_weight,soundtrack_weight,sensor_sample_setUp,sensor_layout,sensor_activation,sensor_vol
,0,0,0,0,0,0,1,0,0,0,0,0.5,1,1,0,1,0,0,0,0,0,0,0,0,0,0,0,0,0,0,0,0,0,0.8,0,0.063,0,0,0,0,0,0,0,0,0,0,0,1,0,0,0,1,0,1,0,0,1,0,0,0,0,1,1,0,0,0,0,0,0,0,0,0,0,0,0,0,0,0,0,0,0,0,0,0,0,0,-1,-1,-1,-1,-1,-1,-1,0,0,0.602857143,0,0,0,0.01,1.7,1.7,0.019,0,0,0,0.5,0,0,0,1,0,0,0,0,0,0,0,0,0,0,0,0,0,0,0,0,0,0,0,0,5,0,120,0,120,1,14,-1,0,-1,0.2,10,0,-1,0.2,0,0,0,0,0,0,0,0,0,0,0,0,0,0,0,0,0,0,0,1,0,0,0,1,1,0,0,0,0,0,0,0.5,0,0.34,0,0.252,0,0,0,0,0,0,0,5,9,0,0,1,0,0,0,0,100,0,0,0,0,0,2,1,-1,1000,330,1,0,0,0,0,0,0,3,0,1,0,40,85,0,1,2,0,4,0
,0,0,0,0,0,0,1,0,0,0,0,0.5,1,1,0,1,0,0,0,0,0,0,0,0,0,0,0,0,0,0,0,0,0,1,0,0.007,0,0,0,-0.01,0,0,0,0,0,0,0,1,0,0,0,1,0,1,0,0,1,0,0,0,0,1,1,0,0,0,0,0,0,0,0,0,0,0,0,0,0,0,0,0,0,0,0,0,0,0,-1,-1,-1,-1,-1,-1,-1,0,0,0.602857143,0,0,0,0.01,1.7,1.7,0.006,0,0,0,0.5,0,0,0,1,0,0,0,0,0,0,0,0,0,0,0,0,0,0,0,0,0,0,0,0,5,0,120,0,120,1,14,-1,0,-1,0.2,10,0,-1,0.2,0,0,0,0,0,0,0,0,0,0,0,0,0,0,0,0,0,0,0,1,0,0,0,1,1,0,0,0,0,0,0,0.5,0,0.34,0,0.252,0,0,0,0,0,0,0,5,9,0,0,1,0,0,0,0,100,0,0,0,0,0,2,1,-1,1000,330,1,0,0,0,0,0,0,3,0,1,0,40,85,0,1,2,0,4,0
,k,s,s,s,s,s,s,s,s,k,s,s,s,s,s,s,s,s,s,s,s,s,s,s,s,s,s,s,s,s,s,s,s,l,s,l,s,s,s,l,s,s,s,s,s,s,s,s,s,s,s,s,s,s,s,s,k,s,s,s,s,s,s,s,s,s,s,s,s,s,s,s,s,s,s,s,s,s,s,s,s,s,s,s,s,s,s,s,s,s,s,s,s,s,s,s,s,s,s,s,s,s,l,s,s,s,s,s,s,s,s,s,s,s,s,s,s,s,s,s,s,s,s,s,s,s,s,s,s,k,k,k,k,k,k,k,k,s,s,s,s,s,s,s,s,k,s,s,s,s,s,s,s,s,s,s,s,s,s,s,s,s,s,s,s,s,s,s,s,s,s,s,s,s,s,s,s,s,s,s,s,s,s,s,s,s,s,s,s,s,s,s,s,s,s,s,s,s,s,s,s,s,s,s,s,s,s,s,s,k,k,s,s,s,s,s,s,s,s,s,k,k,s,s,s,s,s,k
/scene,,,,,,,,,,,,,,,,,,,,,,,,,,,,,,,,,,,,,,,,,,,,,,,,,,,,,,,,,,,,,,,,,,,,,,,,,,,,,,,,,,,,,,,,,,,,,,,,,,,,,,,,,,,,,,,,,,,,,,,,,,,,,,,,,,,,,,,,,,,,,,,,,,,,,,,,,,,,,,,,,,,,,,,,,,,,,,,,,,,,,,,,,,,,,,,,,,,,,,,,,,,,,,,,,,,,,,,,,,,,,,,,,,,,
scene,S3_smoothCA,300,change_when_ends,Character_+_hand___BG_capt,Remove_hand___BG_capt___Angels,,,,,,,,,,,,,,,,,,,,,,,,,,,,,,,,,,,,,,,,,,,,,,,,,,,,,,,,,,,,,,,,,,,,,,,,,,,,,,,,,,,,,,,,,,,,,,,,,,,,,,,,,,,,,,,,,,,,,,,,,,,,,,,,,,,,,,,,,,,,,,,,,,,,,,,,,,,,,,,,,,,,,,,,,,,,,,,,,,,,,,,,,,,,,,,,,,,,,,,,,,,,,,,,,,,,,,,,,,,,,,,
S3_smoothCA,S3_smoothCA,S3_smoothCA,S3_smoothCA,S3_smoothCA,S3_smoothCA,S3_smoothCA,S3_smoothCA,S3_smoothCA,S3_smoothCA,S3_smoothCA,S3_smoothCA,S3_smoothCA,S3_smoothCA,S3_smoothCA,S3_smoothCA,S3_smoothCA,S3_smoothCA,S3_smoothCA,S3_smoothCA,S3_smoothCA,S3_smoothCA,S3_smoothCA,S3_smoothCA,S3_smoothCA,S3_smoothCA,S3_smoothCA,S3_smoothCA,S3_smoothCA,S3_smoothCA,S3_smoothCA,S3_smoothCA,S3_smoothCA,S3_smoothCA,S3_smoothCA,S3_smoothCA,S3_smoothCA,S3_smoothCA,S3_smoothCA,S3_smoothCA,S3_smoothCA,S3_smoothCA,S3_smoothCA,S3_smoothCA,S3_smoothCA,S3_smoothCA,S3_smoothCA,S3_smoothCA,S3_smoothCA,S3_smoothCA,S3_smoothCA,S3_smoothCA,S3_smoothCA,S3_smoothCA,S3_smoothCA,S3_smoothCA,S3_smoothCA,S3_smoothCA,S3_smoothCA,S3_smoothCA,S3_smoothCA,S3_smoothCA,S3_smoothCA,S3_smoothCA,S3_smoothCA,S3_smoothCA,S3_smoothCA,S3_smoothCA,S3_smoothCA,S3_smoothCA,S3_smoothCA,S3_smoothCA,S3_smoothCA,S3_smoothCA,S3_smoothCA,S3_smoothCA,S3_smoothCA,S3_smoothCA,S3_smoothCA,S3_smoothCA,S3_smoothCA,S3_smoothCA,S3_smoothCA,S3_smoothCA,S3_smoothCA,S3_smoothCA,S3_smoothCA,S3_smoothCA,S3_smoothCA,S3_smoothCA,S3_smoothCA,S3_smoothCA,S3_smoothCA,S3_smoothCA,S3_smoothCA,S3_smoothCA,S3_smoothCA,S3_smoothCA,S3_smoothCA,S3_smoothCA,S3_smoothCA,S3_smoothCA,S3_smoothCA,S3_smoothCA,S3_smoothCA,S3_smoothCA,S3_smoothCA,S3_smoothCA,S3_smoothCA,S3_smoothCA,S3_smoothCA,S3_smoothCA,S3_smoothCA,S3_smoothCA,S3_smoothCA,S3_smoothCA,S3_smoothCA,S3_smoothCA,S3_smoothCA,S3_smoothCA,S3_smoothCA,S3_smoothCA,S3_smoothCA,S3_smoothCA,S3_smoothCA,S3_smoothCA,S3_smoothCA,S3_smoothCA,S3_smoothCA,S3_smoothCA,S3_smoothCA,S3_smoothCA,S3_smoothCA,S3_smoothCA,S3_smoothCA,S3_smoothCA,S3_smoothCA,S3_smoothCA,S3_smoothCA,S3_smoothCA,S3_smoothCA,S3_smoothCA,S3_smoothCA,S3_smoothCA,S3_smoothCA,S3_smoothCA,S3_smoothCA,S3_smoothCA,S3_smoothCA,S3_smoothCA,S3_smoothCA,S3_smoothCA,S3_smoothCA,S3_smoothCA,S3_smoothCA,S3_smoothCA,S3_smoothCA,S3_smoothCA,S3_smoothCA,S3_smoothCA,S3_smoothCA,S3_smoothCA,S3_smoothCA,S3_smoothCA,S3_smoothCA,S3_smoothCA,S3_smoothCA,S3_smoothCA,S3_smoothCA,S3_smoothCA,S3_smoothCA,S3_smoothCA,S3_smoothCA,S3_smoothCA,S3_smoothCA,S3_smoothCA,S3_smoothCA,S3_smoothCA,S3_smoothCA,S3_smoothCA,S3_smoothCA,S3_smoothCA,S3_smoothCA,S3_smoothCA,S3_smoothCA,S3_smoothCA,S3_smoothCA,S3_smoothCA,S3_smoothCA,S3_smoothCA,S3_smoothCA,S3_smoothCA,S3_smoothCA,S3_smoothCA,S3_smoothCA,S3_smoothCA,S3_smoothCA,S3_smoothCA,S3_smoothCA,S3_smoothCA,S3_smoothCA,S3_smoothCA,S3_smoothCA,S3_smoothCA,S3_smoothCA,S3_smoothCA,S3_smoothCA,S3_smoothCA,S3_smoothCA,S3_smoothCA,S3_smoothCA,S3_smoothCA,S3_smoothCA,S3_smoothCA,S3_smoothCA,S3_smoothCA,S3_smoothCA,S3_smoothCA,S3_smoothCA,S3_smoothCA,S3_smoothCA,S3_smoothCA,S3_smoothCA,S3_smoothCA,S3_smoothCA,S3_smoothCA,S3_smoothCA,S3_smoothCA,S3_smoothCA
ID,auto_beat,auto_pulse,clearAllLayers,clearCA,clearLayer,reset_camera,camera_BG_subtr,mute_second_screen,invertAllLayers,take_snapshots,cursorSize,auto_beat_duration,master,CAMixingWeight,CAMixingWeight_pulse,trackMixingWeight_0,trackMixingWeight_0_pulse,trackMixingWeight_1,trackMixingWeight_1_pulse,trackMixingWeight_2,trackMixingWeight_2_pulse,trackMixingWeight_3,trackMixingWeight_3_pulse,CAMasterWeight,CAMasterWeight_pulse,trackMasterWeight_0,trackMasterWeight_0_pulse,trackMasterWeight_1,trackMasterWeight_1_pulse,trackMasterWeight_2,trackMasterWeight_2_pulse,trackMasterWeight_3,trackMasterWeight_3_pulse,echo,echo_pulse,echoNeg,echoNeg_pulse,CAdecay,CAdecay_pulse,trkDecay_0,trkDecay_0_pulse,trkDecay_1,trkDecay_1_pulse,trkDecay_2,trkDecay_2_pulse,trkDecay_3,trkDecay_3_pulse,pen_radius,pen_radius_pulse,pen_color,pen_color_pulse,pen_grey,pen_grey_pulse,pen_color_a,pen_color_a_pulse,pen_brush,pen_radius_replay,pen_radius_replay_pulse,pen_color_replay,pen_color_replay_pulse,currentDrawingTrack,currentVideoTrack,currentPhotoTrack,track_x_transl_0,track_x_transl_0_pulse,track_y_transl_0,track_y_transl_0_pulse,track_x_transl_1,track_x_transl_1_pulse,track_y_transl_1,track_y_transl_1_pulse,part_path_repop_0,part_path_repop_1,part_path_repop_2,part_path_repop_3,part_path_repop_4,part_path_repop_5,part_path_repop_6,part_path_repop_7,path_record_1,path_record_2,path_record_3,path_record_4,path_record_5,path_record_6,path_record_7,path_replay_trackNo_1,path_replay_trackNo_2,path_replay_trackNo_3,path_replay_trackNo_4,path_replay_trackNo_5,path_replay_trackNo_6,path_replay_trackNo_7,pulsed_part_Hshift,pulsed_part_Vshift,noiseScale,noiseScale_pulse,noiseType,noiseLineScale,noiseAngleScale,noiseCenterX,noiseCenterY,pixel_acc,pixel_acc_pulse,pixel_acc_shiftX,pixel_acc_shiftX_pulse,pixel_acc_shiftY,pixel_acc_shiftY_pulse,pixel_radius,pixel_radius_pulse,pixel_mode,repop_CA,repop_CA_pulse,repop_BG,repop_BG_pulse,repop_path,repop_path_pulse,repop_colorBG,repop_colorBG_pulse,repop_greyBG,repop_greyBG_pulse,repop_colorPart,repop_colorPart_pulse,repop_greyPart,repop_greyPart_pulse,repop_colorCA,repop_colorCA_pulse,repop_greyCA,repop_greyCA_pulse,cameraWB_R,cameraWB_B,cameraExposure,cameraGain,cameraBrightness,cameraSaturation,cameraContrast,cameraGamma,cameraCaptFreq,playing_movieNo,movieCaptFreq,photo_diaporama,photo_diaporama_fade,photo_diaporama_plateau,activeClipArts,playing_soundtrackNo,cameraThreshold,cameraThreshold_pulse,cameraWeight,cameraWeight_pulse,cameraSobel,cameraSobel_pulse,movieWeight,movieWeight_pulse,movieSobel,movieSobel_pulse,invertMovie,invertCamera,video_satur,video_satur_pulse,video_value,video_value_pulse,photoWeight,photoWeight_pulse,photo_satur,photo_satur_pulse,photo_value,photo_value_pulse,photoJitterAmpl,maskJitterAmpl,photo_scale,mask_scale,photo_contrast,mask_contrast,CAParams1,CAParams1_pulse,CAParams2,CAParams2_pulse,CAParams3,CAParams3_pulse,CAParams4,CAParams4_pulse,CAParams5,CAParams5_pulse,CAParams6,CAParams6_pulse,CAParams7,CAParams7_pulse,CAParams8,CAParams8_pulse,CA1Type,CA1SubType,CA2Type,CA2SubType,CA1_CA2_weight,flashTrkCA_freq_0,flashTrkCA_freq_1,flashTrkCA_freq_2,flashTrkCA_freq_3,flashCABG_freq,flashTrkBG_freq_1,flashTrkBG_freq_2,flashTrkBG_freq_3,flashPixel_freq,flashPixel_duration,flashCameraTrkLength,flashCameraTrkBright,flashCameraTrkBeat,beat_threshold,beat_delay,sound_volume,sound_min,pen_radius_pressure_coef,pen_radius_angleHor_coef,pen_radius_angleVer_coef,tracksSync,cameraCumul,CAstep,interfaceOnScreen,CAcolorSpread,freeze,sound_env_min,sound_env_max,audioInput_weight,soundtrack_weight,sensor_sample_setUp,sensor_layout,sensor_activation,sensor_vol
,0,0,0,0,0,1,1,0,0,0,0,0.5,1,1,0,1,0,0,0,0,0,0,0,0,0,0,0,0,0,0,0,0,0,0.6,0,0.02,0,0.003,0,-0.0023,0,0,0,0,0,0,0,1,0,0,0,1,0,1,0,0,1,0,0,0,0,1,1,0,0,0,0,0,0,0,0,0,0,0,0,0,0,0,0,0,0,0,0,0,0,0,-1,-1,-1,-1,-1,-1,-1,0,0,0.008571429,0,0,0,0.01,1.7,1.7,0.019,0,0.1,0,0.5,0,0,0,1,0,0,0,0,0,0,0,0,0,0,0,0,0,0,0,0,0,0,0,0,5,0,120,0,120,1,14,-1,0,-1,0.2,10,0,-1,0.2,0,1,0,0,0,0,0,0,0,0,0,0,0,0,0,0,0,0,0,1,0,0,0,1,1,0,0,0.27,0,0,0,0.85,0,0.34,0,0.252,0,0,0,0,0,0,0,2,18,0,0,1,4,0,0,0,0,0,0,0,0,0,2,1,-1,1000,330,1,0,0,0,0,0,0,1,0,1,0,40,85,0,1,2,0,4,0
,0,0,0,0,0,1,1,0,0,0,0,0.5,1,1,0,1,0,0,0,0,0,0,0,0,0,0,0,0,0,0,0,0,0,0.92,0,0.06,0,0.05,0,-0.0023,0,0,0,0,0,0,0,1,0,0,0,1,0,1,0,0,1,0,0,0,0,1,1,0,0,0,0,0,0,0,0,0,0,0,0,0,0,0,0,0,0,0,0,0,0,0,-1,-1,-1,-1,-1,-1,-1,0,0,0.008571429,0,0,0,0.01,1.7,1.7,0.019,0,0.5,0,0.1,0,0,0,1,0,0,0,0,0,0,0,0,0,0,0,0,0,0,0,0,0,0,0,0,5,0,120,0,120,1,14,-1,0,-1,0.2,10,0,-1,0.2,0,1,0,0,0,0,0,0,0,0,0,0,0,0,0,0,0,0,0,1,0,0,0,1,1,0,0,0.27,0,0,0,0.85,0,0.34,0,0.252,0,0,0,0,0,0,0,2,18,0,0,1,4,0,0,0,0,0,0,0,0,0,2,1,-1,1000,330,1,0,0,0,0,0,0,1,0,1,0,40,85,0,1,2,0,4,0
,k,s,s,s,s,s,s,s,s,k,s,s,s,s,s,s,s,s,s,s,s,s,s,s,s,s,s,s,s,s,s,s,s,l,s,l,s,l,s,s,s,s,s,s,s,s,s,s,s,s,s,s,s,s,s,s,k,s,s,s,s,s,s,s,s,s,s,s,s,s,s,s,s,s,s,s,s,s,s,s,s,s,s,s,s,s,s,s,s,s,s,s,s,s,s,s,s,s,s,s,s,s,s,s,l,s,l,s,s,s,s,s,s,s,s,s,s,l,s,s,s,l,s,s,s,l,s,s,s,k,k,k,k,k,k,k,k,s,s,s,s,s,s,s,s,k,s,s,s,s,s,s,s,s,s,s,s,s,s,s,s,s,s,s,s,s,s,s,s,s,s,s,s,s,s,s,s,s,s,s,s,s,s,s,s,s,s,s,s,s,s,s,s,s,s,s,s,s,s,s,s,s,s,s,s,s,s,s,s,k,k,s,s,s,s,s,s,s,s,s,k,k,s,s,s,s,s,k
/scene,,,,,,,,,,,,,,,,,,,,,,,,,,,,,,,,,,,,,,,,,,,,,,,,,,,,,,,,,,,,,,,,,,,,,,,,,,,,,,,,,,,,,,,,,,,,,,,,,,,,,,,,,,,,,,,,,,,,,,,,,,,,,,,,,,,,,,,,,,,,,,,,,,,,,,,,,,,,,,,,,,,,,,,,,,,,,,,,,,,,,,,,,,,,,,,,,,,,,,,,,,,,,,,,,,,,,,,,,,,,,,,,,,,,
scene,S3_tumor,240,change_when_ends,Change_paper___Draw_ruins___BG_capt,Move___Draw_planes_and_psychopomp,,,,,,,,,,,,,,,,,,,,,,,,,,,,,,,,,,,,,,,,,,,,,,,,,,,,,,,,,,,,,,,,,,,,,,,,,,,,,,,,,,,,,,,,,,,,,,,,,,,,,,,,,,,,,,,,,,,,,,,,,,,,,,,,,,,,,,,,,,,,,,,,,,,,,,,,,,,,,,,,,,,,,,,,,,,,,,,,,,,,,,,,,,,,,,,,,,,,,,,,,,,,,,,,,,,,,,,,,,,,,,,
S3_tumor,S3_tumor,S3_tumor,S3_tumor,S3_tumor,S3_tumor,S3_tumor,S3_tumor,S3_tumor,S3_tumor,S3_tumor,S3_tumor,S3_tumor,S3_tumor,S3_tumor,S3_tumor,S3_tumor,S3_tumor,S3_tumor,S3_tumor,S3_tumor,S3_tumor,S3_tumor,S3_tumor,S3_tumor,S3_tumor,S3_tumor,S3_tumor,S3_tumor,S3_tumor,S3_tumor,S3_tumor,S3_tumor,S3_tumor,S3_tumor,S3_tumor,S3_tumor,S3_tumor,S3_tumor,S3_tumor,S3_tumor,S3_tumor,S3_tumor,S3_tumor,S3_tumor,S3_tumor,S3_tumor,S3_tumor,S3_tumor,S3_tumor,S3_tumor,S3_tumor,S3_tumor,S3_tumor,S3_tumor,S3_tumor,S3_tumor,S3_tumor,S3_tumor,S3_tumor,S3_tumor,S3_tumor,S3_tumor,S3_tumor,S3_tumor,S3_tumor,S3_tumor,S3_tumor,S3_tumor,S3_tumor,S3_tumor,S3_tumor,S3_tumor,S3_tumor,S3_tumor,S3_tumor,S3_tumor,S3_tumor,S3_tumor,S3_tumor,S3_tumor,S3_tumor,S3_tumor,S3_tumor,S3_tumor,S3_tumor,S3_tumor,S3_tumor,S3_tumor,S3_tumor,S3_tumor,S3_tumor,S3_tumor,S3_tumor,S3_tumor,S3_tumor,S3_tumor,S3_tumor,S3_tumor,S3_tumor,S3_tumor,S3_tumor,S3_tumor,S3_tumor,S3_tumor,S3_tumor,S3_tumor,S3_tumor,S3_tumor,S3_tumor,S3_tumor,S3_tumor,S3_tumor,S3_tumor,S3_tumor,S3_tumor,S3_tumor,S3_tumor,S3_tumor,S3_tumor,S3_tumor,S3_tumor,S3_tumor,S3_tumor,S3_tumor,S3_tumor,S3_tumor,S3_tumor,S3_tumor,S3_tumor,S3_tumor,S3_tumor,S3_tumor,S3_tumor,S3_tumor,S3_tumor,S3_tumor,S3_tumor,S3_tumor,S3_tumor,S3_tumor,S3_tumor,S3_tumor,S3_tumor,S3_tumor,S3_tumor,S3_tumor,S3_tumor,S3_tumor,S3_tumor,S3_tumor,S3_tumor,S3_tumor,S3_tumor,S3_tumor,S3_tumor,S3_tumor,S3_tumor,S3_tumor,S3_tumor,S3_tumor,S3_tumor,S3_tumor,S3_tumor,S3_tumor,S3_tumor,S3_tumor,S3_tumor,S3_tumor,S3_tumor,S3_tumor,S3_tumor,S3_tumor,S3_tumor,S3_tumor,S3_tumor,S3_tumor,S3_tumor,S3_tumor,S3_tumor,S3_tumor,S3_tumor,S3_tumor,S3_tumor,S3_tumor,S3_tumor,S3_tumor,S3_tumor,S3_tumor,S3_tumor,S3_tumor,S3_tumor,S3_tumor,S3_tumor,S3_tumor,S3_tumor,S3_tumor,S3_tumor,S3_tumor,S3_tumor,S3_tumor,S3_tumor,S3_tumor,S3_tumor,S3_tumor,S3_tumor,S3_tumor,S3_tumor,S3_tumor,S3_tumor,S3_tumor,S3_tumor,S3_tumor,S3_tumor,S3_tumor,S3_tumor,S3_tumor,S3_tumor,S3_tumor,S3_tumor,S3_tumor,S3_tumor,S3_tumor,S3_tumor,S3_tumor,S3_tumor,S3_tumor,S3_tumor,S3_tumor
ID,auto_beat,auto_pulse,clearAllLayers,clearCA,clearLayer,reset_camera,camera_BG_subtr,mute_second_screen,invertAllLayers,take_snapshots,cursorSize,auto_beat_duration,master,CAMixingWeight,CAMixingWeight_pulse,trackMixingWeight_0,trackMixingWeight_0_pulse,trackMixingWeight_1,trackMixingWeight_1_pulse,trackMixingWeight_2,trackMixingWeight_2_pulse,trackMixingWeight_3,trackMixingWeight_3_pulse,CAMasterWeight,CAMasterWeight_pulse,trackMasterWeight_0,trackMasterWeight_0_pulse,trackMasterWeight_1,trackMasterWeight_1_pulse,trackMasterWeight_2,trackMasterWeight_2_pulse,trackMasterWeight_3,trackMasterWeight_3_pulse,echo,echo_pulse,echoNeg,echoNeg_pulse,CAdecay,CAdecay_pulse,trkDecay_0,trkDecay_0_pulse,trkDecay_1,trkDecay_1_pulse,trkDecay_2,trkDecay_2_pulse,trkDecay_3,trkDecay_3_pulse,pen_radius,pen_radius_pulse,pen_color,pen_color_pulse,pen_grey,pen_grey_pulse,pen_color_a,pen_color_a_pulse,pen_brush,pen_radius_replay,pen_radius_replay_pulse,pen_color_replay,pen_color_replay_pulse,currentDrawingTrack,currentVideoTrack,currentPhotoTrack,track_x_transl_0,track_x_transl_0_pulse,track_y_transl_0,track_y_transl_0_pulse,track_x_transl_1,track_x_transl_1_pulse,track_y_transl_1,track_y_transl_1_pulse,part_path_repop_0,part_path_repop_1,part_path_repop_2,part_path_repop_3,part_path_repop_4,part_path_repop_5,part_path_repop_6,part_path_repop_7,path_record_1,path_record_2,path_record_3,path_record_4,path_record_5,path_record_6,path_record_7,path_replay_trackNo_1,path_replay_trackNo_2,path_replay_trackNo_3,path_replay_trackNo_4,path_replay_trackNo_5,path_replay_trackNo_6,path_replay_trackNo_7,pulsed_part_Hshift,pulsed_part_Vshift,noiseScale,noiseScale_pulse,noiseType,noiseLineScale,noiseAngleScale,noiseCenterX,noiseCenterY,pixel_acc,pixel_acc_pulse,pixel_acc_shiftX,pixel_acc_shiftX_pulse,pixel_acc_shiftY,pixel_acc_shiftY_pulse,pixel_radius,pixel_radius_pulse,pixel_mode,repop_CA,repop_CA_pulse,repop_BG,repop_BG_pulse,repop_path,repop_path_pulse,repop_colorBG,repop_colorBG_pulse,repop_greyBG,repop_greyBG_pulse,repop_colorPart,repop_colorPart_pulse,repop_greyPart,repop_greyPart_pulse,repop_colorCA,repop_colorCA_pulse,repop_greyCA,repop_greyCA_pulse,cameraWB_R,cameraWB_B,cameraExposure,cameraGain,cameraBrightness,cameraSaturation,cameraContrast,cameraGamma,cameraCaptFreq,playing_movieNo,movieCaptFreq,photo_diaporama,photo_diaporama_fade,photo_diaporama_plateau,activeClipArts,playing_soundtrackNo,cameraThreshold,cameraThreshold_pulse,cameraWeight,cameraWeight_pulse,cameraSobel,cameraSobel_pulse,movieWeight,movieWeight_pulse,movieSobel,movieSobel_pulse,invertMovie,invertCamera,video_satur,video_satur_pulse,video_value,video_value_pulse,photoWeight,photoWeight_pulse,photo_satur,photo_satur_pulse,photo_value,photo_value_pulse,photoJitterAmpl,maskJitterAmpl,photo_scale,mask_scale,photo_contrast,mask_contrast,CAParams1,CAParams1_pulse,CAParams2,CAParams2_pulse,CAParams3,CAParams3_pulse,CAParams4,CAParams4_pulse,CAParams5,CAParams5_pulse,CAParams6,CAParams6_pulse,CAParams7,CAParams7_pulse,CAParams8,CAParams8_pulse,CA1Type,CA1SubType,CA2Type,CA2SubType,CA1_CA2_weight,flashTrkCA_freq_0,flashTrkCA_freq_1,flashTrkCA_freq_2,flashTrkCA_freq_3,flashCABG_freq,flashTrkBG_freq_1,flashTrkBG_freq_2,flashTrkBG_freq_3,flashPixel_freq,flashPixel_duration,flashCameraTrkLength,flashCameraTrkBright,flashCameraTrkBeat,beat_threshold,beat_delay,sound_volume,sound_min,pen_radius_pressure_coef,pen_radius_angleHor_coef,pen_radius_angleVer_coef,tracksSync,cameraCumul,CAstep,interfaceOnScreen,CAcolorSpread,freeze,sound_env_min,sound_env_max,audioInput_weight,soundtrack_weight,sensor_sample_setUp,sensor_layout,sensor_activation,sensor_vol
,0,0,0,0,0,1,1,0,0,0,0,0.5,1,1,0,1,0,0,0,0,0,0,0,0,0,0,0,0,0,0,0,0,0,0.92,0,0.06,0,0.05,0,-0.0023,0,0,0,0,0,0,0,1,0,0,0,1,0,1,0,0,1,0,0,0,0,1,1,0,0,0,0,0,0,0,0,0,0,0,0,0,0,0,0,0,0,0,0,0,0,0,-1,-1,-1,-1,-1,-1,-1,0,0,0.008571429,0,0,0,0.01,1.7,1.7,0.019,0,0.5,0,0.1,0,0,0,1,0,0,0,0,0,0,0,0,0,0,0,0,0,0,0,0,0,0,0,0,5,0,120,0,120,1,14,-1,0,-1,0.2,10,0,-1,0.2,0,1,0,0,0,0,0,0,0,0,0,0,0,0,0,0,0,0,0,1,0,0,0,1,1,0,0,0.27,0,0.1,0,0.85,0,0.34,0,0.252,0,0,0,0,0,0,0,2,18,6,1,1,4,0,0,0,0,0,0,0,0,0,2,1,-1,1000,330,1,0,0,0,0,0,0,1,0,1,0,40,85,0,1,2,0,4,0
,0,0,0,0,0,1,1,0,0,0,0,0.5,1,0.08,0,1,0,0,0,0,0,0,0,0,0,0,0,0,0,0,0,0,0,0.92,0,0.06,0,0.014,0,0,0,0,0,0,0,0,0,1,0,0,0,1,0,1,0,0,1,0,0,0,0,1,1,0,0,0,0,0,0,0,0,0,0,0,0,0,0,0,0,0,0,0,0,0,0,0,-1,-1,-1,-1,-1,-1,-1,0,0,0.658714286,0,0,0,0.01,1.7,1.7,0.019,0,0.5,0,0.1,0,0,0,1,0,0,0,0,0,0,0,0,0,0,0,0,0,0,0,0,0,0,0,0,5,0,120,0,120,1,14,-1,0,-1,0.2,10,0,-1,0.2,0,1,0,0,0,0,0,0,0,0,0,0,0,0,0,0,0,0,0,1,0,0,0,1,1,0,0,0.5,0,0.15,0,0.85,0,0.34,0,0.252,0,0,0,0,0,0,0,2,18,6,1,0,4,0,0,0,0,0,0,0,0,0,2,1,-1,1000,330,1,0,0,0,0,0,0,1,0,1,0,40,85,0,1,2,0,4,0
,k,s,s,s,s,k,s,s,s,k,s,s,s,l,s,s,s,s,s,s,s,s,s,s,s,s,s,s,s,s,s,s,s,s,s,s,s,L 0.2 0.4,s,L 0.0 0.2,s,s,s,s,s,s,s,s,s,s,s,s,s,s,s,s,k,s,s,s,s,s,s,s,s,s,s,s,s,s,s,s,s,s,s,s,s,s,s,s,s,s,s,s,s,s,s,s,s,s,s,s,s,s,s,L 0.0 0.2,s,s,s,s,s,s,s,s,s,s,s,s,s,s,s,s,s,s,s,s,s,s,s,s,s,s,s,s,s,s,s,s,s,k,k,k,k,k,k,k,k,s,s,s,s,s,s,s,s,k,s,s,s,s,s,s,s,s,s,s,s,s,s,s,s,s,s,s,s,s,s,s,s,s,s,s,s,L 0.2 0.8,s,L 0.2 0.4,s,s,s,s,s,s,s,s,s,s,s,s,s,s,s,s,s,L 0.0 0.2,s,k,s,s,s,s,s,s,s,s,s,s,s,s,s,k,k,s,s,s,s,s,s,s,s,s,k,k,s,s,s,s,s,k
/scene,,,,,,,,,,,,,,,,,,,,,,,,,,,,,,,,,,,,,,,,,,,,,,,,,,,,,,,,,,,,,,,,,,,,,,,,,,,,,,,,,,,,,,,,,,,,,,,,,,,,,,,,,,,,,,,,,,,,,,,,,,,,,,,,,,,,,,,,,,,,,,,,,,,,,,,,,,,,,,,,,,,,,,,,,,,,,,,,,,,,,,,,,,,,,,,,,,,,,,,,,,,,,,,,,,,,,,,,,,,,,,,,,,,,
scene,final,15,prolong_when_ends,,,,,,,,,,,,,,,,,,,,,,,,,,,,,,,,,,,,,,,,,,,,,,,,,,,,,,,,,,,,,,,,,,,,,,,,,,,,,,,,,,,,,,,,,,,,,,,,,,,,,,,,,,,,,,,,,,,,,,,,,,,,,,,,,,,,,,,,,,,,,,,,,,,,,,,,,,,,,,,,,,,,,,,,,,,,,,,,,,,,,,,,,,,,,,,,,,,,,,,,,,,,,,,,,,,,,,,,,,,,,,,,,
final,final,final,final,final,final,final,final,final,final,final,final,final,final,final,final,final,final,final,final,final,final,final,final,final,final,final,final,final,final,final,final,final,final,final,final,final,final,final,final,final,final,final,final,final,final,final,final,final,final,final,final,final,final,final,final,final,final,final,final,final,final,final,final,final,final,final,final,final,final,final,final,final,final,final,final,final,final,final,final,final,final,final,final,final,final,final,final,final,final,final,final,final,final,final,final,final,final,final,final,final,final,final,final,final,final,final,final,final,final,final,final,final,final,final,final,final,final,final,final,final,final,final,final,final,final,final,final,final,final,final,final,final,final,final,final,final,final,final,final,final,final,final,final,final,final,final,final,final,final,final,final,final,final,final,final,final,final,final,final,final,final,final,final,final,final,final,final,final,final,final,final,final,final,final,final,final,final,final,final,final,final,final,final,final,final,final,final,final,final,final,final,final,final,final,final,final,final,final,final,final,final,final,final,final,final,final,final,final,final,final,final,final,final,final,final,final,final,final,final,final,final,final,final,final,final,final,final,final
ID,auto_beat,auto_pulse,clearAllLayers,clearCA,clearLayer,reset_camera,camera_BG_subtr,mute_second_screen,invertAllLayers,take_snapshots,cursorSize,auto_beat_duration,master,CAMixingWeight,CAMixingWeight_pulse,trackMixingWeight_0,trackMixingWeight_0_pulse,trackMixingWeight_1,trackMixingWeight_1_pulse,trackMixingWeight_2,trackMixingWeight_2_pulse,trackMixingWeight_3,trackMixingWeight_3_pulse,CAMasterWeight,CAMasterWeight_pulse,trackMasterWeight_0,trackMasterWeight_0_pulse,trackMasterWeight_1,trackMasterWeight_1_pulse,trackMasterWeight_2,trackMasterWeight_2_pulse,trackMasterWeight_3,trackMasterWeight_3_pulse,echo,echo_pulse,echoNeg,echoNeg_pulse,CAdecay,CAdecay_pulse,trkDecay_0,trkDecay_0_pulse,trkDecay_1,trkDecay_1_pulse,trkDecay_2,trkDecay_2_pulse,trkDecay_3,trkDecay_3_pulse,pen_radius,pen_radius_pulse,pen_color,pen_color_pulse,pen_grey,pen_grey_pulse,pen_color_a,pen_color_a_pulse,pen_brush,pen_radius_replay,pen_radius_replay_pulse,pen_color_replay,pen_color_replay_pulse,currentDrawingTrack,currentVideoTrack,currentPhotoTrack,track_x_transl_0,track_x_transl_0_pulse,track_y_transl_0,track_y_transl_0_pulse,track_x_transl_1,track_x_transl_1_pulse,track_y_transl_1,track_y_transl_1_pulse,part_path_repop_0,part_path_repop_1,part_path_repop_2,part_path_repop_3,part_path_repop_4,part_path_repop_5,part_path_repop_6,part_path_repop_7,path_record_1,path_record_2,path_record_3,path_record_4,path_record_5,path_record_6,path_record_7,path_replay_trackNo_1,path_replay_trackNo_2,path_replay_trackNo_3,path_replay_trackNo_4,path_replay_trackNo_5,path_replay_trackNo_6,path_replay_trackNo_7,pulsed_part_Hshift,pulsed_part_Vshift,noiseScale,noiseScale_pulse,noiseType,noiseLineScale,noiseAngleScale,noiseCenterX,noiseCenterY,pixel_acc,pixel_acc_pulse,pixel_acc_shiftX,pixel_acc_shiftX_pulse,pixel_acc_shiftY,pixel_acc_shiftY_pulse,pixel_radius,pixel_radius_pulse,pixel_mode,repop_CA,repop_CA_pulse,repop_BG,repop_BG_pulse,repop_path,repop_path_pulse,repop_colorBG,repop_colorBG_pulse,repop_greyBG,repop_greyBG_pulse,repop_colorPart,repop_colorPart_pulse,repop_greyPart,repop_greyPart_pulse,repop_colorCA,repop_colorCA_pulse,repop_greyCA,repop_greyCA_pulse,cameraWB_R,cameraWB_B,cameraExposure,cameraGain,cameraBrightness,cameraSaturation,cameraContrast,cameraGamma,cameraCaptFreq,playing_movieNo,movieCaptFreq,photo_diaporama,photo_diaporama_fade,photo_diaporama_plateau,activeClipArts,playing_soundtrackNo,cameraThreshold,cameraThreshold_pulse,cameraWeight,cameraWeight_pulse,cameraSobel,cameraSobel_pulse,movieWeight,movieWeight_pulse,movieSobel,movieSobel_pulse,invertMovie,invertCamera,video_satur,video_satur_pulse,video_value,video_value_pulse,photoWeight,photoWeight_pulse,photo_satur,photo_satur_pulse,photo_value,photo_value_pulse,photoJitterAmpl,maskJitterAmpl,photo_scale,mask_scale,photo_contrast,mask_contrast,CAParams1,CAParams1_pulse,CAParams2,CAParams2_pulse,CAParams3,CAParams3_pulse,CAParams4,CAParams4_pulse,CAParams5,CAParams5_pulse,CAParams6,CAParams6_pulse,CAParams7,CAParams7_pulse,CAParams8,CAParams8_pulse,CA1Type,CA1SubType,CA2Type,CA2SubType,CA1_CA2_weight,flashTrkCA_freq_0,flashTrkCA_freq_1,flashTrkCA_freq_2,flashTrkCA_freq_3,flashCABG_freq,flashTrkBG_freq_1,flashTrkBG_freq_2,flashTrkBG_freq_3,flashPixel_freq,flashPixel_duration,flashCameraTrkLength,flashCameraTrkBright,flashCameraTrkBeat,beat_threshold,beat_delay,sound_volume,sound_min,pen_radius_pressure_coef,pen_radius_angleHor_coef,pen_radius_angleVer_coef,tracksSync,cameraCumul,CAstep,interfaceOnScreen,CAcolorSpread,freeze,sound_env_min,sound_env_max,audioInput_weight,soundtrack_weight,sensor_sample_setUp,sensor_layout,sensor_activation,sensor_vol
,0,0,0,0,0,1,1,0,0,0,0,0.5,1,1,0,1,0,0,0,0,0,0,0,0,0,0,0,0,0,0,0,0,0,0.6,0,0.02,0,0,0,0,0,0,0,0,0,0,0,1,0,0,0,0,0,1,0,1,1,3,0,0,0,1,1,0,0,0,0,0,0,0,0,0,0,0,0,0,0,0,0,0,0,0,0,0,0,0,-1,-1,-1,-1,-1,-1,-1,0,0,0.658714286,0,0,0,0.01,1.7,1.7,0.019,0,0.5,0,0.5,0,0,0,1,0,0,0,0,0,0,0,0,0,0,0,0,0,0,0,0,0,0,0,0,5,0,120,0,120,1,14,-1,0,-1,0.2,10,0,-1,0.2,0,0,0,0,0,0,0,0,0,0,0,0,0,0,0,0,0,0,0,1,0,0,0,1,1,0,0,0.85,0,0.9,0,0.75,0,0.34,0,0.252,0,0,0,0,0,0,0,2,3,0,0,1,4,0,0,0,0,0,0,0,0,0,2,1,-1,1000,330,1,0,8,8,8,0,0,1,0,1,0,40,85,0,1,0.1,0,4,0
,0,0,0,0,0,1,1,0,0,0,0,0.5,0,1,0,1,0,0,0,0,0,0,0,0,0,0,0,0,0,0,0,0,0,0.6,0,0.02,0,0,0,0,0,0,0,0,0,0,0,1,0,0,0,0,0,1,0,1,1,3,0,0,0,1,1,0,0,0,0,0,0,0,0,0,0,0,0,0,0,0,0,0,0,0,0,0,0,0,-1,-1,-1,-1,-1,-1,-1,0,0,0.658714286,0,0,0,0.01,1.7,1.7,0.019,0,0.5,0,0.5,0,0,0,1,0,0,0,0,0,0,0,0,0,0,0,0,0,0,0,0,0,0,0,0,5,0,120,0,120,1,14,-1,0,-1,0.2,10,0,-1,0.2,0,0,0,0,0,0,0,0,0,0,0,0,0,0,0,0,0,0,0,1,0,0,0,1,1,0,0,0.85,0,0.9,0,0.75,0,0.34,0,0.252,0,0,0,0,0,0,0,2,3,0,0,1,4,0,0,0,0,0,0,0,0,0,2,1,-1,1000,330,1,0,8,8,8,0,0,1,0,1,0,40,85,0,1,0.1,0,4,0
,k,s,s,s,s,s,s,s,s,k,s,s,L 0.66 0.34,s,s,s,s,s,s,s,s,s,s,s,s,s,s,s,s,s,s,s,s,s,s,s,s,s,s,s,s,s,s,s,s,s,s,s,s,s,s,s,s,s,s,s,k,s,s,s,s,s,s,s,s,s,s,s,s,s,s,s,s,s,s,s,s,s,s,s,s,s,s,s,s,s,s,s,s,s,s,s,s,s,s,s,s,s,s,s,s,s,s,s,s,s,s,s,s,s,s,s,s,s,s,s,s,s,s,s,s,s,s,s,s,s,s,s,s,k,k,k,k,k,k,k,k,s,s,s,s,s,s,s,s,k,s,s,s,s,s,s,s,s,s,s,s,s,s,s,s,s,s,s,s,s,s,s,s,s,s,s,s,s,s,s,s,s,s,s,s,s,s,s,s,s,s,s,s,s,s,s,s,s,s,k,s,s,s,s,s,s,s,s,s,s,s,s,k,k,k,s,s,s,s,s,s,s,s,k,k,k,s,s,s,s,s,k
/scene,,,,,,,,,,,,,,,,,,,,,,,,,,,,,,,,,,,,,,,,,,,,,,,,,,,,,,,,,,,,,,,,,,,,,,,,,,,,,,,,,,,,,,,,,,,,,,,,,,,,,,,,,,,,,,,,,,,,,,,,,,,,,,,,,,,,,,,,,,,,,,,,,,,,,,,,,,,,,,,,,,,,,,,,,,,,,,,,,,,,,,,,,,,,,,,,,,,,,,,,,,,,,,,,,,,,,,,,,,,,,,,,,,,,
/scenario,,,,,,,,,,,,,,,,,,,,,,,,,,,,,,,,,,,,,,,,,,,,,,,,,,,,,,,,,,,,,,,,,,,,,,,,,,,,,,,,,,,,,,,,,,,,,,,,,,,,,,,,,,,,,,,,,,,,,,,,,,,,,,,,,,,,,,,,,,,,,,,,,,,,,,,,,,,,,,,,,,,,,,,,,,,,,,,,,,,,,,,,,,,,,,,,,,,,,,,,,,,,,,,,,,,,,,,,,,,,,,,,,,,,
videos,6,,,,,,,,,,,,,,,,,,,,,,,,,,,,,,,,,,,,,,,,,,,,,,,,,,,,,,,,,,,,,,,,,,,,,,,,,,,,,,,,,,,,,,,,,,,,,,,,,,,,,,,,,,,,,,,,,,,,,,,,,,,,,,,,,,,,,,,,,,,,,,,,,,,,,,,,,,,,,,,,,,,,,,,,,,,,,,,,,,,,,,,,,,,,,,,,,,,,,,,,,,,,,,,,,,,,,,,,,,,,,,,,,,,
movie,effe/effe_zipper.mp4,,,,,,,,,,,,,,,,,,,,,,,,,,,,,,,,,,,,,,,,,,,,,,,,,,,,,,,,,,,,,,,,,,,,,,,,,,,,,,,,,,,,,,,,,,,,,,,,,,,,,,,,,,,,,,,,,,,,,,,,,,,,,,,,,,,,,,,,,,,,,,,,,,,,,,,,,,,,,,,,,,,,,,,,,,,,,,,,,,,,,,,,,,,,,,,,,,,,,,,,,,,,,,,,,,,,,,,,,,,,,,,,,,,
movie,effe/Double41-47.mp4,,,,,,,,,,,,,,,,,,,,,,,,,,,,,,,,,,,,,,,,,,,,,,,,,,,,,,,,,,,,,,,,,,,,,,,,,,,,,,,,,,,,,,,,,,,,,,,,,,,,,,,,,,,,,,,,,,,,,,,,,,,,,,,,,,,,,,,,,,,,,,,,,,,,,,,,,,,,,,,,,,,,,,,,,,,,,,,,,,,,,,,,,,,,,,,,,,,,,,,,,,,,,,,,,,,,,,,,,,,,,,,,,,,
movie,effe/effe_mountain.mp4,,,,,,,,,,,,,,,,,,,,,,,,,,,,,,,,,,,,,,,,,,,,,,,,,,,,,,,,,,,,,,,,,,,,,,,,,,,,,,,,,,,,,,,,,,,,,,,,,,,,,,,,,,,,,,,,,,,,,,,,,,,,,,,,,,,,,,,,,,,,,,,,,,,,,,,,,,,,,,,,,,,,,,,,,,,,,,,,,,,,,,,,,,,,,,,,,,,,,,,,,,,,,,,,,,,,,,,,,,,,,,,,,,,
movie,effe/birds.mp4,,,,,,,,,,,,,,,,,,,,,,,,,,,,,,,,,,,,,,,,,,,,,,,,,,,,,,,,,,,,,,,,,,,,,,,,,,,,,,,,,,,,,,,,,,,,,,,,,,,,,,,,,,,,,,,,,,,,,,,,,,,,,,,,,,,,,,,,,,,,,,,,,,,,,,,,,,,,,,,,,,,,,,,,,,,,,,,,,,,,,,,,,,,,,,,,,,,,,,,,,,,,,,,,,,,,,,,,,,,,,,,,,,,
movie,effe/Anamnesis43.mp4,,,,,,,,,,,,,,,,,,,,,,,,,,,,,,,,,,,,,,,,,,,,,,,,,,,,,,,,,,,,,,,,,,,,,,,,,,,,,,,,,,,,,,,,,,,,,,,,,,,,,,,,,,,,,,,,,,,,,,,,,,,,,,,,,,,,,,,,,,,,,,,,,,,,,,,,,,,,,,,,,,,,,,,,,,,,,,,,,,,,,,,,,,,,,,,,,,,,,,,,,,,,,,,,,,,,,,,,,,,,,,,,,,,
movie,effe/werecord43.mp4,,,,,,,,,,,,,,,,,,,,,,,,,,,,,,,,,,,,,,,,,,,,,,,,,,,,,,,,,,,,,,,,,,,,,,,,,,,,,,,,,,,,,,,,,,,,,,,,,,,,,,,,,,,,,,,,,,,,,,,,,,,,,,,,,,,,,,,,,,,,,,,,,,,,,,,,,,,,,,,,,,,,,,,,,,,,,,,,,,,,,,,,,,,,,,,,,,,,,,,,,,,,,,,,,,,,,,,,,,,,,,,,,,,
/videos,,,,,,,,,,,,,,,,,,,,,,,,,,,,,,,,,,,,,,,,,,,,,,,,,,,,,,,,,,,,,,,,,,,,,,,,,,,,,,,,,,,,,,,,,,,,,,,,,,,,,,,,,,,,,,,,,,,,,,,,,,,,,,,,,,,,,,,,,,,,,,,,,,,,,,,,,,,,,,,,,,,,,,,,,,,,,,,,,,,,,,,,,,,,,,,,,,,,,,,,,,,,,,,,,,,,,,,,,,,,,,,,,,,,
photos,1,,,,,,,,,,,,,,,,,,,,,,,,,,,,,,,,,,,,,,,,,,,,,,,,,,,,,,,,,,,,,,,,,,,,,,,,,,,,,,,,,,,,,,,,,,,,,,,,,,,,,,,,,,,,,,,,,,,,,,,,,,,,,,,,,,,,,,,,,,,,,,,,,,,,,,,,,,,,,,,,,,,,,,,,,,,,,,,,,,,,,,,,,,,,,,,,,,,,,,,,,,,,,,,,,,,,,,,,,,,,,,,,,,,
album,captures,,,,,,,,,,,,,,,,,,,,,,,,,,,,,,,,,,,,,,,,,,,,,,,,,,,,,,,,,,,,,,,,,,,,,,,,,,,,,,,,,,,,,,,,,,,,,,,,,,,,,,,,,,,,,,,,,,,,,,,,,,,,,,,,,,,,,,,,,,,,,,,,,,,,,,,,,,,,,,,,,,,,,,,,,,,,,,,,,,,,,,,,,,,,,,,,,,,,,,,,,,,,,,,,,,,,,,,,,,,,,,,,,,,
/photos,,,,,,,,,,,,,,,,,,,,,,,,,,,,,,,,,,,,,,,,,,,,,,,,,,,,,,,,,,,,,,,,,,,,,,,,,,,,,,,,,,,,,,,,,,,,,,,,,,,,,,,,,,,,,,,,,,,,,,,,,,,,,,,,,,,,,,,,,,,,,,,,,,,,,,,,,,,,,,,,,,,,,,,,,,,,,,,,,,,,,,,,,,,,,,,,,,,,,,,,,,,,,,,,,,,,,,,,,,,,,,,,,,,,
soundtracks,5,,,,,,,,,,,,,,,,,,,,,,,,,,,,,,,,,,,,,,,,,,,,,,,,,,,,,,,,,,,,,,,,,,,,,,,,,,,,,,,,,,,,,,,,,,,,,,,,,,,,,,,,,,,,,,,,,,,,,,,,,,,,,,,,,,,,,,,,,,,,,,,,,,,,,,,,,,,,,,,,,,,,,,,,,,,,,,,,,,,,,,,,,,,,,,,,,,,,,,,,,,,,,,,,,,,,,,,,,,,,,,,,,,,
track,effe/effe-yourface-2.wav,Yface,,,,,,,,,,,,,,,,,,,,,,,,,,,,,,,,,,,,,,,,,,,,,,,,,,,,,,,,,,,,,,,,,,,,,,,,,,,,,,,,,,,,,,,,,,,,,,,,,,,,,,,,,,,,,,,,,,,,,,,,,,,,,,,,,,,,,,,,,,,,,,,,,,,,,,,,,,,,,,,,,,,,,,,,,,,,,,,,,,,,,,,,,,,,,,,,,,,,,,,,,,,,,,,,,,,,,,,,,,,,,,,,,,
track,effe/effe-psychopomp-2.wav,Psy,,,,,,,,,,,,,,,,,,,,,,,,,,,,,,,,,,,,,,,,,,,,,,,,,,,,,,,,,,,,,,,,,,,,,,,,,,,,,,,,,,,,,,,,,,,,,,,,,,,,,,,,,,,,,,,,,,,,,,,,,,,,,,,,,,,,,,,,,,,,,,,,,,,,,,,,,,,,,,,,,,,,,,,,,,,,,,,,,,,,,,,,,,,,,,,,,,,,,,,,,,,,,,,,,,,,,,,,,,,,,,,,,,
track,effe/effe-temptation-2.wav,Tem,,,,,,,,,,,,,,,,,,,,,,,,,,,,,,,,,,,,,,,,,,,,,,,,,,,,,,,,,,,,,,,,,,,,,,,,,,,,,,,,,,,,,,,,,,,,,,,,,,,,,,,,,,,,,,,,,,,,,,,,,,,,,,,,,,,,,,,,,,,,,,,,,,,,,,,,,,,,,,,,,,,,,,,,,,,,,,,,,,,,,,,,,,,,,,,,,,,,,,,,,,,,,,,,,,,,,,,,,,,,,,,,,,
track,effe/effe-caring-2.wav,Car,,,,,,,,,,,,,,,,,,,,,,,,,,,,,,,,,,,,,,,,,,,,,,,,,,,,,,,,,,,,,,,,,,,,,,,,,,,,,,,,,,,,,,,,,,,,,,,,,,,,,,,,,,,,,,,,,,,,,,,,,,,,,,,,,,,,,,,,,,,,,,,,,,,,,,,,,,,,,,,,,,,,,,,,,,,,,,,,,,,,,,,,,,,,,,,,,,,,,,,,,,,,,,,,,,,,,,,,,,,,,,,,,,
track,effe/effe-mercy-2.wav,Mer,,,,,,,,,,,,,,,,,,,,,,,,,,,,,,,,,,,,,,,,,,,,,,,,,,,,,,,,,,,,,,,,,,,,,,,,,,,,,,,,,,,,,,,,,,,,,,,,,,,,,,,,,,,,,,,,,,,,,,,,,,,,,,,,,,,,,,,,,,,,,,,,,,,,,,,,,,,,,,,,,,,,,,,,,,,,,,,,,,,,,,,,,,,,,,,,,,,,,,,,,,,,,,,,,,,,,,,,,,,,,,,,,,
/soundtracks,,,,,,,,,,,,,,,,,,,,,,,,,,,,,,,,,,,,,,,,,,,,,,,,,,,,,,,,,,,,,,,,,,,,,,,,,,,,,,,,,,,,,,,,,,,,,,,,,,,,,,,,,,,,,,,,,,,,,,,,,,,,,,,,,,,,,,,,,,,,,,,,,,,,,,,,,,,,,,,,,,,,,,,,,,,,,,,,,,,,,,,,,,,,,,,,,,,,,,,,,,,,,,,,,,,,,,,,,,,,,,,,,,,,
svg_paths,3,path_No,track_No,radius,color_r,color_g,color_b,readSpeedScale,,,,,,,,,,,,,,,,,,,,,,,,,,,,,,,,,,,,,,,,,,,,,,,,,,,,,,,,,,,,,,,,,,,,,,,,,,,,,,,,,,,,,,,,,,,,,,,,,,,,,,,,,,,,,,,,,,,,,,,,,,,,,,,,,,,,,,,,,,,,,,,,,,,,,,,,,,,,,,,,,,,,,,,,,,,,,,,,,,,,,,,,,,,,,,,,,,,,,,,,,,,,,,,,,,,,,,,,,,,,
svg_path,Malaussena/les_ateliers_portatifs_Moteur.svg,1,0,1,1,1,1,1,,,,,,,,,,,,,,,,,,,,,,,,,,,,,,,,,,,,,,,,,,,,,,,,,,,,,,,,,,,,,,,,,,,,,,,,,,,,,,,,,,,,,,,,,,,,,,,,,,,,,,,,,,,,,,,,,,,,,,,,,,,,,,,,,,,,,,,,,,,,,,,,,,,,,,,,,,,,,,,,,,,,,,,,,,,,,,,,,,,,,,,,,,,,,,,,,,,,,,,,,,,,,,,,,,,,,,,,,,,,
svg_path,Malaussena/les_ateliers_portatifs_Sustain.svg,2,0,30,1,1,1,1,,,,,,,,,,,,,,,,,,,,,,,,,,,,,,,,,,,,,,,,,,,,,,,,,,,,,,,,,,,,,,,,,,,,,,,,,,,,,,,,,,,,,,,,,,,,,,,,,,,,,,,,,,,,,,,,,,,,,,,,,,,,,,,,,,,,,,,,,,,,,,,,,,,,,,,,,,,,,,,,,,,,,,,,,,,,,,,,,,,,,,,,,,,,,,,,,,,,,,,,,,,,,,,,,,,,,,,,,,,,
svg_path,Malaussena/les_ateliers_portatifs_Doppler.svg,3,0,1,1,1,1,1,,,,,,,,,,,,,,,,,,,,,,,,,,,,,,,,,,,,,,,,,,,,,,,,,,,,,,,,,,,,,,,,,,,,,,,,,,,,,,,,,,,,,,,,,,,,,,,,,,,,,,,,,,,,,,,,,,,,,,,,,,,,,,,,,,,,,,,,,,,,,,,,,,,,,,,,,,,,,,,,,,,,,,,,,,,,,,,,,,,,,,,,,,,,,,,,,,,,,,,,,,,,,,,,,,,,,,,,,,,,
/svg_paths,,,,,,,,,,,,,,,,,,,,,,,,,,,,,,,,,,,,,,,,,,,,,,,,,,,,,,,,,,,,,,,,,,,,,,,,,,,,,,,,,,,,,,,,,,,,,,,,,,,,,,,,,,,,,,,,,,,,,,,,,,,,,,,,,,,,,,,,,,,,,,,,,,,,,,,,,,,,,,,,,,,,,,,,,,,,,,,,,,,,,,,,,,,,,,,,,,,,,,,,,,,,,,,,,,,,,,,,,,,,,,,,,,,,
svg_clip_arts,0,nb_layers,scale,translation_x,translation_y,rotation,color,,,,,,,,,,,,,,,,,,,,,,,,,,,,,,,,,,,,,,,,,,,,,,,,,,,,,,,,,,,,,,,,,,,,,,,,,,,,,,,,,,,,,,,,,,,,,,,,,,,,,,,,,,,,,,,,,,,,,,,,,,,,,,,,,,,,,,,,,,,,,,,,,,,,,,,,,,,,,,,,,,,,,,,,,,,,,,,,,,,,,,,,,,,,,,,,,,,,,,,,,,,,,,,,,,,,,,,,,,,,,
/svg_clip_arts,,,,,,,,,,,,,,,,,,,,,,,,,,,,,,,,,,,,,,,,,,,,,,,,,,,,,,,,,,,,,,,,,,,,,,,,,,,,,,,,,,,,,,,,,,,,,,,,,,,,,,,,,,,,,,,,,,,,,,,,,,,,,,,,,,,,,,,,,,,,,,,,,,,,,,,,,,,,,,,,,,,,,,,,,,,,,,,,,,,,,,,,,,,,,,,,,,,,,,,,,,,,,,,,,,,,,,,,,,,,,,,,,,,,
textures,6,suffix,usage,rank,dimension,nb_3D_textures,size_x,size_y,nb_bytes_per_pixel,is_rectangle,invert,,,,,,,,,,,,,,,,,,,,,,,,,,,,,,,,,,,,,,,,,,,,,,,,,,,,,,,,,,,,,,,,,,,,,,,,,,,,,,,,,,,,,,,,,,,,,,,,,,,,,,,,,,,,,,,,,,,,,,,,,,,,,,,,,,,,,,,,,,,,,,,,,,,,,,,,,,,,,,,,,,,,,,,,,,,,,,,,,,,,,,,,,,,,,,,,,,,,,,,,,,,,,,,,,,,,,,,,,
texture,LYMlogo,.png,logo,1,2,1,1024,768,4,true,false,,,,,,,,,,,,,,,,,,,,,,,,,,,,,,,,,,,,,,,,,,,,,,,,,,,,,,,,,,,,,,,,,,,,,,,,,,,,,,,,,,,,,,,,,,,,,,,,,,,,,,,,,,,,,,,,,,,,,,,,,,,,,,,,,,,,,,,,,,,,,,,,,,,,,,,,,,,,,,,,,,,,,,,,,,,,,,,,,,,,,,,,,,,,,,,,,,,,,,,,,,,,,,,,,,,,,,,,,
texture,sensor.v2,.png,sensor,1,2,1,100,100,4,true,false,,,,,,,,,,,,,,,,,,,,,,,,,,,,,,,,,,,,,,,,,,,,,,,,,,,,,,,,,,,,,,,,,,,,,,,,,,,,,,,,,,,,,,,,,,,,,,,,,,,,,,,,,,,,,,,,,,,,,,,,,,,,,,,,,,,,,,,,,,,,,,,,,,,,,,,,,,,,,,,,,,,,,,,,,,,,,,,,,,,,,,,,,,,,,,,,,,,,,,,,,,,,,,,,,,,,,,,,,
texture,Noise_voluspa_3D,.png,noise,1,3,2,2048,1024,4,true,true,,,,,,,,,,,,,,,,,,,,,,,,,,,,,,,,,,,,,,,,,,,,,,,,,,,,,,,,,,,,,,,,,,,,,,,,,,,,,,,,,,,,,,,,,,,,,,,,,,,,,,,,,,,,,,,,,,,,,,,,,,,,,,,,,,,,,,,,,,,,,,,,,,,,,,,,,,,,,,,,,,,,,,,,,,,,,,,,,,,,,,,,,,,,,,,,,,,,,,,,,,,,,,,,,,,,,,,,,
texture,brushes/Pen_demo_3D,.png,brush,1,3,3,2048,2048,4,true,true,,,,,,,,,,,,,,,,,,,,,,,,,,,,,,,,,,,,,,,,,,,,,,,,,,,,,,,,,,,,,,,,,,,,,,,,,,,,,,,,,,,,,,,,,,,,,,,,,,,,,,,,,,,,,,,,,,,,,,,,,,,,,,,,,,,,,,,,,,,,,,,,,,,,,,,,,,,,,,,,,,,,,,,,,,,,,,,,,,,,,,,,,,,,,,,,,,,,,,,,,,,,,,,,,,,,,,,,,
texture,comet,.png,curve_particle,1,2,1,512,256,4,false,false,,,,,,,,,,,,,,,,,,,,,,,,,,,,,,,,,,,,,,,,,,,,,,,,,,,,,,,,,,,,,,,,,,,,,,,,,,,,,,,,,,,,,,,,,,,,,,,,,,,,,,,,,,,,,,,,,,,,,,,,,,,,,,,,,,,,,,,,,,,,,,,,,,,,,,,,,,,,,,,,,,,,,,,,,,,,,,,,,,,,,,,,,,,,,,,,,,,,,,,,,,,,,,,,,,,,,,,,,
texture,blurredDisk,.png,splat_particle,1,2,1,256,256,4,false,false,,,,,,,,,,,,,,,,,,,,,,,,,,,,,,,,,,,,,,,,,,,,,,,,,,,,,,,,,,,,,,,,,,,,,,,,,,,,,,,,,,,,,,,,,,,,,,,,,,,,,,,,,,,,,,,,,,,,,,,,,,,,,,,,,,,,,,,,,,,,,,,,,,,,,,,,,,,,,,,,,,,,,,,,,,,,,,,,,,,,,,,,,,,,,,,,,,,,,,,,,,,,,,,,,,,,,,,,,
/textures,,,,,,,,,,,,,,,,,,,,,,,,,,,,,,,,,,,,,,,,,,,,,,,,,,,,,,,,,,,,,,,,,,,,,,,,,,,,,,,,,,,,,,,,,,,,,,,,,,,,,,,,,,,,,,,,,,,,,,,,,,,,,,,,,,,,,,,,,,,,,,,,,,,,,,,,,,,,,,,,,,,,,,,,,,,,,,,,,,,,,,,,,,,,,,,,,,,,,,,,,,,,,,,,,,,,,,,,,,,,,,,,,,,,
palette_colors,7,,,,,,,,,,,,,,,,,,,,,,,,,,,,,,,,,,,,,,,,,,,,,,,,,,,,,,,,,,,,,,,,,,,,,,,,,,,,,,,,,,,,,,,,,,,,,,,,,,,,,,,,,,,,,,,,,,,,,,,,,,,,,,,,,,,,,,,,,,,,,,,,,,,,,,,,,,,,,,,,,,,,,,,,,,,,,,,,,,,,,,,,,,,,,,,,,,,,,,,,,,,,,,,,,,,,,,,,,,,,,,,,,,,
red_grenade_fruit,247,93,57,205,42,23,232,91,107,,,,,,,,,,,,,,,,,,,,,,,,,,,,,,,,,,,,,,,,,,,,,,,,,,,,,,,,,,,,,,,,,,,,,,,,,,,,,,,,,,,,,,,,,,,,,,,,,,,,,,,,,,,,,,,,,,,,,,,,,,,,,,,,,,,,,,,,,,,,,,,,,,,,,,,,,,,,,,,,,,,,,,,,,,,,,,,,,,,,,,,,,,,,,,,,,,,,,,,,,,,,,,,,,,,,,,,,,,,
sun,237,222,16,247,78,9,222,80,103,,,,,,,,,,,,,,,,,,,,,,,,,,,,,,,,,,,,,,,,,,,,,,,,,,,,,,,,,,,,,,,,,,,,,,,,,,,,,,,,,,,,,,,,,,,,,,,,,,,,,,,,,,,,,,,,,,,,,,,,,,,,,,,,,,,,,,,,,,,,,,,,,,,,,,,,,,,,,,,,,,,,,,,,,,,,,,,,,,,,,,,,,,,,,,,,,,,,,,,,,,,,,,,,,,,,,,,,,,,
green_leaves,81,200,12,161,217,45,249,160,32,,,,,,,,,,,,,,,,,,,,,,,,,,,,,,,,,,,,,,,,,,,,,,,,,,,,,,,,,,,,,,,,,,,,,,,,,,,,,,,,,,,,,,,,,,,,,,,,,,,,,,,,,,,,,,,,,,,,,,,,,,,,,,,,,,,,,,,,,,,,,,,,,,,,,,,,,,,,,,,,,,,,,,,,,,,,,,,,,,,,,,,,,,,,,,,,,,,,,,,,,,,,,,,,,,,,,,,,,,,
purples,200,51,255,98,17,209,183,47,66,,,,,,,,,,,,,,,,,,,,,,,,,,,,,,,,,,,,,,,,,,,,,,,,,,,,,,,,,,,,,,,,,,,,,,,,,,,,,,,,,,,,,,,,,,,,,,,,,,,,,,,,,,,,,,,,,,,,,,,,,,,,,,,,,,,,,,,,,,,,,,,,,,,,,,,,,,,,,,,,,,,,,,,,,,,,,,,,,,,,,,,,,,,,,,,,,,,,,,,,,,,,,,,,,,,,,,,,,,,
oranges,255,85,33,255,52,19,218,0,77,,,,,,,,,,,,,,,,,,,,,,,,,,,,,,,,,,,,,,,,,,,,,,,,,,,,,,,,,,,,,,,,,,,,,,,,,,,,,,,,,,,,,,,,,,,,,,,,,,,,,,,,,,,,,,,,,,,,,,,,,,,,,,,,,,,,,,,,,,,,,,,,,,,,,,,,,,,,,,,,,,,,,,,,,,,,,,,,,,,,,,,,,,,,,,,,,,,,,,,,,,,,,,,,,,,,,,,,,,,
greens,11,255,123,0,176,119,64,218,255,,,,,,,,,,,,,,,,,,,,,,,,,,,,,,,,,,,,,,,,,,,,,,,,,,,,,,,,,,,,,,,,,,,,,,,,,,,,,,,,,,,,,,,,,,,,,,,,,,,,,,,,,,,,,,,,,,,,,,,,,,,,,,,,,,,,,,,,,,,,,,,,,,,,,,,,,,,,,,,,,,,,,,,,,,,,,,,,,,,,,,,,,,,,,,,,,,,,,,,,,,,,,,,,,,,,,,,,,,,
blue_abyss,21,37,159,87,66,167,4,134,132,,,,,,,,,,,,,,,,,,,,,,,,,,,,,,,,,,,,,,,,,,,,,,,,,,,,,,,,,,,,,,,,,,,,,,,,,,,,,,,,,,,,,,,,,,,,,,,,,,,,,,,,,,,,,,,,,,,,,,,,,,,,,,,,,,,,,,,,,,,,,,,,,,,,,,,,,,,,,,,,,,,,,,,,,,,,,,,,,,,,,,,,,,,,,,,,,,,,,,,,,,,,,,,,,,,,,,,,,,,
/palette_colors,,,,,,,,,,,,,,,,,,,,,,,,,,,,,,,,,,,,,,,,,,,,,,,,,,,,,,,,,,,,,,,,,,,,,,,,,,,,,,,,,,,,,,,,,,,,,,,,,,,,,,,,,,,,,,,,,,,,,,,,,,,,,,,,,,,,,,,,,,,,,,,,,,,,,,,,,,,,,,,,,,,,,,,,,,,,,,,,,,,,,,,,,,,,,,,,,,,,,,,,,,,,,,,,,,,,,,,,,,,,,,,,,,,,
color_presets,3,,,,,,,,,,,,,,,,,,,,,,,,,,,,,,,,,,,,,,,,,,,,,,,,,,,,,,,,,,,,,,,,,,,,,,,,,,,,,,,,,,,,,,,,,,,,,,,,,,,,,,,,,,,,,,,,,,,,,,,,,,,,,,,,,,,,,,,,,,,,,,,,,,,,,,,,,,,,,,,,,,,,,,,,,,,,,,,,,,,,,,,,,,,,,,,,,,,,,,,,,,,,,,,,,,,,,,,,,,,,,,,,,,,
blue,0.8428,,,,,,,,,,,,,,,,,,,,,,,,,,,,,,,,,,,,,,,,,,,,,,,,,,,,,,,,,,,,,,,,,,,,,,,,,,,,,,,,,,,,,,,,,,,,,,,,,,,,,,,,,,,,,,,,,,,,,,,,,,,,,,,,,,,,,,,,,,,,,,,,,,,,,,,,,,,,,,,,,,,,,,,,,,,,,,,,,,,,,,,,,,,,,,,,,,,,,,,,,,,,,,,,,,,,,,,,,,,,,,,,,,,
red,0.5357,,,,,,,,,,,,,,,,,,,,,,,,,,,,,,,,,,,,,,,,,,,,,,,,,,,,,,,,,,,,,,,,,,,,,,,,,,,,,,,,,,,,,,,,,,,,,,,,,,,,,,,,,,,,,,,,,,,,,,,,,,,,,,,,,,,,,,,,,,,,,,,,,,,,,,,,,,,,,,,,,,,,,,,,,,,,,,,,,,,,,,,,,,,,,,,,,,,,,,,,,,,,,,,,,,,,,,,,,,,,,,,,,,,
gold,0.1571,,,,,,,,,,,,,,,,,,,,,,,,,,,,,,,,,,,,,,,,,,,,,,,,,,,,,,,,,,,,,,,,,,,,,,,,,,,,,,,,,,,,,,,,,,,,,,,,,,,,,,,,,,,,,,,,,,,,,,,,,,,,,,,,,,,,,,,,,,,,,,,,,,,,,,,,,,,,,,,,,,,,,,,,,,,,,,,,,,,,,,,,,,,,,,,,,,,,,,,,,,,,,,,,,,,,,,,,,,,,,,,,,,,
/color_presets,,,,,,,,,,,,,,,,,,,,,,,,,,,,,,,,,,,,,,,,,,,,,,,,,,,,,,,,,,,,,,,,,,,,,,,,,,,,,,,,,,,,,,,,,,,,,,,,,,,,,,,,,,,,,,,,,,,,,,,,,,,,,,,,,,,,,,,,,,,,,,,,,,,,,,,,,,,,,,,,,,,,,,,,,,,,,,,,,,,,,,,,,,,,,,,,,,,,,,,,,,,,,,,,,,,,,,,,,,,,,,,,,,,,
,,,,,,,,,,,,,,,,,,,,,,,,,,,,,,,,,,,,,,,,,,,,,,,,,,,,,,,,,,,,,,,,,,,,,,,,,,,,,,,,,,,,,,,,,,,,,,,,,,,,,,,,,,,,,,,,,,,,,,,,,,,,,,,,,,,,,,,,,,,,,,,,,,,,,,,,,,,,,,,,,,,,,,,,,,,,,,,,,,,,,,,,,,,,,,,,,,,,,,,,,,,,,,,,,,,,,,,,,,,,,,,,,,,,
,,,,,,,,,,,,,,,,,,,,,,,,,,,,,,,,,,,,,,,,,,,,,,,,,,,,,,,,,,,,,,,,,,,,,,,,,,,,,,,,,,,,,,,,,,,,,,,,,,,,,,,,,,,,,,,,,,,,,,,,,,,,,,,,,,,,,,,,,,,,,,,,,,,,,,,,,,,,,,,,,,,,,,,,,,,,,,,,,,,,,,,,,,,,,,,,,,,,,,,,,,,,,,,,,,,,,,,,,,,,,,,,,,,,
,,,,,,,,,,,,,,,,,,,,,,,,,,,,,,,,,,,,,,,,,,,,,,,,,,,,,,,,,,,,,,,,,,,,,,,,,,,,,,,,,,,,,,,,,,,,,,,,,,,,,,,,,,,,,,,,,,,,,,,,,,,,,,,,,,,,,,,,,,,,,,,,,,,,,,,,,,,,,,,,,,,,,,,,,,,,,,,,,,,,,,,,,,,,,,,,,,,,,,,,,,,,,,,,,,,,,,,,,,,,,,,,,,,,
,,,,,,,,,,,,,,,,,,,,,,,,,,,,,,,,,,,,,,,,,,,,,,,,,,,,,,,,,,,,,,,,,,,,,,,,,,,,,,,,,,,,,,,,,,,,,,,,,,,,,,,,,,,,,,,,,,,,,,,,,,,,,,,,,,,,,,,,,,,,,,,,,,,,,,,,,,,,,,,,,,,,,,,,,,,,,,,,,,,,,,,,,,,,,,,,,,,,,,,,,,,,,,,,,,,,,,,,,,,,,,,,,,,,
,,,,,,,,,,,,,,,,,,,,,,,,,,,,,,,,,,,,,,,,,,,,,,,,,,,,,,,,,,,,,,,,,,,,,,,,,,,,,,,,,,,,,,,,,,,,,,,,,,,,,,,,,,,,,,,,,,,,,,,,,,,,,,,,,,,,,,,,,,,,,,,,,,,,,,,,,,,,,,,,,,,,,,,,,,,,,,,,,,,,,,,,,,,,,,,,,,,,,,,,,,,,,,,,,,,,,,,,,,,,,,,,,,,,
,,,,,,,,,,,,,,,,,,,,,,,,,,,,,,,,,,,,,,,,,,,,,,,,,,,,,,,,,,,,,,,,,,,,,,,,,,,,,,,,,,,,,,,,,,,,,,,,,,,,,,,,,,,,,,,,,,,,,,,,,,,,,,,,,,,,,,,,,,,,,,,,,,,,,,,,,,,,,,,,,,,,,,,,,,,,,,,,,,,,,,,,,,,,,,,,,,,,,,,,,,,,,,,,,,,,,,,,,,,,,,,,,,,,
,,,,,,,,,,,,,,,,,,,,,,,,,,,,,,,,,,,,,,,,,,,,,,,,,,,,,,,,,,,,,,,,,,,,,,,,,,,,,,,,,,,,,,,,,,,,,,,,,,,,,,,,,,,,,,,,,,,,,,,,,,,,,,,,,,,,,,,,,,,,,,,,,,,,,,,,,,,,,,,,,,,,,,,,,,,,,,,,,,,,,,,,,,,,,,,,,,,,,,,,,,,,,,,,,,,,,,,,,,,,,,,,,,,,
,,,,,,,,,,,,,,,,,,,,,,,,,,,,,,,,,,,,,,,,,,,,,,,,,,,,,,,,,,,,,,,,,,,,,,,,,,,,,,,,,,,,,,,,,,,,,,,,,,,,,,,,,,,,,,,,,,,,,,,,,,,,,,,,,,,,,,,,,,,,,,,,,,,,,,,,,,,,,,,,,,,,,,,,,,,,,,,,,,,,,,,,,,,,,,,,,,,,,,,,,,,,,,,,,,,,,,,,,,,,,,,,,,,,
,,,,,,,,,,,,,,,,,,,,,,,,,,,,,,,,,,,,,,,,,,,,,,,,,,,,,,,,,,,,,,,,,,,,,,,,,,,,,,,,,,,,,,,,,,,,,,,,,,,,,,,,,,,,,,,,,,,,,,,,,,,,,,,,,,,,,,,,,,,,,,,,,,,,,,,,,,,,,,,,,,,,,,,,,,,,,,,,,,,,,,,,,,,,,,,,,,,,,,,,,,,,,,,,,,,,,,,,,,,,,,,,,,,,
,,,,,,,,,,,,,,,,,,,,,,,,,,,,,,,,,,,,,,,,,,,,,,,,,,,,,,,,,,,,,,,,,,,,,,,,,,,,,,,,,,,,,,,,,,,,,,,,,,,,,,,,,,,,,,,,,,,,,,,,,,,,,,,,,,,,,,,,,,,,,,,,,,,,,,,,,,,,,,,,,,,,,,,,,,,,,,,,,,,,,,,,,,,,,,,,,,,,,,,,,,,,,,,,,,,,,,,,,,,,,,,,,,,,
,,,,,,,,,,,,,,,,,,,,,,,,,,,,,,,,,,,,,,,,,,,,,,,,,,,,,,,,,,,,,,,,,,,,,,,,,,,,,,,,,,,,,,,,,,,,,,,,,,,,,,,,,,,,,,,,,,,,,,,,,,,,,,,,,,,,,,,,,,,,,,,,,,,,,,,,,,,,,,,,,,,,,,,,,,,,,,,,,,,,,,,,,,,,,,,,,,,,,,,,,,,,,,,,,,,,,,,,,,,,,,,,,,,,
,,,,,,,,,,,,,,,,,,,,,,,,,,,,,,,,,,,,,,,,,,,,,,,,,,,,,,,,,,,,,,,,,,,,,,,,,,,,,,,,,,,,,,,,,,,,,,,,,,,,,,,,,,,,,,,,,,,,,,,,,,,,,,,,,,,,,,,,,,,,,,,,,,,,,,,,,,,,,,,,,,,,,,,,,,,,,,,,,,,,,,,,,,,,,,,,,,,,,,,,,,,,,,,,,,,,,,,,,,,,,,,,,,,,
,,,,,,,,,,,,,,,,,,,,,,,,,,,,,,,,,,,,,,,,,,,,,,,,,,,,,,,,,,,,,,,,,,,,,,,,,,,,,,,,,,,,,,,,,,,,,,,,,,,,,,,,,,,,,,,,,,,,,,,,,,,,,,,,,,,,,,,,,,,,,,,,,,,,,,,,,,,,,,,,,,,,,,,,,,,,,,,,,,,,,,,,,,,,,,,,,,,,,,,,,,,,,,,,,,,,,,,,,,,,,,,,,,,,
,,,,,,,,,,,,,,,,,,,,,,,,,,,,,,,,,,,,,,,,,,,,,,,,,,,,,,,,,,,,,,,,,,,,,,,,,,,,,,,,,,,,,,,,,,,,,,,,,,,,,,,,,,,,,,,,,,,,,,,,,,,,,,,,,,,,,,,,,,,,,,,,,,,,,,,,,,,,,,,,,,,,,,,,,,,,,,,,,,,,,,,,,,,,,,,,,,,,,,,,,,,,,,,,,,,,,,,,,,,,,,,,,,,,
,,,,,,,,,,,,,,,,,,,,,,,,,,,,,,,,,,,,,,,,,,,,,,,,,,,,,,,,,,,,,,,,,,,,,,,,,,,,,,,,,,,,,,,,,,,,,,,,,,,,,,,,,,,,,,,,,,,,,,,,,,,,,,,,,,,,,,,,,,,,,,,,,,,,,,,,,,,,,,,,,,,,,,,,,,,,,,,,,,,,,,,,,,,,,,,,,,,,,,,,,,,,,,,,,,,,,,,,,,,,,,,,,,,,
,,,,,,,,,,,,,,,,,,,,,,,,,,,,,,,,,,,,,,,,,,,,,,,,,,,,,,,,,,,,,,,,,,,,,,,,,,,,,,,,,,,,,,,,,,,,,,,,,,,,,,,,,,,,,,,,,,,,,,,,,,,,,,,,,,,,,,,,,,,,,,,,,,,,,,,,,,,,,,,,,,,,,,,,,,,,,,,,,,,,,,,,,,,,,,,,,,,,,,,,,,,,,,,,,,,,,,,,,,,,,,,,,,,,
,,,,,,,,,,,,,,,,,,,,,,,,,,,,,,,,,,,,,,,,,,,,,,,,,,,,,,,,,,,,,,,,,,,,,,,,,,,,,,,,,,,,,,,,,,,,,,,,,,,,,,,,,,,,,,,,,,,,,,,,,,,,,,,,,,,,,,,,,,,,,,,,,,,,,,,,,,,,,,,,,,,,,,,,,,,,,,,,,,,,,,,,,,,,,,,,,,,,,,,,,,,,,,,,,,,,,,,,,,,,,,,,,,,,
,,,,,,,,,,,,,,,,,,,,,,,,,,,,,,,,,,,,,,,,,,,,,,,,,,,,,,,,,,,,,,,,,,,,,,,,,,,,,,,,,,,,,,,,,,,,,,,,,,,,,,,,,,,,,,,,,,,,,,,,,,,,,,,,,,,,,,,,,,,,,,,,,,,,,,,,,,,,,,,,,,,,,,,,,,,,,,,,,,,,,,,,,,,,,,,,,,,,,,,,,,,,,,,,,,,,,,,,,,,,,,,,,,,,
,,,,,,,,,,,,,,,,,,,,,,,,,,,,,,,,,,,,,,,,,,,,,,,,,,,,,,,,,,,,,,,,,,,,,,,,,,,,,,,,,,,,,,,,,,,,,,,,,,,,,,,,,,,,,,,,,,,,,,,,,,,,,,,,,,,,,,,,,,,,,,,,,,,,,,,,,,,,,,,,,,,,,,,,,,,,,,,,,,,,,,,,,,,,,,,,,,,,,,,,,,,,,,,,,,,,,,,,,,,,,,,,,,,,
,,,,,,,,,,,,,,,,,,,,,,,,,,,,,,,,,,,,,,,,,,,,,,,,,,,,,,,,,,,,,,,,,,,,,,,,,,,,,,,,,,,,,,,,,,,,,,,,,,,,,,,,,,,,,,,,,,,,,,,,,,,,,,,,,,,,,,,,,,,,,,,,,,,,,,,,,,,,,,,,,,,,,,,,,,,,,,,,,,,,,,,,,,,,,,,,,,,,,,,,,,,,,,,,,,,,,,,,,,,,,,,,,,,,
,,,,,,,,,,,,,,,,,,,,,,,,,,,,,,,,,,,,,,,,,,,,,,,,,,,,,,,,,,,,,,,,,,,,,,,,,,,,,,,,,,,,,,,,,,,,,,,,,,,,,,,,,,,,,,,,,,,,,,,,,,,,,,,,,,,,,,,,,,,,,,,,,,,,,,,,,,,,,,,,,,,,,,,,,,,,,,,,,,,,,,,,,,,,,,,,,,,,,,,,,,,,,,,,,,,,,,,,,,,,,,,,,,,,
,,,,,,,,,,,,,,,,,,,,,,,,,,,,,,,,,,,,,,,,,,,,,,,,,,,,,,,,,,,,,,,,,,,,,,,,,,,,,,,,,,,,,,,,,,,,,,,,,,,,,,,,,,,,,,,,,,,,,,,,,,,,,,,,,,,,,,,,,,,,,,,,,,,,,,,,,,,,,,,,,,,,,,,,,,,,,,,,,,,,,,,,,,,,,,,,,,,,,,,,,,,,,,,,,,,,,,,,,,,,,,,,,,,,
,,,,,,,,,,,,,,,,,,,,,,,,,,,,,,,,,,,,,,,,,,,,,,,,,,,,,,,,,,,,,,,,,,,,,,,,,,,,,,,,,,,,,,,,,,,,,,,,,,,,,,,,,,,,,,,,,,,,,,,,,,,,,,,,,,,,,,,,,,,,,,,,,,,,,,,,,,,,,,,,,,,,,,,,,,,,,,,,,,,,,,,,,,,,,,,,,,,,,,,,,,,,,,,,,,,,,,,,,,,,,,,,,,,,
,,,,,,,,,,,,,,,,,,,,,,,,,,,,,,,,,,,,,,,,,,,,,,,,,,,,,,,,,,,,,,,,,,,,,,,,,,,,,,,,,,,,,,,,,,,,,,,,,,,,,,,,,,,,,,,,,,,,,,,,,,,,,,,,,,,,,,,,,,,,,,,,,,,,,,,,,,,,,,,,,,,,,,,,,,,,,,,,,,,,,,,,,,,,,,,,,,,,,,,,,,,,,,,,,,,,,,,,,,,,,,,,,,,,
,,,,,,,,,,,,,,,,,,,,,,,,,,,,,,,,,,,,,,,,,,,,,,,,,,,,,,,,,,,,,,,,,,,,,,,,,,,,,,,,,,,,,,,,,,,,,,,,,,,,,,,,,,,,,,,,,,,,,,,,,,,,,,,,,,,,,,,,,,,,,,,,,,,,,,,,,,,,,,,,,,,,,,,,,,,,,,,,,,,,,,,,,,,,,,,,,,,,,,,,,,,,,,,,,,,,,,,,,,,,,,,,,,,,
,,,,,,,,,,,,,,,,,,,,,,,,,,,,,,,,,,,,,,,,,,,,,,,,,,,,,,,,,,,,,,,,,,,,,,,,,,,,,,,,,,,,,,,,,,,,,,,,,,,,,,,,,,,,,,,,,,,,,,,,,,,,,,,,,,,,,,,,,,,,,,,,,,,,,,,,,,,,,,,,,,,,,,,,,,,,,,,,,,,,,,,,,,,,,,,,,,,,,,,,,,,,,,,,,,,,,,,,,,,,,,,,,,,,
,,,,,,,,,,,,,,,,,,,,,,,,,,,,,,,,,,,,,,,,,,,,,,,,,,,,,,,,,,,,,,,,,,,,,,,,,,,,,,,,,,,,,,,,,,,,,,,,,,,,,,,,,,,,,,,,,,,,,,,,,,,,,,,,,,,,,,,,,,,,,,,,,,,,,,,,,,,,,,,,,,,,,,,,,,,,,,,,,,,,,,,,,,,,,,,,,,,,,,,,,,,,,,,,,,,,,,,,,,,,,,,,,,,,
,,,,,,,,,,,,,,,,,,,,,,,,,,,,,,,,,,,,,,,,,,,,,,,,,,,,,,,,,,,,,,,,,,,,,,,,,,,,,,,,,,,,,,,,,,,,,,,,,,,,,,,,,,,,,,,,,,,,,,,,,,,,,,,,,,,,,,,,,,,,,,,,,,,,,,,,,,,,,,,,,,,,,,,,,,,,,,,,,,,,,,,,,,,,,,,,,,,,,,,,,,,,,,,,,,,,,,,,,,,,,,,,,,,,
,,,,,,,,,,,,,,,,,,,,,,,,,,,,,,,,,,,,,,,,,,,,,,,,,,,,,,,,,,,,,,,,,,,,,,,,,,,,,,,,,,,,,,,,,,,,,,,,,,,,,,,,,,,,,,,,,,,,,,,,,,,,,,,,,,,,,,,,,,,,,,,,,,,,,,,,,,,,,,,,,,,,,,,,,,,,,,,,,,,,,,,,,,,,,,,,,,,,,,,,,,,,,,,,,,,,,,,,,,,,,,,,,,,,
,,,,,,,,,,,,,,,,,,,,,,,,,,,,,,,,,,,,,,,,,,,,,,,,,,,,,,,,,,,,,,,,,,,,,,,,,,,,,,,,,,,,,,,,,,,,,,,,,,,,,,,,,,,,,,,,,,,,,,,,,,,,,,,,,,,,,,,,,,,,,,,,,,,,,,,,,,,,,,,,,,,,,,,,,,,,,,,,,,,,,,,,,,,,,,,,,,,,,,,,,,,,,,,,,,,,,,,,,,,,,,,,,,,,
,,,,,,,,,,,,,,,,,,,,,,,,,,,,,,,,,,,,,,,,,,,,,,,,,,,,,,,,,,,,,,,,,,,,,,,,,,,,,,,,,,,,,,,,,,,,,,,,,,,,,,,,,,,,,,,,,,,,,,,,,,,,,,,,,,,,,,,,,,,,,,,,,,,,,,,,,,,,,,,,,,,,,,,,,,,,,,,,,,,,,,,,,,,,,,,,,,,,,,,,,,,,,,,,,,,,,,,,,,,,,,,,,,,,
,,,,,,,,,,,,,,,,,,,,,,,,,,,,,,,,,,,,,,,,,,,,,,,,,,,,,,,,,,,,,,,,,,,,,,,,,,,,,,,,,,,,,,,,,,,,,,,,,,,,,,,,,,,,,,,,,,,,,,,,,,,,,,,,,,,,,,,,,,,,,,,,,,,,,,,,,,,,,,,,,,,,,,,,,,,,,,,,,,,,,,,,,,,,,,,,,,,,,,,,,,,,,,,,,,,,,,,,,,,,,,,,,,,,
,,,,,,,,,,,,,,,,,,,,,,,,,,,,,,,,,,,,,,,,,,,,,,,,,,,,,,,,,,,,,,,,,,,,,,,,,,,,,,,,,,,,,,,,,,,,,,,,,,,,,,,,,,,,,,,,,,,,,,,,,,,,,,,,,,,,,,,,,,,,,,,,,,,,,,,,,,,,,,,,,,,,,,,,,,,,,,,,,,,,,,,,,,,,,,,,,,,,,,,,,,,,,,,,,,,,,,,,,,,,,,,,,,,,
,,,,,,,,,,,,,,,,,,,,,,,,,,,,,,,,,,,,,,,,,,,,,,,,,,,,,,,,,,,,,,,,,,,,,,,,,,,,,,,,,,,,,,,,,,,,,,,,,,,,,,,,,,,,,,,,,,,,,,,,,,,,,,,,,,,,,,,,,,,,,,,,,,,,,,,,,,,,,,,,,,,,,,,,,,,,,,,,,,,,,,,,,,,,,,,,,,,,,,,,,,,,,,,,,,,,,,,,,,,,,,,,,,,,
,,,33,,52,19,218,,77,,,,,,,,,,,,,,,,,,,,,,,,,,,,,,,,,,,,,,,,,,,,,,,,,,,,,,,,,,,,,,,,,,,,,,,,,,,,,,,,,,,,,,,,,,,,,,,,,,,,,,,,,,,,,,,,,,,,,,,,,,,,,,,,,,,,,,,,,,,,,,,,,,,,,,,,,,,,,,,,,,,,,,,,,,,,,,,,,,,,,,,,,,,,,,,,,,,,,,,,,,,,,,,,,,,,,,,,,,,
,,,16,,78,9,222,,103,,,,,,,,,,,,,,,,,,,,,,,,,,,,,,,,,,,,,,,,,,,,,,,,,,,,,,,,,,,,,,,,,,,,,,,,,,,,,,,,,,,,,,,,,,,,,,,,,,,,,,,,,,,,,,,,,,,,,,,,,,,,,,,,,,,,,,,,,,,,,,,,,,,,,,,,,,,,,,,,,,,,,,,,,,,,,,,,,,,,,,,,,,,,,,,,,,,,,,,,,,,,,,,,,,,,,,,,,,,
,,,12,,217,45,249,,32,,,,,,,,,,,,,,,,,,,,,,,,,,,,,,,,,,,,,,,,,,,,,,,,,,,,,,,,,,,,,,,,,,,,,,,,,,,,,,,,,,,,,,,,,,,,,,,,,,,,,,,,,,,,,,,,,,,,,,,,,,,,,,,,,,,,,,,,,,,,,,,,,,,,,,,,,,,,,,,,,,,,,,,,,,,,,,,,,,,,,,,,,,,,,,,,,,,,,,,,,,,,,,,,,,,,,,,,,,,
,,,255,,17,209,183,,66,,,,,,,,,,,,,,,,,,,,,,,,,,,,,,,,,,,,,,,,,,,,,,,,,,,,,,,,,,,,,,,,,,,,,,,,,,,,,,,,,,,,,,,,,,,,,,,,,,,,,,,,,,,,,,,,,,,,,,,,,,,,,,,,,,,,,,,,,,,,,,,,,,,,,,,,,,,,,,,,,,,,,,,,,,,,,,,,,,,,,,,,,,,,,,,,,,,,,,,,,,,,,,,,,,,,,,,,,,,
,,,57,,42,23,232,,107,,,,,,,,,,,,,,,,,,,,,,,,,,,,,,,,,,,,,,,,,,,,,,,,,,,,,,,,,,,,,,,,,,,,,,,,,,,,,,,,,,,,,,,,,,,,,,,,,,,,,,,,,,,,,,,,,,,,,,,,,,,,,,,,,,,,,,,,,,,,,,,,,,,,,,,,,,,,,,,,,,,,,,,,,,,,,,,,,,,,,,,,,,,,,,,,,,,,,,,,,,,,,,,,,,,,,,,,,,,
,,,123,,176,119,64,,255,,,,,,,,,,,,,,,,,,,,,,,,,,,,,,,,,,,,,,,,,,,,,,,,,,,,,,,,,,,,,,,,,,,,,,,,,,,,,,,,,,,,,,,,,,,,,,,,,,,,,,,,,,,,,,,,,,,,,,,,,,,,,,,,,,,,,,,,,,,,,,,,,,,,,,,,,,,,,,,,,,,,,,,,,,,,,,,,,,,,,,,,,,,,,,,,,,,,,,,,,,,,,,,,,,,,,,,,,,,
,,,159,,66,167,4,,132,,,,,,,,,,,,,,,,,,,,,,,,,,,,,,,,,,,,,,,,,,,,,,,,,,,,,,,,,,,,,,,,,,,,,,,,,,,,,,,,,,,,,,,,,,,,,,,,,,,,,,,,,,,,,,,,,,,,,,,,,,,,,,,,,,,,,,,,,,,,,,,,,,,,,,,,,,,,,,,,,,,,,,,,,,,,,,,,,,,,,,,,,,,,,,,,,,,,,,,,,,,,,,,,,,,,,,,,,,,
