RANK,1,2,3,4,5,6,7,8,9,10,11,12,13,14,15,16,17,18,19,20,21,22,23,24,25,26,27,28,29,30,31,32,33,34,35,36,37,38,39,40,41,42,43,44,45,46,47,48,49,50,51,52,53,54,55,56,57,58,59,60,61,62,63,64,65,66,67,68,69,70,71,72,73,74,75,76,77,78,79,80,81,82,83,84,85,86,87,88,89,90,91,92,93,94,95,96,97,98,99,100,101,102,103,104,105,106,107,108,109,110,111,112,113,114,115,116,117,118,119,120,121,122,123,124,125,126,127,128,129,130,131,132,133,134,135,136,137,138,139,140,141,142,143,144,145,146,147,148,149,150,151,152,153,154,155,156,157,158,159,160,161,162,163,164,165,166,167,168,169,170,171,172,173,174,175,176,177,178,179,180,181,182,183,184,185,186,187,188,189,190,191,192,193,194,195,196,197,198,199,200,201,202,203,204,205,206,207,208,209,210,211,212,213,214,215,216,217,218,219,220,221,222,223,224,225,226,227,228,229,230,231,232,233,234,235,236,237,238,239,240,241,242,243,244,245,246,247,248,249,250,251,252,253,254,255,256,257
VERBATIM,auto_beat,auto_pulse,clear all Layers,clear CA,clear layer,current background capture,BG Subtraction on/off,mute screen,invert,snapshot onOff,cursor size,beat duration,Blend Transparency,CA mix weight,ID comment,Part mix weight,ID comment,track_levels,track_levels,CA Master weight,ID comment,Part Master weight,ID comment,track_levels,track_levels,echo,ID comment,echo neg,ID comment,CA decay,CA decay pulse,part decay,ID comment,track0 decay,ID comment,track1 decay,ID comment,track2 decay,ID comment,track3 decay,ID comment,pen radius,pen radius pulse,hue for pen,pulsed hue for pen,sat level for pen,pulsed sat level for pen,value level for pen,pulsed sat level for pen,pen alpha,ID comment,pen brush,pen radius replay,pen radius replay pulse,pen color replay,ID comment,ID comment,ID comment,pen saturation replay,ID comment,ID comment,ID comment,ID comment,current drawing track,current video track,current photo track,ID comment,ID comment,ID comment,ID comment,ID comment,ID comment,ID comment,ID comment,part reinitialize,paths,paths,paths,paths,paths,part radius,particle radius pulse,part acc,part acc pulse,part image acceleration,part damp factor,ID comment,part gravity,ID comment,particle motion shift pulse,noise scale,ID comment,noise scale,ID comment,part field weight,ID comment,part damp target radius,part time to target,particle type,part move grid,part move rand,part exit mode,part stroke mode,part color mode,pixel acc,pixel acc pulse,pixel acc center-x,ID comment,pixel acc center-y,ID comment,pixel radius ,pixel radius pulse,pixel mode,repopuplating CA,ID comment,repopuplating Part,particle repop pulse,repopuplating BG (grid),ID comment,repopuplating Path,ID comment,prepop density for pixels,prepop density for pixels,repop_colorBG,repop_colorBG_pulse,repop_greyBG,repop_greyBG_pulse,repop_colorPart,repop_colorPart_pulse,repop_greyPart,repop_greyPart_pulse,repop_colorCA,repop_colorCA_pulse,repop_greyCA,repop_greyCA_pulse,camera white balance red,camera white balance blue,camera exposure,camera gain,cameraBrightness,camera saturation,camera contrast,camera gamma,camera capture frequency,movie no,movie capture frequency,photo diaporama index,photo diaporama fade dur,photo diaporama plateau dur,current SvgGpu images,soundtrack no,camera threshold,ID comment,camera Weight,ID comment,Sobel camera,ID comment,_gamma camera,ID comment,movie weight,ID comment,Sobel movie,ID comment,movie_gamma,movie_gamma_pulse,movie_threshold,movie_threshold_pulse,invert movie,ID comment,video saturation ,video saturation pulse,video gamma,video gamma pulse,video value,video value pulse,video threshold,video threshold pulse,photo weight,ID comment,photo satur,photo satur pulse,photo gamma,photo gamma pulse,photo threshold,photo threshold pulse,photo value,photo value pulse,Sobel photo,ID comment,invert Photo,photo jitter amplitude,mask jitter amplitude,photo scale,mask scale,photo contrast,mask contrast,CA,CA,CA 1 type,CA 1 subtype,CA 2 type,CA 2 subtype,CA1/CA2 weight,Flash Part->CA freq, Flash track0->CA freq, Flash track1->CA freq, Flash track2->CA freq,Flash CA->BG freq,Flash Part->BG freq, Flash track1->BG freq, Flash track2->BG freq,Flash CA->Part freq,Flash Trk0->Part freq,Flash Trk1->Part freq,Flash Trk1->Part freq,flashParticleInit_freq,Flash pixel freq,Flash pixel duration,flashPhotoChangeBeat,camera flash length (in frames),camera flash bright (in frames),camera flash beat no,beat threshold,beat min duration (ms),input volume,Min input volume,pen pressure coef,pen angleH coef,pen angleV coef,tracks sync on/off,cumul video,CA update step,color interface display,fast vs slow CA color spreading,master scale,master scale pulse,master scale ratio,master offsetX,master offsetY,freeze on/off,sound enveloppe min,sound envelope max,adc weight (eg microphone),soundtrack weight,sample setUp,sensor spatial pattern,sensor activation,sensor volume,movie looping at end,movie looping at end,path_replay_speed,MIDIwithBeat,MIDIwithColor,MIDIwithBrush,MIDIwithPhotoFlash,MIDIwithCameraFlash,camera no
TYPE,bool,bool,bool,bool,bool,bool,bool,bool,bool,bool,int,float,float,float,float,float,float,float[0..PG_NB_TRACKS],float[0..PG_NB_TRACKS],float,float,float,float,float[0..PG_NB_TRACKS],float[0..PG_NB_TRACKS],float,float,float,float,float,float,float,float,float,float,float,float,float,float,float,float,float,float,float,float,float,float,float,float,float,float,int,float,float,float,float,float,float,float,float,float,float,int,int,int,int,float,float,float,float,float,float,float,float,int,bool[0..PG_NB_PATHS],bool[0..PG_NB_PATHS],bool[0..PG_NB_PATHS],bool[1..PG_NB_PATHS],int[1..PG_NB_PATHS],float,float,float,float,int,float,float,float,float,float,float,float,float,float,float,float,float,float,int,bool,bool,int,int,int,float,float,float,float,float,float,float,float,int,float,float,float,float,float,float,float,float,int,int,float,float,float,float,float,float,float,float,float,float,float,float,float,float,float,float,float,float,float,float,float,int,float,int,float,float,int,int,float,float,float,float,float,float,float,float,float,float,float,float,float,float,float,float,bool,bool,float,float,float,float,float,float,float,float,float,float,float,float,float,float,float,float,float,float,float,float,bool,float,float,float,float,float,float,float[1..(PG_NB_CA_PARAMS+1)],float[1..(PG_NB_CA_PARAMS+1)],int,int,int,int,float,int,int,int,int,int,int,int,int,int,int,int,int,int,int,int,int,float,float,int,float,float,float,float,float,float,float,bool,int,int,bool,bool,float,float,float,float,float,bool,float,float,float,float,float,int,int,float,bool,bool,float,bool,bool,bool,bool,bool,int
ID,auto_beat,auto_pulse,clearAllLayers,clearCA,clearLayer,reset_camera,camera_BG_subtr,mute_second_screen,invertAllLayers,take_snapshots,cursorSize,auto_beat_duration,master,CAMixingWeight,CAMixingWeight_pulse,PartMixingWeight,PartMixingWeight_pulse,trackMixingWeight,trackMixingWeight_pulse,CAMasterWeight,CAMasterWeight_pulse,PartMasterWeight,PartMasterWeight_pulse,trackMasterWeight,trackMasterWeight_pulse,echo,echo_pulse,echoNeg,echoNeg_pulse,CAdecay,CAdecay_pulse,partDecay,partDecay_pulse,trkDecay_0,trkDecay_0_pulse,trkDecay_1,trkDecay_1_pulse,trkDecay_2,trkDecay_2_pulse,trkDecay_3,trkDecay_3_pulse,pen_radius,pen_radius_pulse,pen_hue,pen_hue_pulse,pen_sat,pen_sat_pulse,pen_value,pen_value_pulse,pen_color_a,pen_color_a_pulse,pen_brush,pen_radius_replay,pen_radius_replay_pulse,pen_hue_replay,pen_hue_replay_pulse,pen_grey_replay,pen_grey_replay_pulse,pen_saturation_replay,pen_saturation_replay_pulse,pen_value_replay,pen_value_replay_pulse,pen_brush_replay,currentDrawingTrack,currentVideoTrack,currentPhotoTrack,track_x_transl_0,track_x_transl_0_pulse,track_y_transl_0,track_y_transl_0_pulse,track_x_transl_1,track_x_transl_1_pulse,track_y_transl_1,track_y_transl_1_pulse,part_initialization,part_path_repop,part_path_follow,part_path_repulse,path_record,path_replay_trackNo,part_size,part_size_pulse,part_acc,part_acc_pulse,part_image_acceleration,part_damp,part_damp_pulse,part_gravity,pulsed_part_Hshift,pulsed_part_Vshift,noiseUpdateScale,noiseUpdateScale_pulse,noiseParticleScale,noiseParticleScale_pulse,part_field_weight,part_field_weight_pulse,part_damp_targtRad,part_timeToTargt,particle_type,partMove_target,partMove_rand,partExit_mode,partStroke_mode,partColor_mode,pixel_acc,pixel_acc_pulse,pixel_acc_shiftX,pixel_acc_shiftX_pulse,pixel_acc_shiftY,pixel_acc_shiftY_pulse,pixel_radius,pixel_radius_pulse,pixel_mode,repop_CA,repop_CA_pulse,repop_part,repop_part_pulse,repop_BG,repop_BG_pulse,repop_path,repop_path_pulse,BG_CA_repop_density,Part_repop_density,repop_colorBG,repop_colorBG_pulse,repop_greyBG,repop_greyBG_pulse,repop_colorPart,repop_colorPart_pulse,repop_greyPart,repop_greyPart_pulse,repop_colorCA,repop_colorCA_pulse,repop_greyCA,repop_greyCA_pulse,cameraWB_R,cameraWB_B,cameraExposure,cameraGain,cameraBrightness,cameraSaturation,cameraContrast,cameraGamma,cameraCaptFreq,playing_movieNo,movieCaptFreq,photo_diaporama,photo_diaporama_fade,photo_diaporama_plateau,activeClipArts,playing_soundtrackNo,cameraThreshold,cameraThreshold_pulse,cameraWeight,cameraWeight_pulse,cameraSobel,cameraSobel_pulse,camera_gamma,camera_gamma_pulse,movieWeight,movieWeight_pulse,movieSobel,movieSobel_pulse,movie_gamma,movie_gamma_pulse,movie_threshold,movie_threshold_pulse,invertMovie,invertCamera,video_satur,video_satur_pulse,video_gamma,video_gamma_pulse,video_value,video_value_pulse,video_threshold,video_threshold_pulse,photoWeight,photoWeight_pulse,photo_satur,photo_satur_pulse,photo_gamma,photo_gamma_pulse,photo_threshold,photo_threshold_pulse,photo_value,photo_value_pulse,photoSobel,photoSobel_pulse,invertPhoto,photoJitterAmpl,maskJitterAmpl,photo_scale,mask_scale,photo_contrast,mask_contrast,CAParams,CAParams_pulse,CA1Type,CA1SubType,CA2Type,CA2SubType,CA1_CA2_weight,flashPartCA_freq,flashTrkCA_freq_0,flashTrkCA_freq_1,flashTrkCA_freq_2,flashCABG_freq,flashPartBG_freq,flashTrkBG_freq_1,flashTrkBG_freq_2,flashCAPart_freq,flashTrkPart_freq_0,flashTrkPart_freq_1,flashTrkPart_freq_2,flashParticleInit_freq,flashPixel_freq,flashPixel_duration,flashPhotoChangeBeat,flashCameraTrkLength,flashCameraTrkBright,flashCameraTrkBeat,beat_threshold,beat_delay,sound_volume,sound_min,pen_radius_pressure_coef,pen_radius_angleHor_coef,pen_radius_angleVer_coef,tracksSync,cameraCumul,CAstep,interfaceOnScreen,CAcolorSpread,master_scale,master_scale_pulse,master_scale_ratio,master_offsetX,master_offsetY,freeze,sound_env_min,sound_env_max,audioInput_weight,soundtrack_weight,sensor_sample_setUp,sensor_layout,sensor_activation,sensor_vol,movie_loop,path_replay_loop,path_replay_speed,MIDIwithBeat,MIDIwithColor,MIDIwithBrush,MIDIwithPhotoFlash,MIDIwithCameraFlash,cameraNo
FUNCTION,auto_beat_callBack,auto_pulse_callBack,clearAllLayers_callBack,clearCA_callBack,clearLayer_callBack,NULL,NULL,NULL,NULL,NULL,NULL,NULL,NULL,NULL,NULL,NULL,NULL,NULL,NULL,NULL,NULL,NULL,NULL,NULL,NULL,NULL,NULL,NULL,NULL,NULL,NULL,NULL,NULL,NULL,NULL,trkDecay_1_callBack,NULL,NULL,NULL,NULL,NULL,NULL,NULL,pen_hue_callBack,NULL,pen_sat_callBack,NULL,pen_value_callBack,NULL,NULL,NULL,pen_brush_callBack,NULL,NULL,NULL,NULL,NULL,NULL,NULL,NULL,NULL,NULL,NULL,NULL,NULL,NULL,NULL,NULL,NULL,NULL,NULL,NULL,NULL,NULL,part_initialization_callBack,NULL,part_path_follow_callBack,part_path_repulse_callBack,path_record_callBack,path_replay_trackNo_callBack,NULL,NULL,NULL,NULL,NULL,NULL,NULL,NULL,NULL,NULL,NULL,NULL,NULL,NULL,NULL,NULL,NULL,NULL,NULL,partMove_target_callBack,partMove_rand_callBack,NULL,NULL,NULL,NULL,NULL,NULL,NULL,NULL,NULL,NULL,NULL,NULL,NULL,NULL,NULL,NULL,NULL,NULL,NULL,NULL,NULL,NULL,NULL,NULL,NULL,NULL,NULL,NULL,NULL,NULL,NULL,NULL,NULL,NULL,cameraWB_R_callBack,cameraWB_B_callBack,cameraExposure_callBack,cameraGain_callBack,cameraBrightness_callBack,cameraSaturation_callBack,cameraContrast_callBack,cameraGamma_callBack,NULL,playing_movieNo_callBack,NULL,photo_diaporama_callBack,NULL,NULL,NULL,playing_soundtrackNo_callBack,NULL,NULL,NULL,NULL,NULL,NULL,NULL,NULL,NULL,NULL,NULL,NULL,NULL,NULL,NULL,NULL,NULL,NULL,NULL,NULL,NULL,NULL,NULL,NULL,NULL,NULL,NULL,NULL,NULL,NULL,NULL,NULL,NULL,NULL,NULL,NULL,NULL,NULL,NULL,NULL,NULL,NULL,NULL,NULL,NULL,NULL,NULL,NULL,NULL,NULL,NULL,NULL,NULL,NULL,NULL,NULL,NULL,NULL,NULL,NULL,NULL,NULL,NULL,NULL,NULL,NULL,NULL,NULL,flashCameraTrkLength_callBack,NULL,NULL,beat_threshold_callBack,beat_delay_callBack,NULL,NULL,NULL,NULL,NULL,NULL,NULL,NULL,NULL,NULL,NULL,NULL,NULL,NULL,NULL,NULL,sound_env_min_callBack,sound_env_max_callBack,audioInput_weight_callBack,soundtrack_weight_callBack,sensor_sample_setUp_callBack,sensor_layout_callBack,sensor_activation_callBack,NULL,NULL,NULL,NULL,MIDIwithBeat_callBack,MIDIwithColor_callBack,MIDIwithBrush_callBack,MIDIwithPhotoFlash_callBack,MIDIwithCameraFlash_callBack,cameraNo_callBack
GUI,auto_beat,auto_pulse,clearAllLayers,clearCA,clearLayer,reset_camera,camera_BG_subtr,mute_second_screen,invertAllLayers,take_snapshots,cursorSize,auto_beat_duration,master,CAMixingWeight,CAMixingWeight_pulse,PartMixingWeight,PartMixingWeight_pulse,trackMixingWeight,trackMixingWeight_pulse,CAMasterWeight,CAMasterWeight_pulse,PartMasterWeight,PartMasterWeight_pulse,trackMasterWeight,trackMasterWeight_pulse,echo,echo_pulse,echoNeg,echoNeg_pulse,CAdecay,CAdecay_pulse,partDecay,partDecay_pulse,trkDecay_0,trkDecay_0_pulse,trkDecay_1,trkDecay_1_pulse,trkDecay_2,trkDecay_2_pulse,trkDecay_3,trkDecay_3_pulse,pen_radius,pen_radius_pulse,pen_hue,pen_hue_pulse,pen_sat,pen_sat_pulse,pen_value,pen_value_pulse,pen_color_a,pen_color_a_pulse,pen_brush,pen_radius_replay,pen_radius_replay_pulse,pen_hue_replay,pen_hue_replay_pulse,pen_grey_replay,pen_grey_replay_pulse,pen_saturation_replay,pen_saturation_replay_pulse,pen_value_replay,pen_value_replay_pulse,pen_brush_replay,currentDrawingTrack,currentVideoTrack,currentPhotoTrack,track_x_transl_0,track_x_transl_0_pulse,track_y_transl_0,track_y_transl_0_pulse,track_x_transl_1,track_x_transl_1_pulse,track_y_transl_1,track_y_transl_1_pulse,part_initialization,part_path_repop,part_path_follow,part_path_repulse,path_record,path_replay_trackNo,part_size,part_size_pulse,part_acc,part_acc_pulse,part_image_acceleration,part_damp,part_damp_pulse,part_gravity,pulsed_part_Hshift,pulsed_part_Vshift,noiseUpdateScale,noiseUpdateScale_pulse,noiseParticleScale,noiseParticleScale_pulse,part_field_weight,part_field_weight_pulse,part_damp_targtRad,part_timeToTargt,particle_type,partMove_target,partMove_rand,partExit_mode,partStroke_mode,partColor_mode,pixel_acc,pixel_acc_pulse,pixel_acc_shiftX,pixel_acc_shiftX_pulse,pixel_acc_shiftY,pixel_acc_shiftY_pulse,pixel_radius,pixel_radius_pulse,pixel_mode,repop_CA,repop_CA_pulse,repop_part,repop_part_pulse,repop_BG,repop_BG_pulse,repop_path,repop_path_pulse,BG_CA_repop_density,Part_repop_density,repop_colorBG,repop_colorBG_pulse,repop_greyBG,repop_greyBG_pulse,repop_colorPart,repop_colorPart_pulse,repop_greyPart,repop_greyPart_pulse,repop_colorCA,repop_colorCA_pulse,repop_greyCA,repop_greyCA_pulse,cameraWB_R,cameraWB_B,cameraExposure,cameraGain,cameraBrightness,cameraSaturation,cameraContrast,cameraGamma,cameraCaptFreq,playing_movieNo,movieCaptFreq,photo_diaporama,photo_diaporama_fade,photo_diaporama_plateau,activeClipArts,playing_soundtrackNo,cameraThreshold,cameraThreshold_pulse,cameraWeight,cameraWeight_pulse,cameraSobel,cameraSobel_pulse,camera_gamma,camera_gamma_pulse,movieWeight,movieWeight_pulse,movieSobel,movieSobel_pulse,movie_gamma,movie_gamma_pulse,movie_threshold,movie_threshold_pulse,invertMovie,invertCamera,video_satur,video_satur_pulse,video_gamma,video_gamma_pulse,video_value,video_value_pulse,video_threshold,video_threshold_pulse,photoWeight,photoWeight_pulse,photo_satur,photo_satur_pulse,photo_gamma,photo_gamma_pulse,photo_threshold,photo_threshold_pulse,photo_value,photo_value_pulse,photoSobel,photoSobel_pulse,invertPhoto,photoJitterAmpl,maskJitterAmpl,photo_scale,mask_scale,photo_contrast,mask_contrast,CAParams,CAParams_pulse,CA1Type,CA1SubType,CA2Type,CA2SubType,CA1_CA2_weight,flashPartCA_freq,flashTrkCA_freq_0,flashTrkCA_freq_1,flashTrkCA_freq_2,flashCABG_freq,flashPartBG_freq,flashTrkBG_freq_1,flashTrkBG_freq_2,flashCAPart_freq,flashTrkPart_freq_0,flashTrkPart_freq_1,flashTrkPart_freq_2,flashParticleInit_freq,flashPixel_freq,flashPixel_duration,flashPhotoChangeBeat,flashCameraTrkLength,flashCameraTrkBright,flashCameraTrkBeat,beat_threshold,beat_delay,sound_volume,sound_min,pen_radius_pressure_coef,pen_radius_angleHor_coef,pen_radius_angleVer_coef,tracksSync,cameraCumul,CAstep,interfaceOnScreen,CAcolorSpread,master_scale,master_scale_pulse,master_scale_ratio,master_offsetX,master_offsetY,freeze,sound_env_min,sound_env_max,audioInput_weight,soundtrack_weight,sensor_sample_setUp,sensor_layout,sensor_activation,sensor_vol,movie_loop,path_replay_loop,path_replay_speed,MIDIwithBeat,MIDIwithColor,MIDIwithBrush,MIDIwithPhotoFlash,MIDIwithCameraFlash,cameraNo
SHADER,*,*,*,*,*,*,Update_fs,Master_fs,Master_fs,*,Master_fs,*,Master_fs,Mixing_fs,*,Mixing_fs,*,Mixing_fs,*,Master_fs,*,Master_fs,*,Master_fs,*,Mixing_fs,*,Mixing_fs,*,Update_fs,*,ParticleAnimation_fs,*,Update_fs,*,Update_fs,*,Update_fs,*,Update_fs,*,*,*,*,*,*,*,*,*,*,*,*,*,*,*,*,*,*,*,*,*,*,*,Update_fs,Update_fs,Update_fs,*,*,*,*,*,*,*,*,ParticleAnimation_fs,*,ParticleAnimation_fs,ParticleAnimation_fs,*,Update_fs,ParticleAnimation_fs,*,ParticleAnimation_fs,*,ParticleAnimation_fs,ParticleAnimation_fs,*,ParticleAnimation_fs,*,*,Update_fs,*,ParticleAnimation_fs,*,ParticleAnimation_fs,*,ParticleAnimation_fs,ParticleAnimation_fs,*,ParticleAnimation_fs,ParticleAnimation_fs,ParticleAnimation_fs,ParticleAnimation_fs,ParticleAnimation_fs,Update_fs,*,Update_fs/ParticleAnimation_fs,*,Update_fs/ParticleAnimation_fs,*,Update_fs,*,Update_fs,Update_fs,*,ParticleAnimation_fs,*,Update_fs,*,ParticleAnimation_fs,*,Update_fs,ParticleAnimation_fs,*,*,*,*,*,*,*,*,*,*,*,*,*,*,*,*,*,*,*,Update_fs,*,*,*,*,*,*,Update_fs,*,Update_fs,*,Update_fs,*,Update_fs,*,Update_fs,*,Update_fs,*,Update_fs,*,Update_fs,*,Update_fs,*,Update_fs,Update_fs,Update_fs,*,Update_fs,*,Update_fs,*,Update_fs,*,Update_fs,*,Update_fs,*,Update_fs,*,Update_fs,*,Update_fs,*,Update_fs,*,Update_fs,*,*,Update_fs,Update_fs,Update_fs,Update_fs,Update_fs,*,*,*,*,*,*,*,*,*,*,*,*,*,*,*,*,*,*,*,*,*,*,*,*,*,*,*,*,*,*,*,*,*,Update_fs,Update_fs,Master_fs,Update_fs,Master_fs,*,Update_fs,Master_fs,Update_fs,Update_fs/ParticleAnimation_fs,*,*,*,*,*,*,*,*,*,*,*,*,*,*,*,*,*
PULSE,*,*,*,*,*,*,*,*,*,*,*,*,*,pulsed_absolute,*,pulsed_absolute,*,pulsed_absolute,*,pulsed_absolute,*,pulsed_absolute,*,pulsed_absolute,*,pulsed_absolute,*,pulsed_absolute,*,pulsed_absolute,*,pulsed_absolute,*,pulsed_absolute,*,pulsed_absolute,*,pulsed_absolute,*,pulsed_absolute,*,pulsed_special,*,pulsed_special,*,pulsed_special,*,pulsed_special,*,pulsed_special,*,*,pulsed_special,*,pulsed_special,*,pulsed_special,*,pulsed_special,*,pulsed_special,*,*,*,*,*,pulsed_absolute,*,pulsed_absolute,*,pulsed_absolute,*,pulsed_absolute,*,*,*,*,*,*,*,pulsed_absolute,*,pulsed_absolute,*,*,pulsed_absolute,*,*,*,*,pulsed_absolute,*,pulsed_absolute,*,pulsed_absolute,*,*,*,*,*,*,*,*,*,pulsed_absolute,*,pulsed_absolute,*,pulsed_absolute,*,pulsed_absolute,*,*,pulsed_absolute,*,pulsed_absolute,*,pulsed_absolute,*,pulsed_absolute,*,*,*,pulsed_special,*,pulsed_special,*,pulsed_special,*,pulsed_special,*,pulsed_special,*,pulsed_special,*,*,*,*,*,*,*,*,*,*,*,*,*,*,*,*,*,pulsed_absolute,*,pulsed_absolute,*,pulsed_absolute,*,pulsed_absolute,*,pulsed_absolute,*,pulsed_absolute,*,pulsed_absolute,*,pulsed_absolute,*,*,*,pulsed_absolute,*,pulsed_absolute,*,pulsed_absolute,*,pulsed_absolute,*,pulsed_absolute,*,pulsed_absolute,*,pulsed_absolute,*,pulsed_absolute,*,pulsed_absolute,*,pulsed_absolute,*,*,*,*,*,*,*,*,pulsed_absolute,*,*,*,*,*,*,*,*,*,*,*,*,*,*,*,*,*,*,*,*,*,*,*,*,*,*,*,*,*,*,*,*,*,*,*,*,*,pulsed_absolute,*,*,*,*,*,*,*,*,*,*,*,*,*,*,*,*,*,*,*,*,*,*
initial_values,,,,,,,,,,,,,,,,,,,,,,,,,,,,,,,,,,,,,,,,,,,,,,,,,,,,,,,,,,,,,,,,,,,,,,,,,,,,,,,,,,,,,,,,,,,,,,,,,,,,,,,,,,,,,,,,,,,,,,,,,,,,,,,,,,,,,,,,,,,,,,,,,,,,,,,,,,,,,,,,,,,,,,,,,,,,,,,,,,,,,,,,,,,,,,,,,,,,,,,,,,,,,,,,,,,,,,,,,,,,,,,,,,,,,,,,,,,,,,,,,,,,,,,,,,,,,,,,,,,,,,,,,,,,,,,,,,,,,,,,,,,,,,,,,,,,,,,,,,,,,,,,,,,,,,,,,,,,,,,,,,,,,,,,,,,,,,,,
,0,0,0,0,0,0,1,1,0,1,5,0.2,1,1,0,1,0,0.97028/0/0/0,0/0/0/0,0,0,0,0,0/1/1/0,0/0/0/0,0.99943,0,0,0,0.2,0,0.00081,0,0,0,0.01,0,0,0,0,0,0,0,0.5,0,1,0,1,0,1,0,0,1,0,0,0,1,0,0,0,0,0,0,1,2,2,0,0,0,0,0,0,0,0,-1,1/0/0/0/0/1/0/0/0/0/0/0,1/0/0/0/0/0/0/0/0/0/0/0,0/0/0/0/0/0/0/0/0/0/0/0,0/0/0/0/0/0/0/0/0/0/0,1/1/1/1/1/-1/-1/-1/-1/-1/-1,1.19741,0,0.04581,0,-1,0.03216,-0.1,0.03015,0,0,0,0,0,0,0.1014,0,208.131912,13.26447,0,0,1,0,1,2,0.00252,0,0.52814,0,0.5581,0,1.17509,0,1,0,0,0,0,0.9,0,0.18087,0,0,0,0.48431,0.53753,0,0,0.52143,0.12286,0,0,0.61177,0,0,0,-1,2800,-6,14,-2,9,16,0,10,-1,0,-1,0,10000,0,-1,0,0,0,0,0,0,1,0,0,0,0,0,1,0,0,0,0,0,0.59608,0,1,0,0,0,0,0,0,0,1,0,1.65808,0,0.15408,0,1,0,0,0,0,0,0,1,0,0,0,0.48426/0.58136/0.67846/0/0.56187/0.464/0.77651/0.64875,0/0/0/0/0/0/0/0,3,1,0,0,1,9,0,0,0,0,9,8,8,0,0,0,0,0,0,9,9,10,1,0,0.86859,209.285019,0.8,0,0,0,0,0,0,1,0,1,1,0,1,0,0,0,25,91,1,1,1,0,0,1,1,1,1,0,0,0,0,0,-1
/initial_values,,,,,,,,,,,,,,,,,,,,,,,,,,,,,,,,,,,,,,,,,,,,,,,,,,,,,,,,,,,,,,,,,,,,,,,,,,,,,,,,,,,,,,,,,,,,,,,,,,,,,,,,,,,,,,,,,,,,,,,,,,,,,,,,,,,,,,,,,,,,,,,,,,,,,,,,,,,,,,,,,,,,,,,,,,,,,,,,,,,,,,,,,,,,,,,,,,,,,,,,,,,,,,,,,,,,,,,,,,,,,,,,,,,,,,,,,,,,,,,,,,,,,,,,,,,,,,,,,,,,,,,,,,,,,,,,,,,,,,,,,,,,,,,,,,,,,,,,,,,,,,,,,,,,,,,,,,,,,,,,,,,,,,,,,,,,,,,,
scenario,2,,,,,,,,,,,,,,,,,,,,,,,,,,,,,,,,,,,,,,,,,,,,,,,,,,,,,,,,,,,,,,,,,,,,,,,,,,,,,,,,,,,,,,,,,,,,,,,,,,,,,,,,,,,,,,,,,,,,,,,,,,,,,,,,,,,,,,,,,,,,,,,,,,,,,,,,,,,,,,,,,,,,,,,,,,,,,,,,,,,,,,,,,,,,,,,,,,,,,,,,,,,,,,,,,,,,,,,,,,,,,,,,,,,,,,,,,,,,,,,,,,,,,,,,,,,,,,,,,,,,,,,,,,,,,,,,,,,,,,,,,,,,,,,,,,,,,,,,,,,,,,,,,,,,,,,,,,,,,,,,,,,,,,,,,,,,,,,
scene,part_path,180,prolong_when_ends,,,,,,,,,,,,,,,,,,,,,,,,,,,,,,,,,,,,,,,,,,,,,,,,,,,,,,,,,,,,,,,,,,,,,,,,,,,,,,,,,,,,,,,,,,,,,,,,,,,,,,,,,,,,,,,,,,,,,,,,,,,,,,,,,,,,,,,,,,,,,,,,,,,,,,,,,,,,,,,,,,,,,,,,,,,,,,,,,,,,,,,,,,,,,,,,,,,,,,,,,,,,,,,,,,,,,,,,,,,,,,,,,,,,,,,,,,,,,,,,,,,,,,,,,,,,,,,,,,,,,,,,,,,,,,,,,,,,,,,,,,,,,,,,,,,,,,,,,,,,,,,,,,,,,,,,,,,,,,,,,,,,,,,,,,,,,
1,part_path,part_path,part_path,part_path,part_path,part_path,part_path,part_path,part_path,part_path,part_path,part_path,part_path,part_path,part_path,part_path,part_path,part_path,part_path,part_path,part_path,part_path,part_path,part_path,part_path,part_path,part_path,part_path,part_path,part_path,part_path,part_path,part_path,part_path,part_path,part_path,part_path,part_path,part_path,part_path,part_path,part_path,part_path,part_path,part_path,part_path,part_path,part_path,part_path,part_path,part_path,part_path,part_path,part_path,part_path,part_path,part_path,part_path,part_path,part_path,part_path,part_path,part_path,part_path,part_path,part_path,part_path,part_path,part_path,part_path,part_path,part_path,part_path,part_path,part_path,part_path,part_path,part_path,part_path,part_path,part_path,part_path,part_path,part_path,part_path,part_path,part_path,part_path,part_path,part_path,part_path,part_path,part_path,part_path,part_path,part_path,part_path,part_path,part_path,part_path,part_path,part_path,part_path,part_path,part_path,part_path,part_path,part_path,part_path,part_path,part_path,part_path,part_path,part_path,part_path,part_path,part_path,part_path,part_path,part_path,part_path,part_path,part_path,part_path,part_path,part_path,part_path,part_path,part_path,part_path,part_path,part_path,part_path,part_path,part_path,part_path,part_path,part_path,part_path,part_path,part_path,part_path,part_path,part_path,part_path,part_path,part_path,part_path,part_path,part_path,part_path,part_path,part_path,part_path,part_path,part_path,part_path,part_path,part_path,part_path,part_path,part_path,part_path,part_path,part_path,part_path,part_path,part_path,part_path,part_path,part_path,part_path,part_path,part_path,part_path,part_path,part_path,part_path,part_path,part_path,part_path,part_path,part_path,part_path,part_path,part_path,part_path,part_path,part_path,part_path,part_path,part_path,part_path,part_path,part_path,part_path,part_path,part_path,part_path,part_path,part_path,part_path,part_path,part_path,part_path,part_path,part_path,part_path,part_path,part_path,part_path,part_path,part_path,part_path,part_path,part_path,part_path,part_path,part_path,part_path,part_path,part_path,part_path,part_path,part_path,part_path,part_path,part_path,part_path,part_path,part_path,part_path,part_path,part_path,part_path,part_path,part_path,part_path,part_path,part_path,part_path,part_path,part_path,part_path,part_path,part_path,part_path,part_path,part_path,part_path,part_path,part_path,part_path,part_path,part_path,part_path,part_path
ID,auto_beat,auto_pulse,clearAllLayers,clearCA,clearLayer,reset_camera,camera_BG_subtr,mute_second_screen,invertAllLayers,take_snapshots,cursorSize,auto_beat_duration,master,CAMixingWeight,CAMixingWeight_pulse,PartMixingWeight,PartMixingWeight_pulse,trackMixingWeight_0,trackMixingWeight_0_pulse,CAMasterWeight,CAMasterWeight_pulse,PartMasterWeight,PartMasterWeight_pulse,trackMasterWeight_0,trackMasterWeight_0_pulse,echo,echo_pulse,echoNeg,echoNeg_pulse,CAdecay,CAdecay_pulse,partDecay,partDecay_pulse,trkDecay_0,trkDecay_0_pulse,trkDecay_1,trkDecay_1_pulse,trkDecay_2,trkDecay_2_pulse,trkDecay_3,trkDecay_3_pulse,pen_radius,pen_radius_pulse,pen_hue,pen_hue_pulse,pen_sat,pen_sat_pulse,pen_value,pen_value_pulse,pen_color_a,pen_color_a_pulse,pen_brush,pen_radius_replay,pen_radius_replay_pulse,pen_hue_replay,pen_hue_replay_pulse,pen_grey_replay,pen_grey_replay_pulse,pen_saturation_replay,pen_saturation_replay_pulse,pen_value_replay,pen_value_replay_pulse,pen_brush_replay,currentDrawingTrack,currentVideoTrack,currentPhotoTrack,track_x_transl_0,track_x_transl_0_pulse,track_y_transl_0,track_y_transl_0_pulse,track_x_transl_1,track_x_transl_1_pulse,track_y_transl_1,track_y_transl_1_pulse,part_initialization,part_path_repop_0,part_path_follow_0,part_path_repulse_0,path_record_1,path_replay_trackNo_1,part_size,part_size_pulse,part_acc,part_acc_pulse,part_image_acceleration,part_damp,part_damp_pulse,part_gravity,pulsed_part_Hshift,pulsed_part_Vshift,noiseUpdateScale,noiseUpdateScale_pulse,noiseParticleScale,noiseParticleScale_pulse,part_field_weight,part_field_weight_pulse,part_damp_targtRad,part_timeToTargt,particle_type,partMove_target,partMove_rand,partExit_mode,partStroke_mode,partColor_mode,pixel_acc,pixel_acc_pulse,pixel_acc_shiftX,pixel_acc_shiftX_pulse,pixel_acc_shiftY,pixel_acc_shiftY_pulse,pixel_radius,pixel_radius_pulse,pixel_mode,repop_CA,repop_CA_pulse,repop_part,repop_part_pulse,repop_BG,repop_BG_pulse,repop_path,repop_path_pulse,BG_CA_repop_density,Part_repop_density,repop_colorBG,repop_colorBG_pulse,repop_greyBG,repop_greyBG_pulse,repop_colorPart,repop_colorPart_pulse,repop_greyPart,repop_greyPart_pulse,repop_colorCA,repop_colorCA_pulse,repop_greyCA,repop_greyCA_pulse,cameraWB_R,cameraWB_B,cameraExposure,cameraGain,cameraBrightness,cameraSaturation,cameraContrast,cameraGamma,cameraCaptFreq,playing_movieNo,movieCaptFreq,photo_diaporama,photo_diaporama_fade,photo_diaporama_plateau,activeClipArts,playing_soundtrackNo,cameraThreshold,cameraThreshold_pulse,cameraWeight,cameraWeight_pulse,cameraSobel,cameraSobel_pulse,camera_gamma,camera_gamma_pulse,movieWeight,movieWeight_pulse,movieSobel,movieSobel_pulse,movie_gamma,movie_gamma_pulse,movie_threshold,movie_threshold_pulse,invertMovie,invertCamera,video_satur,video_satur_pulse,video_gamma,video_gamma_pulse,video_value,video_value_pulse,video_threshold,video_threshold_pulse,photoWeight,photoWeight_pulse,photo_satur,photo_satur_pulse,photo_gamma,photo_gamma_pulse,photo_threshold,photo_threshold_pulse,photo_value,photo_value_pulse,photoSobel,photoSobel_pulse,invertPhoto,photoJitterAmpl,maskJitterAmpl,photo_scale,mask_scale,photo_contrast,mask_contrast,CAParams1,CAParams1_pulse,CA1Type,CA1SubType,CA2Type,CA2SubType,CA1_CA2_weight,flashPartCA_freq,flashTrkCA_freq_0,flashTrkCA_freq_1,flashTrkCA_freq_2,flashCABG_freq,flashPartBG_freq,flashTrkBG_freq_1,flashTrkBG_freq_2,flashCAPart_freq,flashTrkPart_freq_0,flashTrkPart_freq_1,flashTrkPart_freq_2,flashParticleInit_freq,flashPixel_freq,flashPixel_duration,flashPhotoChangeBeat,flashCameraTrkLength,flashCameraTrkBright,flashCameraTrkBeat,beat_threshold,beat_delay,sound_volume,sound_min,pen_radius_pressure_coef,pen_radius_angleHor_coef,pen_radius_angleVer_coef,tracksSync,cameraCumul,CAstep,interfaceOnScreen,CAcolorSpread,master_scale,master_scale_pulse,master_scale_ratio,master_offsetX,master_offsetY,freeze,sound_env_min,sound_env_max,audioInput_weight,soundtrack_weight,sensor_sample_setUp,sensor_layout,sensor_activation,sensor_vol,movie_loop,path_replay_loop,path_replay_loop,MIDIwithBeat,MIDIwithColor,MIDIwithBrush,MIDIwithPhotoFlash,MIDIwithCameraFlash,cameraNo
,0,0,0,0,0,0,1,1,0,1,5,0.2,1,1,0,1,0,0.97028/0/0/0,0/0/0/0,0,0,0,0,0/1/1/0,0/0/0/0,0.99943,0,0,0,0.2,0,0.00081,0,0,0,0.01,0,0,0,0,0,0,0,0.5,0,1,0,1,0,1,0,0,1,0,0,0,1,0,0,0,0,0,0,1,2,2,0,0,0,0,0,0,0,0,-1,1/0/0/0/0/1/0/0/0/0/0/0,1/0/0/0/0/0/0/0/0/0/0/0,0/0/0/0/0/0/0/0/0/0/0/0,0/0/0/0/0/0/0/0/0/0/0,1/1/1/1/1/-1/-1/-1/-1/-1/-1,1.19741,0,0.04581,0,-1,0.03216,-0.1,0.03015,0,0,0,0,0,0,0.1014,0,208.131912,13.26447,0,0,1,0,1,2,0.00252,0,0.52814,0,0.5581,0,1.17509,0,1,0,0,0,0,0.9,0,0.18087,0,0,0,0.48431,0.53753,0,0,0.52143,0.12286,0,0,0.61177,0,0,0,-1,2800,-6,14,-2,9,16,0,10,-1,0,-1,0,10000,0,-1,0,0,0,0,0,0,1,0,0,0,0,0,1,0,0,0,0,0,0.59608,0,1,0,0,0,0,0,0,0,1,0,1.65808,0,0.15408,0,1,0,0,0,0,0,0,1,0,0,0,0.48426/0.58136/0.67846/0/0.56187/0.464/0.77651/0.64875,0/0/0/0/0/0/0/0,3,1,0,0,1,9,0,0,0,0,9,8,8,0,0,0,0,0,0,9,9,10,1,0,0.86859,209.285019,0.8,0,0,0,0,0,0,1,0,1,1,0,1,0,0,0,25,91,1,1,1,0,0,1,1,1,1,0,0,0,0,0,-1
,0,0,0,0,0,0,1,1,0,1,5,0.2,1,1,0,1,0,0.97028/0/0/0,0/0/0/0,0,0,0,0,0/1/1/0,0/0/0/0,0.99943,0,0,0,0.2,0,0.00081,0,0,0,0.01,0,0,0,0,0,0,0,0.5,0,1,0,1,0,1,0,0,1,0,0,0,1,0,0,0,0,0,0,1,2,2,0,0,0,0,0,0,0,0,-1,1/0/0/0/0/1/0/0/0/0/0/0,1/0/0/0/0/0/0/0/0/0/0/0,0/0/0/0/0/0/0/0/0/0/0/0,0/0/0/0/0/0/0/0/0/0/0,1/1/1/1/1/-1/-1/-1/-1/-1/-1,1.19741,0,0.04581,0,-1,0.03216,-0.1,0.03015,0,0,0,0,0,0,0.1014,0,208.131912,13.26447,0,0,1,0,1,2,0.00252,0,0.52814,0,0.5581,0,1.17509,0,1,0,0,0,0,0.9,0,0.18087,0,0,0,0.48431,0.53753,0,0,0.52143,0.12286,0,0,0.61177,0,0,0,-1,2800,-6,14,-2,9,16,0,10,-1,0,-1,0,10000,0,-1,0,0,0,0,0,0,1,0,0,0,0,0,1,0,0,0,0,0,0.59608,0,1,0,0,0,0,0,0,0,1,0,1.65808,0,0.15408,0,1,0,0,0,0,0,0,1,0,0,0,0.48426/0.58136/0.67846/0/0.56187/0.464/0.77651/0.64875,0/0/0/0/0/0/0/0,3,1,0,0,1,9,0,0,0,0,9,8,8,0,0,0,0,0,0,9,9,10,1,0,0.86859,209.285019,0.8,0,0,0,0,0,0,1,0,1,1,0,1,0,0,0,25,91,1,1,1,0,0,1,1,1,1,0,0,0,0,0,-1
,k,k,s,s,s,s,s,s,s,k,s,k,s,s,s,s,s,s,s,s,s,s,s,s,s,s,s,s,s,s,s,s,s,s,s,s,s,s,s,s,s,s,s,s,s,s,s,s,s,s,s,s,k,s,s,s,s,s,s,s,s,s,s,s,s,s,s,s,s,s,s,s,s,s,s,s,s,s,s,s,l,s,s,s,s,s,s,s,s,s,s,s,s,s,s,s,s,s,s,s,s,s,s,s,s,s,s,s,s,s,s,s,s,s,s,l,s,s,s,s,s,s,s,s,s,s,s,s,s,s,s,s,s,s,s,s,s,s,s,s,s,s,s,s,s,s,s,s,s,s,s,s,s,s,s,s,s,s,s,s,s,s,s,s,s,s,s,s,s,s,s,s,s,s,s,s,s,s,s,s,s,s,s,s,s,s,s,l,s,s,s,s,s,s,s,s,s,s,s,s,s,s,s,s,s,s,s,s,s,s,s,s,s,s,s,s,s,s,s,s,s,s,k,k,k,k,s,s,s,s,s,s,s,s,s,s,s,s,s,s,k,k,s,s,s,s,s,k,k,k,k,s,s,s,s,s,s
/scene,,,,,,,,,,,,,,,,,,,,,,,,,,,,,,,,,,,,,,,,,,,,,,,,,,,,,,,,,,,,,,,,,,,,,,,,,,,,,,,,,,,,,,,,,,,,,,,,,,,,,,,,,,,,,,,,,,,,,,,,,,,,,,,,,,,,,,,,,,,,,,,,,,,,,,,,,,,,,,,,,,,,,,,,,,,,,,,,,,,,,,,,,,,,,,,,,,,,,,,,,,,,,,,,,,,,,,,,,,,,,,,,,,,,,,,,,,,,,,,,,,,,,,,,,,,,,,,,,,,,,,,,,,,,,,,,,,,,,,,,,,,,,,,,,,,,,,,,,,,,,,,,,,,,,,,,,,,,,,,,,,,,,,,,,,,,,,,,
scene,part_firework,180,prolong_when_ends,,,,,,,,,,,,,,,,,,,,,,,,,,,,,,,,,,,,,,,,,,,,,,,,,,,,,,,,,,,,,,,,,,,,,,,,,,,,,,,,,,,,,,,,,,,,,,,,,,,,,,,,,,,,,,,,,,,,,,,,,,,,,,,,,,,,,,,,,,,,,,,,,,,,,,,,,,,,,,,,,,,,,,,,,,,,,,,,,,,,,,,,,,,,,,,,,,,,,,,,,,,,,,,,,,,,,,,,,,,,,,,,,,,,,,,,,,,,,,,,,,,,,,,,,,,,,,,,,,,,,,,,,,,,,,,,,,,,,,,,,,,,,,,,,,,,,,,,,,,,,,,,,,,,,,,,,,,,,,,,,,,,,,,,,,,,,
2,part_firework,part_firework,part_firework,part_firework,part_firework,part_firework,part_firework,part_firework,part_firework,part_firework,part_firework,part_firework,part_firework,part_firework,part_firework,part_firework,part_firework,part_firework,part_firework,part_firework,part_firework,part_firework,part_firework,part_firework,part_firework,part_firework,part_firework,part_firework,part_firework,part_firework,part_firework,part_firework,part_firework,part_firework,part_firework,part_firework,part_firework,part_firework,part_firework,part_firework,part_firework,part_firework,part_firework,part_firework,part_firework,part_firework,part_firework,part_firework,part_firework,part_firework,part_firework,part_firework,part_firework,part_firework,part_firework,part_firework,part_firework,part_firework,part_firework,part_firework,part_firework,part_firework,part_firework,part_firework,part_firework,part_firework,part_firework,part_firework,part_firework,part_firework,part_firework,part_firework,part_firework,part_firework,part_firework,part_firework,part_firework,part_firework,part_firework,part_firework,part_firework,part_firework,part_firework,part_firework,part_firework,part_firework,part_firework,part_firework,part_firework,part_firework,part_firework,part_firework,part_firework,part_firework,part_firework,part_firework,part_firework,part_firework,part_firework,part_firework,part_firework,part_firework,part_firework,part_firework,part_firework,part_firework,part_firework,part_firework,part_firework,part_firework,part_firework,part_firework,part_firework,part_firework,part_firework,part_firework,part_firework,part_firework,part_firework,part_firework,part_firework,part_firework,part_firework,part_firework,part_firework,part_firework,part_firework,part_firework,part_firework,part_firework,part_firework,part_firework,part_firework,part_firework,part_firework,part_firework,part_firework,part_firework,part_firework,part_firework,part_firework,part_firework,part_firework,part_firework,part_firework,part_firework,part_firework,part_firework,part_firework,part_firework,part_firework,part_firework,part_firework,part_firework,part_firework,part_firework,part_firework,part_firework,part_firework,part_firework,part_firework,part_firework,part_firework,part_firework,part_firework,part_firework,part_firework,part_firework,part_firework,part_firework,part_firework,part_firework,part_firework,part_firework,part_firework,part_firework,part_firework,part_firework,part_firework,part_firework,part_firework,part_firework,part_firework,part_firework,part_firework,part_firework,part_firework,part_firework,part_firework,part_firework,part_firework,part_firework,part_firework,part_firework,part_firework,part_firework,part_firework,part_firework,part_firework,part_firework,part_firework,part_firework,part_firework,part_firework,part_firework,part_firework,part_firework,part_firework,part_firework,part_firework,part_firework,part_firework,part_firework,part_firework,part_firework,part_firework,part_firework,part_firework,part_firework,part_firework,part_firework,part_firework,part_firework,part_firework,part_firework,part_firework,part_firework,part_firework,part_firework,part_firework,part_firework,part_firework,part_firework,part_firework,part_firework,part_firework,part_firework,part_firework,part_firework,part_firework,part_firework,part_firework,part_firework,part_firework,part_firework,part_firework,part_firework,part_firework,part_firework,part_firework,part_firework,part_firework,part_firework,part_firework,part_firework,part_firework,part_firework
ID,auto_beat,auto_pulse,clearAllLayers,clearCA,clearLayer,reset_camera,camera_BG_subtr,mute_second_screen,invertAllLayers,take_snapshots,cursorSize,auto_beat_duration,master,CAMixingWeight,CAMixingWeight_pulse,PartMixingWeight,PartMixingWeight_pulse,trackMixingWeight_0,trackMixingWeight_0_pulse,CAMasterWeight,CAMasterWeight_pulse,PartMasterWeight,PartMasterWeight_pulse,trackMasterWeight_0,trackMasterWeight_0_pulse,echo,echo_pulse,echoNeg,echoNeg_pulse,CAdecay,CAdecay_pulse,partDecay,partDecay_pulse,trkDecay_0,trkDecay_0_pulse,trkDecay_1,trkDecay_1_pulse,trkDecay_2,trkDecay_2_pulse,trkDecay_3,trkDecay_3_pulse,pen_radius,pen_radius_pulse,pen_hue,pen_hue_pulse,pen_sat,pen_sat_pulse,pen_value,pen_value_pulse,pen_color_a,pen_color_a_pulse,pen_brush,pen_radius_replay,pen_radius_replay_pulse,pen_hue_replay,pen_hue_replay_pulse,pen_grey_replay,pen_grey_replay_pulse,pen_saturation_replay,pen_saturation_replay_pulse,pen_value_replay,pen_value_replay_pulse,pen_brush_replay,currentDrawingTrack,currentVideoTrack,currentPhotoTrack,track_x_transl_0,track_x_transl_0_pulse,track_y_transl_0,track_y_transl_0_pulse,track_x_transl_1,track_x_transl_1_pulse,track_y_transl_1,track_y_transl_1_pulse,part_initialization,part_path_repop_0,part_path_follow_0,part_path_repulse_0,path_record_1,path_replay_trackNo_1,part_size,part_size_pulse,part_acc,part_acc_pulse,part_image_acceleration,part_damp,part_damp_pulse,part_gravity,pulsed_part_Hshift,pulsed_part_Vshift,noiseUpdateScale,noiseUpdateScale_pulse,noiseParticleScale,noiseParticleScale_pulse,part_field_weight,part_field_weight_pulse,part_damp_targtRad,part_timeToTargt,particle_type,partMove_target,partMove_rand,partExit_mode,partStroke_mode,partColor_mode,pixel_acc,pixel_acc_pulse,pixel_acc_shiftX,pixel_acc_shiftX_pulse,pixel_acc_shiftY,pixel_acc_shiftY_pulse,pixel_radius,pixel_radius_pulse,pixel_mode,repop_CA,repop_CA_pulse,repop_part,repop_part_pulse,repop_BG,repop_BG_pulse,repop_path,repop_path_pulse,BG_CA_repop_density,Part_repop_density,repop_colorBG,repop_colorBG_pulse,repop_greyBG,repop_greyBG_pulse,repop_colorPart,repop_colorPart_pulse,repop_greyPart,repop_greyPart_pulse,repop_colorCA,repop_colorCA_pulse,repop_greyCA,repop_greyCA_pulse,cameraWB_R,cameraWB_B,cameraExposure,cameraGain,cameraBrightness,cameraSaturation,cameraContrast,cameraGamma,cameraCaptFreq,playing_movieNo,movieCaptFreq,photo_diaporama,photo_diaporama_fade,photo_diaporama_plateau,activeClipArts,playing_soundtrackNo,cameraThreshold,cameraThreshold_pulse,cameraWeight,cameraWeight_pulse,cameraSobel,cameraSobel_pulse,camera_gamma,camera_gamma_pulse,movieWeight,movieWeight_pulse,movieSobel,movieSobel_pulse,movie_gamma,movie_gamma_pulse,movie_threshold,movie_threshold_pulse,invertMovie,invertCamera,video_satur,video_satur_pulse,video_gamma,video_gamma_pulse,video_value,video_value_pulse,video_threshold,video_threshold_pulse,photoWeight,photoWeight_pulse,photo_satur,photo_satur_pulse,photo_gamma,photo_gamma_pulse,photo_threshold,photo_threshold_pulse,photo_value,photo_value_pulse,photoSobel,photoSobel_pulse,invertPhoto,photoJitterAmpl,maskJitterAmpl,photo_scale,mask_scale,photo_contrast,mask_contrast,CAParams1,CAParams1_pulse,CA1Type,CA1SubType,CA2Type,CA2SubType,CA1_CA2_weight,flashPartCA_freq,flashTrkCA_freq_0,flashTrkCA_freq_1,flashTrkCA_freq_2,flashCABG_freq,flashPartBG_freq,flashTrkBG_freq_1,flashTrkBG_freq_2,flashCAPart_freq,flashTrkPart_freq_0,flashTrkPart_freq_1,flashTrkPart_freq_2,flashParticleInit_freq,flashPixel_freq,flashPixel_duration,flashPhotoChangeBeat,flashCameraTrkLength,flashCameraTrkBright,flashCameraTrkBeat,beat_threshold,beat_delay,sound_volume,sound_min,pen_radius_pressure_coef,pen_radius_angleHor_coef,pen_radius_angleVer_coef,tracksSync,cameraCumul,CAstep,interfaceOnScreen,CAcolorSpread,master_scale,master_scale_pulse,master_scale_ratio,master_offsetX,master_offsetY,freeze,sound_env_min,sound_env_max,audioInput_weight,soundtrack_weight,sensor_sample_setUp,sensor_layout,sensor_activation,sensor_vol,movie_loop,path_replay_loop,path_replay_loop,MIDIwithBeat,MIDIwithColor,MIDIwithBrush,MIDIwithPhotoFlash,MIDIwithCameraFlash,cameraNo
,0,0,0,0,0,0,1,1,0,1,5,0.2,1,1,0,1,0,0.97028/0/0/0,0/0/0/0,0,0,0,0,0/1/1/0,0/0/0/0,0.99943,0,0,0,0.2,0,0.00081,0,0,0,0.01,0,0,0,0,0,0,0,0.5,0,1,0,1,0,1,0,0,1,0,0,0,1,0,0,0,0,0,0,1,2,2,0,0,0,0,0,0,0,0,-1,1/0/0/0/0/1/0/0/0/0/0/0,1/0/0/0/0/0/0/0/0/0/0/0,0/0/0/0/0/0/0/0/0/0/0/0,0/0/0/0/0/0/0/0/0/0/0,1/1/1/1/1/-1/-1/-1/-1/-1/-1,1.19741,0,0.04581,0,-1,0.03216,-0.1,0.03015,0,0,0,0,0,0,0.1014,0,208.131912,13.26447,0,0,1,0,1,2,0.00252,0,0.52814,0,0.5581,0,1.17509,0,1,0,0,0,0,0.9,0,0.18087,0,0,0,0.48431,0.53753,0,0,0.52143,0.12286,0,0,0.61177,0,0,0,-1,2800,-6,14,-2,9,16,0,10,-1,0,-1,0,10000,0,-1,0,0,0,0,0,0,1,0,0,0,0,0,1,0,0,0,0,0,0.59608,0,1,0,0,0,0,0,0,0,1,0,1.65808,0,0.15408,0,1,0,0,0,0,0,0,1,0,0,0,0.48426/0.58136/0.67846/0/0.56187/0.464/0.77651/0.64875,0/0/0/0/0/0/0/0,3,1,0,0,1,9,0,0,0,0,9,8,8,0,0,0,0,0,0,9,9,10,1,0,0.86859,209.285019,0.8,0,0,0,0,0,0,1,0,1,1,0,1,0,0,0,25,91,1,1,1,0,0,1,1,1,1,0,0,0,0,0,-1
,0,0,0,0,0,0,1,1,0,1,5,0.2,1,1,0,1,0,0.97028/0/0/0,0/0/0/0,0,0,0,0,0/1/1/0,0/0/0/0,0.99943,0,0,0,0.2,0,0.00081,0,0,0,0.01,0,0,0,0,0,0,0,0.5,0,1,0,1,0,1,0,0,1,0,0,0,1,0,0,0,0,0,0,1,2,2,0,0,0,0,0,0,0,0,-1,1/0/0/0/0/1/0/0/0/0/0/0,1/0/0/0/0/0/0/0/0/0/0/0,0/0/0/0/0/0/0/0/0/0/0/0,0/0/0/0/0/0/0/0/0/0/0,1/1/1/1/1/-1/-1/-1/-1/-1/-1,1.19741,0,0.04581,0,-1,0.03216,-0.1,0.03015,0,0,0,0,0,0,0.1014,0,208.131912,13.26447,0,0,1,0,1,2,0.00252,0,0.52814,0,0.5581,0,1.17509,0,1,0,0,0,0,0.9,0,0.18087,0,0,0,0.48431,0.53753,0,0,0.52143,0.12286,0,0,0.61177,0,0,0,-1,2800,-6,14,-2,9,16,0,10,-1,0,-1,0,10000,0,-1,0,0,0,0,0,0,1,0,0,0,0,0,1,0,0,0,0,0,0.59608,0,1,0,0,0,0,0,0,0,1,0,1.65808,0,0.15408,0,1,0,0,0,0,0,0,1,0,0,0,0.48426/0.58136/0.67846/0/0.56187/0.464/0.77651/0.64875,0/0/0/0/0/0/0/0,3,1,0,0,1,9,0,0,0,0,9,8,8,0,0,0,0,0,0,9,9,10,1,0,0.86859,209.285019,0.8,0,0,0,0,0,0,1,0,1,1,0,1,0,0,0,25,91,1,1,1,0,0,1,1,1,1,0,0,0,0,0,-1
,k,k,s,s,s,s,s,s,s,k,s,k,s,s,s,s,s,s,s,s,s,s,s,s,s,s,s,s,s,s,s,s,s,s,s,s,s,s,s,s,s,s,s,s,s,s,s,s,s,s,s,s,k,s,s,s,s,s,s,s,s,s,s,s,s,s,s,s,s,s,s,s,s,s,s,s,s,s,s,s,l,s,s,s,s,s,s,s,s,s,s,s,s,s,s,s,s,s,s,s,s,s,s,s,s,s,s,s,s,s,s,s,s,s,s,l,s,s,s,s,s,s,s,s,s,s,s,s,s,s,s,s,s,s,s,s,s,s,s,s,s,s,s,s,s,s,s,s,s,s,s,s,s,s,s,s,s,s,s,s,s,s,s,s,s,s,s,s,s,s,s,s,s,s,s,s,s,s,s,s,s,s,s,s,s,s,s,l,s,s,s,s,s,s,s,s,s,s,s,s,s,s,s,s,s,s,s,s,s,s,s,s,s,s,s,s,s,s,s,s,s,s,k,k,k,k,s,s,s,s,s,s,s,s,s,s,s,s,s,s,k,k,s,s,s,s,s,k,k,k,k,s,s,s,s,s,s
/scene,,,,,,,,,,,,,,,,,,,,,,,,,,,,,,,,,,,,,,,,,,,,,,,,,,,,,,,,,,,,,,,,,,,,,,,,,,,,,,,,,,,,,,,,,,,,,,,,,,,,,,,,,,,,,,,,,,,,,,,,,,,,,,,,,,,,,,,,,,,,,,,,,,,,,,,,,,,,,,,,,,,,,,,,,,,,,,,,,,,,,,,,,,,,,,,,,,,,,,,,,,,,,,,,,,,,,,,,,,,,,,,,,,,,,,,,,,,,,,,,,,,,,,,,,,,,,,,,,,,,,,,,,,,,,,,,,,,,,,,,,,,,,,,,,,,,,,,,,,,,,,,,,,,,,,,,,,,,,,,,,,,,,,,,,,,,,,,,
/scenario,,,,,,,,,,,,,,,,,,,,,,,,,,,,,,,,,,,,,,,,,,,,,,,,,,,,,,,,,,,,,,,,,,,,,,,,,,,,,,,,,,,,,,,,,,,,,,,,,,,,,,,,,,,,,,,,,,,,,,,,,,,,,,,,,,,,,,,,,,,,,,,,,,,,,,,,,,,,,,,,,,,,,,,,,,,,,,,,,,,,,,,,,,,,,,,,,,,,,,,,,,,,,,,,,,,,,,,,,,,,,,,,,,,,,,,,,,,,,,,,,,,,,,,,,,,,,,,,,,,,,,,,,,,,,,,,,,,,,,,,,,,,,,,,,,,,,,,,,,,,,,,,,,,,,,,,,,,,,,,,,,,,,,,,,,,,,,,,
videos,2,,,,,,,,,,,,,,,,,,,,,,,,,,,,,,,,,,,,,,,,,,,,,,,,,,,,,,,,,,,,,,,,,,,,,,,,,,,,,,,,,,,,,,,,,,,,,,,,,,,,,,,,,,,,,,,,,,,,,,,,,,,,,,,,,,,,,,,,,,,,,,,,,,,,,,,,,,,,,,,,,,,,,,,,,,,,,,,,,,,,,,,,,,,,,,,,,,,,,,,,,,,,,,,,,,,,,,,,,,,,,,,,,,,,,,,,,,,,,,,,,,,,,,,,,,,,,,,,,,,,,,,,,,,,,,,,,,,,,,,,,,,,,,,,,,,,,,,,,,,,,,,,,,,,,,,,,,,,,,,,,,,,,,,,,,,,,,,
movie,Pierres/verdures.mp4,VERDURES,,,,,,,,,,,,,,,,,,,,,,,,,,,,,,,,,,,,,,,,,,,,,,,,,,,,,,,,,,,,,,,,,,,,,,,,,,,,,,,,,,,,,,,,,,,,,,,,,,,,,,,,,,,,,,,,,,,,,,,,,,,,,,,,,,,,,,,,,,,,,,,,,,,,,,,,,,,,,,,,,,,,,,,,,,,,,,,,,,,,,,,,,,,,,,,,,,,,,,,,,,,,,,,,,,,,,,,,,,,,,,,,,,,,,,,,,,,,,,,,,,,,,,,,,,,,,,,,,,,,,,,,,,,,,,,,,,,,,,,,,,,,,,,,,,,,,,,,,,,,,,,,,,,,,,,,,,,,,,,,,,,,,,,,,,,,,,
movie,Pierres/lynch.mp4,LYNCH,,,,,,,,,,,,,,,,,,,,,,,,,,,,,,,,,,,,,,,,,,,,,,,,,,,,,,,,,,,,,,,,,,,,,,,,,,,,,,,,,,,,,,,,,,,,,,,,,,,,,,,,,,,,,,,,,,,,,,,,,,,,,,,,,,,,,,,,,,,,,,,,,,,,,,,,,,,,,,,,,,,,,,,,,,,,,,,,,,,,,,,,,,,,,,,,,,,,,,,,,,,,,,,,,,,,,,,,,,,,,,,,,,,,,,,,,,,,,,,,,,,,,,,,,,,,,,,,,,,,,,,,,,,,,,,,,,,,,,,,,,,,,,,,,,,,,,,,,,,,,,,,,,,,,,,,,,,,,,,,,,,,,,,,,,,,,,
/videos,,,,,,,,,,,,,,,,,,,,,,,,,,,,,,,,,,,,,,,,,,,,,,,,,,,,,,,,,,,,,,,,,,,,,,,,,,,,,,,,,,,,,,,,,,,,,,,,,,,,,,,,,,,,,,,,,,,,,,,,,,,,,,,,,,,,,,,,,,,,,,,,,,,,,,,,,,,,,,,,,,,,,,,,,,,,,,,,,,,,,,,,,,,,,,,,,,,,,,,,,,,,,,,,,,,,,,,,,,,,,,,,,,,,,,,,,,,,,,,,,,,,,,,,,,,,,,,,,,,,,,,,,,,,,,,,,,,,,,,,,,,,,,,,,,,,,,,,,,,,,,,,,,,,,,,,,,,,,,,,,,,,,,,,,,,,,,,,
clips,0,width,height,cropped_width,cropped_height,,,,,,,,,,,,,,,,,,,,,,,,,,,,,,,,,,,,,,,,,,,,,,,,,,,,,,,,,,,,,,,,,,,,,,,,,,,,,,,,,,,,,,,,,,,,,,,,,,,,,,,,,,,,,,,,,,,,,,,,,,,,,,,,,,,,,,,,,,,,,,,,,,,,,,,,,,,,,,,,,,,,,,,,,,,,,,,,,,,,,,,,,,,,,,,,,,,,,,,,,,,,,,,,,,,,,,,,,,,,,,,,,,,,,,,,,,,,,,,,,,,,,,,,,,,,,,,,,,,,,,,,,,,,,,,,,,,,,,,,,,,,,,,,,,,,,,,,,,,,,,,,,,,,,,,,,,,,,,,,,,,,,,,,,,,
/clips,,,,,,,,,,,,,,,,,,,,,,,,,,,,,,,,,,,,,,,,,,,,,,,,,,,,,,,,,,,,,,,,,,,,,,,,,,,,,,,,,,,,,,,,,,,,,,,,,,,,,,,,,,,,,,,,,,,,,,,,,,,,,,,,,,,,,,,,,,,,,,,,,,,,,,,,,,,,,,,,,,,,,,,,,,,,,,,,,,,,,,,,,,,,,,,,,,,,,,,,,,,,,,,,,,,,,,,,,,,,,,,,,,,,,,,,,,,,,,,,,,,,,,,,,,,,,,,,,,,,,,,,,,,,,,,,,,,,,,,,,,,,,,,,,,,,,,,,,,,,,,,,,,,,,,,,,,,,,,,,,,,,,,,,,,,,,,,,
photos,1,,,,,,,,,,,,,,,,,,,,,,,,,,,,,,,,,,,,,,,,,,,,,,,,,,,,,,,,,,,,,,,,,,,,,,,,,,,,,,,,,,,,,,,,,,,,,,,,,,,,,,,,,,,,,,,,,,,,,,,,,,,,,,,,,,,,,,,,,,,,,,,,,,,,,,,,,,,,,,,,,,,,,,,,,,,,,,,,,,,,,,,,,,,,,,,,,,,,,,,,,,,,,,,,,,,,,,,,,,,,,,,,,,,,,,,,,,,,,,,,,,,,,,,,,,,,,,,,,,,,,,,,,,,,,,,,,,,,,,,,,,,,,,,,,,,,,,,,,,,,,,,,,,,,,,,,,,,,,,,,,,,,,,,,,,,,,,,
album,images/Novak/,,,,,,,,,,,,,,,,,,,,,,,,,,,,,,,,,,,,,,,,,,,,,,,,,,,,,,,,,,,,,,,,,,,,,,,,,,,,,,,,,,,,,,,,,,,,,,,,,,,,,,,,,,,,,,,,,,,,,,,,,,,,,,,,,,,,,,,,,,,,,,,,,,,,,,,,,,,,,,,,,,,,,,,,,,,,,,,,,,,,,,,,,,,,,,,,,,,,,,,,,,,,,,,,,,,,,,,,,,,,,,,,,,,,,,,,,,,,,,,,,,,,,,,,,,,,,,,,,,,,,,,,,,,,,,,,,,,,,,,,,,,,,,,,,,,,,,,,,,,,,,,,,,,,,,,,,,,,,,,,,,,,,,,,,,,,,,,
/photos,,,,,,,,,,,,,,,,,,,,,,,,,,,,,,,,,,,,,,,,,,,,,,,,,,,,,,,,,,,,,,,,,,,,,,,,,,,,,,,,,,,,,,,,,,,,,,,,,,,,,,,,,,,,,,,,,,,,,,,,,,,,,,,,,,,,,,,,,,,,,,,,,,,,,,,,,,,,,,,,,,,,,,,,,,,,,,,,,,,,,,,,,,,,,,,,,,,,,,,,,,,,,,,,,,,,,,,,,,,,,,,,,,,,,,,,,,,,,,,,,,,,,,,,,,,,,,,,,,,,,,,,,,,,,,,,,,,,,,,,,,,,,,,,,,,,,,,,,,,,,,,,,,,,,,,,,,,,,,,,,,,,,,,,,,,,,,,,
soundtracks,5,,,,,,,,,,,,,,,,,,,,,,,,,,,,,,,,,,,,,,,,,,,,,,,,,,,,,,,,,,,,,,,,,,,,,,,,,,,,,,,,,,,,,,,,,,,,,,,,,,,,,,,,,,,,,,,,,,,,,,,,,,,,,,,,,,,,,,,,,,,,,,,,,,,,,,,,,,,,,,,,,,,,,,,,,,,,,,,,,,,,,,,,,,,,,,,,,,,,,,,,,,,,,,,,,,,,,,,,,,,,,,,,,,,,,,,,,,,,,,,,,,,,,,,,,,,,,,,,,,,,,,,,,,,,,,,,,,,,,,,,,,,,,,,,,,,,,,,,,,,,,,,,,,,,,,,,,,,,,,,,,,,,,,,,,,,,,,,
track,AteliersEnfants/riviere.wav,RIVIERE,,,,,,,,,,,,,,,,,,,,,,,,,,,,,,,,,,,,,,,,,,,,,,,,,,,,,,,,,,,,,,,,,,,,,,,,,,,,,,,,,,,,,,,,,,,,,,,,,,,,,,,,,,,,,,,,,,,,,,,,,,,,,,,,,,,,,,,,,,,,,,,,,,,,,,,,,,,,,,,,,,,,,,,,,,,,,,,,,,,,,,,,,,,,,,,,,,,,,,,,,,,,,,,,,,,,,,,,,,,,,,,,,,,,,,,,,,,,,,,,,,,,,,,,,,,,,,,,,,,,,,,,,,,,,,,,,,,,,,,,,,,,,,,,,,,,,,,,,,,,,,,,,,,,,,,,,,,,,,,,,,,,,,,,,,,,,,
track,AteliersEnfants/chute.wav,CHUTE,,,,,,,,,,,,,,,,,,,,,,,,,,,,,,,,,,,,,,,,,,,,,,,,,,,,,,,,,,,,,,,,,,,,,,,,,,,,,,,,,,,,,,,,,,,,,,,,,,,,,,,,,,,,,,,,,,,,,,,,,,,,,,,,,,,,,,,,,,,,,,,,,,,,,,,,,,,,,,,,,,,,,,,,,,,,,,,,,,,,,,,,,,,,,,,,,,,,,,,,,,,,,,,,,,,,,,,,,,,,,,,,,,,,,,,,,,,,,,,,,,,,,,,,,,,,,,,,,,,,,,,,,,,,,,,,,,,,,,,,,,,,,,,,,,,,,,,,,,,,,,,,,,,,,,,,,,,,,,,,,,,,,,,,,,,,,,
track,AteliersEnfants/crash.wav,CRASH,,,,,,,,,,,,,,,,,,,,,,,,,,,,,,,,,,,,,,,,,,,,,,,,,,,,,,,,,,,,,,,,,,,,,,,,,,,,,,,,,,,,,,,,,,,,,,,,,,,,,,,,,,,,,,,,,,,,,,,,,,,,,,,,,,,,,,,,,,,,,,,,,,,,,,,,,,,,,,,,,,,,,,,,,,,,,,,,,,,,,,,,,,,,,,,,,,,,,,,,,,,,,,,,,,,,,,,,,,,,,,,,,,,,,,,,,,,,,,,,,,,,,,,,,,,,,,,,,,,,,,,,,,,,,,,,,,,,,,,,,,,,,,,,,,,,,,,,,,,,,,,,,,,,,,,,,,,,,,,,,,,,,,,,,,,,,,
track,AteliersEnfants/marche.wav,MARCHE,,,,,,,,,,,,,,,,,,,,,,,,,,,,,,,,,,,,,,,,,,,,,,,,,,,,,,,,,,,,,,,,,,,,,,,,,,,,,,,,,,,,,,,,,,,,,,,,,,,,,,,,,,,,,,,,,,,,,,,,,,,,,,,,,,,,,,,,,,,,,,,,,,,,,,,,,,,,,,,,,,,,,,,,,,,,,,,,,,,,,,,,,,,,,,,,,,,,,,,,,,,,,,,,,,,,,,,,,,,,,,,,,,,,,,,,,,,,,,,,,,,,,,,,,,,,,,,,,,,,,,,,,,,,,,,,,,,,,,,,,,,,,,,,,,,,,,,,,,,,,,,,,,,,,,,,,,,,,,,,,,,,,,,,,,,,,,
track,AteliersEnfants/musique.wav,MUSIK,,,,,,,,,,,,,,,,,,,,,,,,,,,,,,,,,,,,,,,,,,,,,,,,,,,,,,,,,,,,,,,,,,,,,,,,,,,,,,,,,,,,,,,,,,,,,,,,,,,,,,,,,,,,,,,,,,,,,,,,,,,,,,,,,,,,,,,,,,,,,,,,,,,,,,,,,,,,,,,,,,,,,,,,,,,,,,,,,,,,,,,,,,,,,,,,,,,,,,,,,,,,,,,,,,,,,,,,,,,,,,,,,,,,,,,,,,,,,,,,,,,,,,,,,,,,,,,,,,,,,,,,,,,,,,,,,,,,,,,,,,,,,,,,,,,,,,,,,,,,,,,,,,,,,,,,,,,,,,,,,,,,,,,,,,,,,,
/soundtracks,,,,,,,,,,,,,,,,,,,,,,,,,,,,,,,,,,,,,,,,,,,,,,,,,,,,,,,,,,,,,,,,,,,,,,,,,,,,,,,,,,,,,,,,,,,,,,,,,,,,,,,,,,,,,,,,,,,,,,,,,,,,,,,,,,,,,,,,,,,,,,,,,,,,,,,,,,,,,,,,,,,,,,,,,,,,,,,,,,,,,,,,,,,,,,,,,,,,,,,,,,,,,,,,,,,,,,,,,,,,,,,,,,,,,,,,,,,,,,,,,,,,,,,,,,,,,,,,,,,,,,,,,,,,,,,,,,,,,,,,,,,,,,,,,,,,,,,,,,,,,,,,,,,,,,,,,,,,,,,,,,,,,,,,,,,,,,,,
svg_paths,0,path_No,track_No,radius,color_r,color_g,color_b,readSpeedScale,,,,,,,,,,,,,,,,,,,,,,,,,,,,,,,,,,,,,,,,,,,,,,,,,,,,,,,,,,,,,,,,,,,,,,,,,,,,,,,,,,,,,,,,,,,,,,,,,,,,,,,,,,,,,,,,,,,,,,,,,,,,,,,,,,,,,,,,,,,,,,,,,,,,,,,,,,,,,,,,,,,,,,,,,,,,,,,,,,,,,,,,,,,,,,,,,,,,,,,,,,,,,,,,,,,,,,,,,,,,,,,,,,,,,,,,,,,,,,,,,,,,,,,,,,,,,,,,,,,,,,,,,,,,,,,,,,,,,,,,,,,,,,,,,,,,,,,,,,,,,,,,,,,,,,,,,,,,,,,,,,,,,,,,
/svg_paths,,,,,,,,,,,,,,,,,,,,,,,,,,,,,,,,,,,,,,,,,,,,,,,,,,,,,,,,,,,,,,,,,,,,,,,,,,,,,,,,,,,,,,,,,,,,,,,,,,,,,,,,,,,,,,,,,,,,,,,,,,,,,,,,,,,,,,,,,,,,,,,,,,,,,,,,,,,,,,,,,,,,,,,,,,,,,,,,,,,,,,,,,,,,,,,,,,,,,,,,,,,,,,,,,,,,,,,,,,,,,,,,,,,,,,,,,,,,,,,,,,,,,,,,,,,,,,,,,,,,,,,,,,,,,,,,,,,,,,,,,,,,,,,,,,,,,,,,,,,,,,,,,,,,,,,,,,,,,,,,,,,,,,,,,,,,,,,,
svg_clip_arts,0,nb_layers,scale,translation_x,translation_y,rotation,color,,,,,,,,,,,,,,,,,,,,,,,,,,,,,,,,,,,,,,,,,,,,,,,,,,,,,,,,,,,,,,,,,,,,,,,,,,,,,,,,,,,,,,,,,,,,,,,,,,,,,,,,,,,,,,,,,,,,,,,,,,,,,,,,,,,,,,,,,,,,,,,,,,,,,,,,,,,,,,,,,,,,,,,,,,,,,,,,,,,,,,,,,,,,,,,,,,,,,,,,,,,,,,,,,,,,,,,,,,,,,,,,,,,,,,,,,,,,,,,,,,,,,,,,,,,,,,,,,,,,,,,,,,,,,,,,,,,,,,,,,,,,,,,,,,,,,,,,,,,,,,,,,,,,,,,,,,,,,,,,,,,,,,,,,
/svg_clip_arts,,,,,,,,,,,,,,,,,,,,,,,,,,,,,,,,,,,,,,,,,,,,,,,,,,,,,,,,,,,,,,,,,,,,,,,,,,,,,,,,,,,,,,,,,,,,,,,,,,,,,,,,,,,,,,,,,,,,,,,,,,,,,,,,,,,,,,,,,,,,,,,,,,,,,,,,,,,,,,,,,,,,,,,,,,,,,,,,,,,,,,,,,,,,,,,,,,,,,,,,,,,,,,,,,,,,,,,,,,,,,,,,,,,,,,,,,,,,,,,,,,,,,,,,,,,,,,,,,,,,,,,,,,,,,,,,,,,,,,,,,,,,,,,,,,,,,,,,,,,,,,,,,,,,,,,,,,,,,,,,,,,,,,,,,,,,,,,,
meshes,0,scale,translation_x,translation_y,translation_z,rotation_angle,rotation_x,rotation_y,rotation_z,motion_x,motion_y,motion_z,color,texture_rank,,,,,,,,,,,,,,,,,,,,,,,,,,,,,,,,,,,,,,,,,,,,,,,,,,,,,,,,,,,,,,,,,,,,,,,,,,,,,,,,,,,,,,,,,,,,,,,,,,,,,,,,,,,,,,,,,,,,,,,,,,,,,,,,,,,,,,,,,,,,,,,,,,,,,,,,,,,,,,,,,,,,,,,,,,,,,,,,,,,,,,,,,,,,,,,,,,,,,,,,,,,,,,,,,,,,,,,,,,,,,,,,,,,,,,,,,,,,,,,,,,,,,,,,,,,,,,,,,,,,,,,,,,,,,,,,,,,,,,,,,,,,,,,,,,,,,,,,,,,,,,,,,,,,,,,,,,,,,,,,,,
/meshes,,,,,,,,,,,,,,,,,,,,,,,,,,,,,,,,,,,,,,,,,,,,,,,,,,,,,,,,,,,,,,,,,,,,,,,,,,,,,,,,,,,,,,,,,,,,,,,,,,,,,,,,,,,,,,,,,,,,,,,,,,,,,,,,,,,,,,,,,,,,,,,,,,,,,,,,,,,,,,,,,,,,,,,,,,,,,,,,,,,,,,,,,,,,,,,,,,,,,,,,,,,,,,,,,,,,,,,,,,,,,,,,,,,,,,,,,,,,,,,,,,,,,,,,,,,,,,,,,,,,,,,,,,,,,,,,,,,,,,,,,,,,,,,,,,,,,,,,,,,,,,,,,,,,,,,,,,,,,,,,,,,,,,,,,,,,,,,,
textures,13,suffix,usage,rank,dimension,nb_3D_textures,size_x,size_y,nb_bytes_per_pixel,is_rectangle,invert,,,,,,,,,,,,,,,,,,,,,,,,,,,,,,,,,,,,,,,,,,,,,,,,,,,,,,,,,,,,,,,,,,,,,,,,,,,,,,,,,,,,,,,,,,,,,,,,,,,,,,,,,,,,,,,,,,,,,,,,,,,,,,,,,,,,,,,,,,,,,,,,,,,,,,,,,,,,,,,,,,,,,,,,,,,,,,,,,,,,,,,,,,,,,,,,,,,,,,,,,,,,,,,,,,,,,,,,,,,,,,,,,,,,,,,,,,,,,,,,,,,,,,,,,,,,,,,,,,,,,,,,,,,,,,,,,,,,,,,,,,,,,,,,,,,,,,,,,,,,,,,,,,,,,,,,,,,,,,,,,,,,,
texture,master_mask_circ,.png,master_mask,1,2,1,1920,1080,4,TRUE,FALSE,,,,,,,,,,,,,,,,,,,,,,,,,,,,,,,,,,,,,,,,,,,,,,,,,,,,,,,,,,,,,,,,,,,,,,,,,,,,,,,,,,,,,,,,,,,,,,,,,,,,,,,,,,,,,,,,,,,,,,,,,,,,,,,,,,,,,,,,,,,,,,,,,,,,,,,,,,,,,,,,,,,,,,,,,,,,,,,,,,,,,,,,,,,,,,,,,,,,,,,,,,,,,,,,,,,,,,,,,,,,,,,,,,,,,,,,,,,,,,,,,,,,,,,,,,,,,,,,,,,,,,,,,,,,,,,,,,,,,,,,,,,,,,,,,,,,,,,,,,,,,,,,,,,,,,,,,,,,,,,,,,,,,
texture,etoiles/incandescent2,.png,mesh,1,2,1,1024,1024,4,TRUE,FALSE,,,,,,,,,,,,,,,,,,,,,,,,,,,,,,,,,,,,,,,,,,,,,,,,,,,,,,,,,,,,,,,,,,,,,,,,,,,,,,,,,,,,,,,,,,,,,,,,,,,,,,,,,,,,,,,,,,,,,,,,,,,,,,,,,,,,,,,,,,,,,,,,,,,,,,,,,,,,,,,,,,,,,,,,,,,,,,,,,,,,,,,,,,,,,,,,,,,,,,,,,,,,,,,,,,,,,,,,,,,,,,,,,,,,,,,,,,,,,,,,,,,,,,,,,,,,,,,,,,,,,,,,,,,,,,,,,,,,,,,,,,,,,,,,,,,,,,,,,,,,,,,,,,,,,,,,,,,,,,,,,,,,,
texture,Noise_core_double_3D,.png,noise,1,3,2,4096,2048,4,TRUE,TRUE,,,,,,,,,,,,,,,,,,,,,,,,,,,,,,,,,,,,,,,,,,,,,,,,,,,,,,,,,,,,,,,,,,,,,,,,,,,,,,,,,,,,,,,,,,,,,,,,,,,,,,,,,,,,,,,,,,,,,,,,,,,,,,,,,,,,,,,,,,,,,,,,,,,,,,,,,,,,,,,,,,,,,,,,,,,,,,,,,,,,,,,,,,,,,,,,,,,,,,,,,,,,,,,,,,,,,,,,,,,,,,,,,,,,,,,,,,,,,,,,,,,,,,,,,,,,,,,,,,,,,,,,,,,,,,,,,,,,,,,,,,,,,,,,,,,,,,,,,,,,,,,,,,,,,,,,,,,,,,,,,,,,,
texture,brushes/Pen_alkemi_3D,.png,brush,1,3,3,2048,2048,4,true,true,,,,,,,,,,,,,,,,,,,,,,,,,,,,,,,,,,,,,,,,,,,,,,,,,,,,,,,,,,,,,,,,,,,,,,,,,,,,,,,,,,,,,,,,,,,,,,,,,,,,,,,,,,,,,,,,,,,,,,,,,,,,,,,,,,,,,,,,,,,,,,,,,,,,,,,,,,,,,,,,,,,,,,,,,,,,,,,,,,,,,,,,,,,,,,,,,,,,,,,,,,,,,,,,,,,,,,,,,,,,,,,,,,,,,,,,,,,,,,,,,,,,,,,,,,,,,,,,,,,,,,,,,,,,,,,,,,,,,,,,,,,,,,,,,,,,,,,,,,,,,,,,,,,,,,,,,,,,,,,,,,,,,
texture,comet,.png,curve_particle,1,2,1,512,256,4,FALSE,FALSE,,,,,,,,,,,,,,,,,,,,,,,,,,,,,,,,,,,,,,,,,,,,,,,,,,,,,,,,,,,,,,,,,,,,,,,,,,,,,,,,,,,,,,,,,,,,,,,,,,,,,,,,,,,,,,,,,,,,,,,,,,,,,,,,,,,,,,,,,,,,,,,,,,,,,,,,,,,,,,,,,,,,,,,,,,,,,,,,,,,,,,,,,,,,,,,,,,,,,,,,,,,,,,,,,,,,,,,,,,,,,,,,,,,,,,,,,,,,,,,,,,,,,,,,,,,,,,,,,,,,,,,,,,,,,,,,,,,,,,,,,,,,,,,,,,,,,,,,,,,,,,,,,,,,,,,,,,,,,,,,,,,,,
texture,etoiles/blurredDisk,.png,splat_particle,1,2,1,256,256,4,FALSE,FALSE,,,,,,,,,,,,,,,,,,,,,,,,,,,,,,,,,,,,,,,,,,,,,,,,,,,,,,,,,,,,,,,,,,,,,,,,,,,,,,,,,,,,,,,,,,,,,,,,,,,,,,,,,,,,,,,,,,,,,,,,,,,,,,,,,,,,,,,,,,,,,,,,,,,,,,,,,,,,,,,,,,,,,,,,,,,,,,,,,,,,,,,,,,,,,,,,,,,,,,,,,,,,,,,,,,,,,,,,,,,,,,,,,,,,,,,,,,,,,,,,,,,,,,,,,,,,,,,,,,,,,,,,,,,,,,,,,,,,,,,,,,,,,,,,,,,,,,,,,,,,,,,,,,,,,,,,,,,,,,,,,,,,,
texture,etoiles/PulsarPoitiers,.png,repop_density,1,2,1,1920,1080,4,TRUE,TRUE,,,,,,,,,,,,,,,,,,,,,,,,,,,,,,,,,,,,,,,,,,,,,,,,,,,,,,,,,,,,,,,,,,,,,,,,,,,,,,,,,,,,,,,,,,,,,,,,,,,,,,,,,,,,,,,,,,,,,,,,,,,,,,,,,,,,,,,,,,,,,,,,,,,,,,,,,,,,,,,,,,,,,,,,,,,,,,,,,,,,,,,,,,,,,,,,,,,,,,,,,,,,,,,,,,,,,,,,,,,,,,,,,,,,,,,,,,,,,,,,,,,,,,,,,,,,,,,,,,,,,,,,,,,,,,,,,,,,,,,,,,,,,,,,,,,,,,,,,,,,,,,,,,,,,,,,,,,,,,,,,,,,,
texture,etoiles/TrouNoir,.png,repop_density,2,2,1,1920,1080,4,TRUE,TRUE,,,,,,,,,,,,,,,,,,,,,,,,,,,,,,,,,,,,,,,,,,,,,,,,,,,,,,,,,,,,,,,,,,,,,,,,,,,,,,,,,,,,,,,,,,,,,,,,,,,,,,,,,,,,,,,,,,,,,,,,,,,,,,,,,,,,,,,,,,,,,,,,,,,,,,,,,,,,,,,,,,,,,,,,,,,,,,,,,,,,,,,,,,,,,,,,,,,,,,,,,,,,,,,,,,,,,,,,,,,,,,,,,,,,,,,,,,,,,,,,,,,,,,,,,,,,,,,,,,,,,,,,,,,,,,,,,,,,,,,,,,,,,,,,,,,,,,,,,,,,,,,,,,,,,,,,,,,,,,,,,,,,,
texture,etoiles/StairwayToHeaven,.png,repop_density,3,2,1,1920,1080,4,TRUE,TRUE,,,,,,,,,,,,,,,,,,,,,,,,,,,,,,,,,,,,,,,,,,,,,,,,,,,,,,,,,,,,,,,,,,,,,,,,,,,,,,,,,,,,,,,,,,,,,,,,,,,,,,,,,,,,,,,,,,,,,,,,,,,,,,,,,,,,,,,,,,,,,,,,,,,,,,,,,,,,,,,,,,,,,,,,,,,,,,,,,,,,,,,,,,,,,,,,,,,,,,,,,,,,,,,,,,,,,,,,,,,,,,,,,,,,,,,,,,,,,,,,,,,,,,,,,,,,,,,,,,,,,,,,,,,,,,,,,,,,,,,,,,,,,,,,,,,,,,,,,,,,,,,,,,,,,,,,,,,,,,,,,,,,,
texture,etoiles/tycho,.png,part_init,1,2,1,1920,1080,4,TRUE,TRUE,,,,,,,,,,,,,,,,,,,,,,,,,,,,,,,,,,,,,,,,,,,,,,,,,,,,,,,,,,,,,,,,,,,,,,,,,,,,,,,,,,,,,,,,,,,,,,,,,,,,,,,,,,,,,,,,,,,,,,,,,,,,,,,,,,,,,,,,,,,,,,,,,,,,,,,,,,,,,,,,,,,,,,,,,,,,,,,,,,,,,,,,,,,,,,,,,,,,,,,,,,,,,,,,,,,,,,,,,,,,,,,,,,,,,,,,,,,,,,,,,,,,,,,,,,,,,,,,,,,,,,,,,,,,,,,,,,,,,,,,,,,,,,,,,,,,,,,,,,,,,,,,,,,,,,,,,,,,,,,,,,,,,
texture,etoiles/SN1006,.png,part_init,2,2,1,1920,1080,4,TRUE,TRUE,,,,,,,,,,,,,,,,,,,,,,,,,,,,,,,,,,,,,,,,,,,,,,,,,,,,,,,,,,,,,,,,,,,,,,,,,,,,,,,,,,,,,,,,,,,,,,,,,,,,,,,,,,,,,,,,,,,,,,,,,,,,,,,,,,,,,,,,,,,,,,,,,,,,,,,,,,,,,,,,,,,,,,,,,,,,,,,,,,,,,,,,,,,,,,,,,,,,,,,,,,,,,,,,,,,,,,,,,,,,,,,,,,,,,,,,,,,,,,,,,,,,,,,,,,,,,,,,,,,,,,,,,,,,,,,,,,,,,,,,,,,,,,,,,,,,,,,,,,,,,,,,,,,,,,,,,,,,,,,,,,,,,
texture,sensor.v2,.png,sensor,1,2,1,100,100,4,TRUE,FALSE,,,,,,,,,,,,,,,,,,,,,,,,,,,,,,,,,,,,,,,,,,,,,,,,,,,,,,,,,,,,,,,,,,,,,,,,,,,,,,,,,,,,,,,,,,,,,,,,,,,,,,,,,,,,,,,,,,,,,,,,,,,,,,,,,,,,,,,,,,,,,,,,,,,,,,,,,,,,,,,,,,,,,,,,,,,,,,,,,,,,,,,,,,,,,,,,,,,,,,,,,,,,,,,,,,,,,,,,,,,,,,,,,,,,,,,,,,,,,,,,,,,,,,,,,,,,,,,,,,,,,,,,,,,,,,,,,,,,,,,,,,,,,,,,,,,,,,,,,,,,,,,,,,,,,,,,,,,,,,,,,,,,,
texture,Pierres/LLDP_076_double,.png,part_acc,1,2,1,1920,1080,4,true,true,,,,,,,,,,,,,,,,,,,,,,,,,,,,,,,,,,,,,,,,,,,,,,,,,,,,,,,,,,,,,,,,,,,,,,,,,,,,,,,,,,,,,,,,,,,,,,,,,,,,,,,,,,,,,,,,,,,,,,,,,,,,,,,,,,,,,,,,,,,,,,,,,,,,,,,,,,,,,,,,,,,,,,,,,,,,,,,,,,,,,,,,,,,,,,,,,,,,,,,,,,,,,,,,,,,,,,,,,,,,,,,,,,,,,,,,,,,,,,,,,,,,,,,,,,,,,,,,,,,,,,,,,,,,,,,,,,,,,,,,,,,,,,,,,,,,,,,,,,,,,,,,,,,,,,,,,,,,,,,,,,,,,
/textures,,,,,,,,,,,,,,,,,,,,,,,,,,,,,,,,,,,,,,,,,,,,,,,,,,,,,,,,,,,,,,,,,,,,,,,,,,,,,,,,,,,,,,,,,,,,,,,,,,,,,,,,,,,,,,,,,,,,,,,,,,,,,,,,,,,,,,,,,,,,,,,,,,,,,,,,,,,,,,,,,,,,,,,,,,,,,,,,,,,,,,,,,,,,,,,,,,,,,,,,,,,,,,,,,,,,,,,,,,,,,,,,,,,,,,,,,,,,,,,,,,,,,,,,,,,,,,,,,,,,,,,,,,,,,,,,,,,,,,,,,,,,,,,,,,,,,,,,,,,,,,,,,,,,,,,,,,,,,,,,,,,,,,,,,,,,,,,,
palette_colors,6,,,,,,,,,,,,,,,,,,,,,,,,,,,,,,,,,,,,,,,,,,,,,,,,,,,,,,,,,,,,,,,,,,,,,,,,,,,,,,,,,,,,,,,,,,,,,,,,,,,,,,,,,,,,,,,,,,,,,,,,,,,,,,,,,,,,,,,,,,,,,,,,,,,,,,,,,,,,,,,,,,,,,,,,,,,,,,,,,,,,,,,,,,,,,,,,,,,,,,,,,,,,,,,,,,,,,,,,,,,,,,,,,,,,,,,,,,,,,,,,,,,,,,,,,,,,,,,,,,,,,,,,,,,,,,,,,,,,,,,,,,,,,,,,,,,,,,,,,,,,,,,,,,,,,,,,,,,,,,,,,,,,,,,,,,,,,,,
palette,rouge,255,0,0,255,0,0,255,0,0,,,,,,,,,,,,,,,,,,,,,,,,,,,,,,,,,,,,,,,,,,,,,,,,,,,,,,,,,,,,,,,,,,,,,,,,,,,,,,,,,,,,,,,,,,,,,,,,,,,,,,,,,,,,,,,,,,,,,,,,,,,,,,,,,,,,,,,,,,,,,,,,,,,,,,,,,,,,,,,,,,,,,,,,,,,,,,,,,,,,,,,,,,,,,,,,,,,,,,,,,,,,,,,,,,,,,,,,,,,,,,,,,,,,,,,,,,,,,,,,,,,,,,,,,,,,,,,,,,,,,,,,,,,,,,,,,,,,,,,,,,,,,,,,,,,,,,,,,,,,,,,,,,,,,,,,,,,,,,,,,,,,,,
palette,jaune,255,255,0,255,255,0,255,255,0,,,,,,,,,,,,,,,,,,,,,,,,,,,,,,,,,,,,,,,,,,,,,,,,,,,,,,,,,,,,,,,,,,,,,,,,,,,,,,,,,,,,,,,,,,,,,,,,,,,,,,,,,,,,,,,,,,,,,,,,,,,,,,,,,,,,,,,,,,,,,,,,,,,,,,,,,,,,,,,,,,,,,,,,,,,,,,,,,,,,,,,,,,,,,,,,,,,,,,,,,,,,,,,,,,,,,,,,,,,,,,,,,,,,,,,,,,,,,,,,,,,,,,,,,,,,,,,,,,,,,,,,,,,,,,,,,,,,,,,,,,,,,,,,,,,,,,,,,,,,,,,,,,,,,,,,,,,,,,,,,,,,,,
palette,vert,0,255,0,0,255,0,0,255,0,,,,,,,,,,,,,,,,,,,,,,,,,,,,,,,,,,,,,,,,,,,,,,,,,,,,,,,,,,,,,,,,,,,,,,,,,,,,,,,,,,,,,,,,,,,,,,,,,,,,,,,,,,,,,,,,,,,,,,,,,,,,,,,,,,,,,,,,,,,,,,,,,,,,,,,,,,,,,,,,,,,,,,,,,,,,,,,,,,,,,,,,,,,,,,,,,,,,,,,,,,,,,,,,,,,,,,,,,,,,,,,,,,,,,,,,,,,,,,,,,,,,,,,,,,,,,,,,,,,,,,,,,,,,,,,,,,,,,,,,,,,,,,,,,,,,,,,,,,,,,,,,,,,,,,,,,,,,,,,,,,,,,,
palette,cyan,0,255,255,0,255,255,0,255,255,,,,,,,,,,,,,,,,,,,,,,,,,,,,,,,,,,,,,,,,,,,,,,,,,,,,,,,,,,,,,,,,,,,,,,,,,,,,,,,,,,,,,,,,,,,,,,,,,,,,,,,,,,,,,,,,,,,,,,,,,,,,,,,,,,,,,,,,,,,,,,,,,,,,,,,,,,,,,,,,,,,,,,,,,,,,,,,,,,,,,,,,,,,,,,,,,,,,,,,,,,,,,,,,,,,,,,,,,,,,,,,,,,,,,,,,,,,,,,,,,,,,,,,,,,,,,,,,,,,,,,,,,,,,,,,,,,,,,,,,,,,,,,,,,,,,,,,,,,,,,,,,,,,,,,,,,,,,,,,,,,,,,,
palette,bleu,0,0,255,0,0,255,0,0,255,,,,,,,,,,,,,,,,,,,,,,,,,,,,,,,,,,,,,,,,,,,,,,,,,,,,,,,,,,,,,,,,,,,,,,,,,,,,,,,,,,,,,,,,,,,,,,,,,,,,,,,,,,,,,,,,,,,,,,,,,,,,,,,,,,,,,,,,,,,,,,,,,,,,,,,,,,,,,,,,,,,,,,,,,,,,,,,,,,,,,,,,,,,,,,,,,,,,,,,,,,,,,,,,,,,,,,,,,,,,,,,,,,,,,,,,,,,,,,,,,,,,,,,,,,,,,,,,,,,,,,,,,,,,,,,,,,,,,,,,,,,,,,,,,,,,,,,,,,,,,,,,,,,,,,,,,,,,,,,,,,,,,,
palette,magenta,255,0,255,255,0,255,255,0,255,,,,,,,,,,,,,,,,,,,,,,,,,,,,,,,,,,,,,,,,,,,,,,,,,,,,,,,,,,,,,,,,,,,,,,,,,,,,,,,,,,,,,,,,,,,,,,,,,,,,,,,,,,,,,,,,,,,,,,,,,,,,,,,,,,,,,,,,,,,,,,,,,,,,,,,,,,,,,,,,,,,,,,,,,,,,,,,,,,,,,,,,,,,,,,,,,,,,,,,,,,,,,,,,,,,,,,,,,,,,,,,,,,,,,,,,,,,,,,,,,,,,,,,,,,,,,,,,,,,,,,,,,,,,,,,,,,,,,,,,,,,,,,,,,,,,,,,,,,,,,,,,,,,,,,,,,,,,,,,,,,,,,,
/palette_colors,,,,,,,,,,,,,,,,,,,,,,,,,,,,,,,,,,,,,,,,,,,,,,,,,,,,,,,,,,,,,,,,,,,,,,,,,,,,,,,,,,,,,,,,,,,,,,,,,,,,,,,,,,,,,,,,,,,,,,,,,,,,,,,,,,,,,,,,,,,,,,,,,,,,,,,,,,,,,,,,,,,,,,,,,,,,,,,,,,,,,,,,,,,,,,,,,,,,,,,,,,,,,,,,,,,,,,,,,,,,,,,,,,,,,,,,,,,,,,,,,,,,,,,,,,,,,,,,,,,,,,,,,,,,,,,,,,,,,,,,,,,,,,,,,,,,,,,,,,,,,,,,,,,,,,,,,,,,,,,,,,,,,,,,,,,,,,,,
color_presets,6,,,,,,,,,,,,,,,,,,,,,,,,,,,,,,,,,,,,,,,,,,,,,,,,,,,,,,,,,,,,,,,,,,,,,,,,,,,,,,,,,,,,,,,,,,,,,,,,,,,,,,,,,,,,,,,,,,,,,,,,,,,,,,,,,,,,,,,,,,,,,,,,,,,,,,,,,,,,,,,,,,,,,,,,,,,,,,,,,,,,,,,,,,,,,,,,,,,,,,,,,,,,,,,,,,,,,,,,,,,,,,,,,,,,,,,,,,,,,,,,,,,,,,,,,,,,,,,,,,,,,,,,,,,,,,,,,,,,,,,,,,,,,,,,,,,,,,,,,,,,,,,,,,,,,,,,,,,,,,,,,,,,,,,,,,,,,,,
preset,rouge,0,,,,,,,,,,,,,,,,,,,,,,,,,,,,,,,,,,,,,,,,,,,,,,,,,,,,,,,,,,,,,,,,,,,,,,,,,,,,,,,,,,,,,,,,,,,,,,,,,,,,,,,,,,,,,,,,,,,,,,,,,,,,,,,,,,,,,,,,,,,,,,,,,,,,,,,,,,,,,,,,,,,,,,,,,,,,,,,,,,,,,,,,,,,,,,,,,,,,,,,,,,,,,,,,,,,,,,,,,,,,,,,,,,,,,,,,,,,,,,,,,,,,,,,,,,,,,,,,,,,,,,,,,,,,,,,,,,,,,,,,,,,,,,,,,,,,,,,,,,,,,,,,,,,,,,,,,,,,,,,,,,,,,,,,,,,,,,
preset,jaune,0.16666667,,,,,,,,,,,,,,,,,,,,,,,,,,,,,,,,,,,,,,,,,,,,,,,,,,,,,,,,,,,,,,,,,,,,,,,,,,,,,,,,,,,,,,,,,,,,,,,,,,,,,,,,,,,,,,,,,,,,,,,,,,,,,,,,,,,,,,,,,,,,,,,,,,,,,,,,,,,,,,,,,,,,,,,,,,,,,,,,,,,,,,,,,,,,,,,,,,,,,,,,,,,,,,,,,,,,,,,,,,,,,,,,,,,,,,,,,,,,,,,,,,,,,,,,,,,,,,,,,,,,,,,,,,,,,,,,,,,,,,,,,,,,,,,,,,,,,,,,,,,,,,,,,,,,,,,,,,,,,,,,,,,,,,,,,,,,,,
preset,vert,0.33333333,,,,,,,,,,,,,,,,,,,,,,,,,,,,,,,,,,,,,,,,,,,,,,,,,,,,,,,,,,,,,,,,,,,,,,,,,,,,,,,,,,,,,,,,,,,,,,,,,,,,,,,,,,,,,,,,,,,,,,,,,,,,,,,,,,,,,,,,,,,,,,,,,,,,,,,,,,,,,,,,,,,,,,,,,,,,,,,,,,,,,,,,,,,,,,,,,,,,,,,,,,,,,,,,,,,,,,,,,,,,,,,,,,,,,,,,,,,,,,,,,,,,,,,,,,,,,,,,,,,,,,,,,,,,,,,,,,,,,,,,,,,,,,,,,,,,,,,,,,,,,,,,,,,,,,,,,,,,,,,,,,,,,,,,,,,,,,
preset,cyan,0.5,,,,,,,,,,,,,,,,,,,,,,,,,,,,,,,,,,,,,,,,,,,,,,,,,,,,,,,,,,,,,,,,,,,,,,,,,,,,,,,,,,,,,,,,,,,,,,,,,,,,,,,,,,,,,,,,,,,,,,,,,,,,,,,,,,,,,,,,,,,,,,,,,,,,,,,,,,,,,,,,,,,,,,,,,,,,,,,,,,,,,,,,,,,,,,,,,,,,,,,,,,,,,,,,,,,,,,,,,,,,,,,,,,,,,,,,,,,,,,,,,,,,,,,,,,,,,,,,,,,,,,,,,,,,,,,,,,,,,,,,,,,,,,,,,,,,,,,,,,,,,,,,,,,,,,,,,,,,,,,,,,,,,,,,,,,,,,
preset,bleu,0.66666667,,,,,,,,,,,,,,,,,,,,,,,,,,,,,,,,,,,,,,,,,,,,,,,,,,,,,,,,,,,,,,,,,,,,,,,,,,,,,,,,,,,,,,,,,,,,,,,,,,,,,,,,,,,,,,,,,,,,,,,,,,,,,,,,,,,,,,,,,,,,,,,,,,,,,,,,,,,,,,,,,,,,,,,,,,,,,,,,,,,,,,,,,,,,,,,,,,,,,,,,,,,,,,,,,,,,,,,,,,,,,,,,,,,,,,,,,,,,,,,,,,,,,,,,,,,,,,,,,,,,,,,,,,,,,,,,,,,,,,,,,,,,,,,,,,,,,,,,,,,,,,,,,,,,,,,,,,,,,,,,,,,,,,,,,,,,,,
preset,magenta,0.83333333,,,,,,,,,,,,,,,,,,,,,,,,,,,,,,,,,,,,,,,,,,,,,,,,,,,,,,,,,,,,,,,,,,,,,,,,,,,,,,,,,,,,,,,,,,,,,,,,,,,,,,,,,,,,,,,,,,,,,,,,,,,,,,,,,,,,,,,,,,,,,,,,,,,,,,,,,,,,,,,,,,,,,,,,,,,,,,,,,,,,,,,,,,,,,,,,,,,,,,,,,,,,,,,,,,,,,,,,,,,,,,,,,,,,,,,,,,,,,,,,,,,,,,,,,,,,,,,,,,,,,,,,,,,,,,,,,,,,,,,,,,,,,,,,,,,,,,,,,,,,,,,,,,,,,,,,,,,,,,,,,,,,,,,,,,,,,,
/color_presets,,,,,,,,,,,,,,,,,,,,,,,,,,,,,,,,,,,,,,,,,,,,,,,,,,,,,,,,,,,,,,,,,,,,,,,,,,,,,,,,,,,,,,,,,,,,,,,,,,,,,,,,,,,,,,,,,,,,,,,,,,,,,,,,,,,,,,,,,,,,,,,,,,,,,,,,,,,,,,,,,,,,,,,,,,,,,,,,,,,,,,,,,,,,,,,,,,,,,,,,,,,,,,,,,,,,,,,,,,,,,,,,,,,,,,,,,,,,,,,,,,,,,,,,,,,,,,,,,,,,,,,,,,,,,,,,,,,,,,,,,,,,,,,,,,,,,,,,,,,,,,,,,,,,,,,,,,,,,,,,,,,,,,,,,,,,,,,,
lights,2,group,port,address,channels,red,green,blue,grey,dimmer,strobe,zoom,pan,tilt,hue,,,,,,,,,,,,,,,,,,,,,,,,,,,,,,,,,,,,,,,,,,,,,,,,,,,,,,,,,,,,,,,,,,,,,,,,,,,,,,,,,,,,,,,,,,,,,,,,,,,,,,,,,,,,,,,,,,,,,,,,,,,,,,,,,,,,,,,,,,,,,,,,,,,,,,,,,,,,,,,,,,,,,,,,,,,,,,,,,,,,,,,,,,,,,,,,,,,,,,,,,,,,,,,,,,,,,,,,,,,,,,,,,,,,,,,,,,,,,,,,,,,,,,,,,,,,,,,,,,,,,,,,,,,,,,,,,,,,,,,,,,,,,,,,,,,,,,,,,,,,,,,,,,,,,,,,,,,,,,,,,
light,tt-cx-dj_washlight,1,2,1,1,0,0,0,0,1,0,0,0,0,0,,,,,,,,,,,,,,,,,,,,,,,,,,,,,,,,,,,,,,,,,,,,,,,,,,,,,,,,,,,,,,,,,,,,,,,,,,,,,,,,,,,,,,,,,,,,,,,,,,,,,,,,,,,,,,,,,,,,,,,,,,,,,,,,,,,,,,,,,,,,,,,,,,,,,,,,,,,,,,,,,,,,,,,,,,,,,,,,,,,,,,,,,,,,,,,,,,,,,,,,,,,,,,,,,,,,,,,,,,,,,,,,,,,,,,,,,,,,,,,,,,,,,,,,,,,,,,,,,,,,,,,,,,,,,,,,,,,,,,,,,,,,,,,,,,,,,,,,,,,,,,,,,,,,,,,,,,,,,,,,,
light,tt_face_Par,2,2,2,1,0,0,0,0,1,0,0,0,0,0,,,,,,,,,,,,,,,,,,,,,,,,,,,,,,,,,,,,,,,,,,,,,,,,,,,,,,,,,,,,,,,,,,,,,,,,,,,,,,,,,,,,,,,,,,,,,,,,,,,,,,,,,,,,,,,,,,,,,,,,,,,,,,,,,,,,,,,,,,,,,,,,,,,,,,,,,,,,,,,,,,,,,,,,,,,,,,,,,,,,,,,,,,,,,,,,,,,,,,,,,,,,,,,,,,,,,,,,,,,,,,,,,,,,,,,,,,,,,,,,,,,,,,,,,,,,,,,,,,,,,,,,,,,,,,,,,,,,,,,,,,,,,,,,,,,,,,,,,,,,,,,,,,,,,,,,,,,,,,,,,
/lights,,,,,,,,,,,,,,,,,,,,,,,,,,,,,,,,,,,,,,,,,,,,,,,,,,,,,,,,,,,,,,,,,,,,,,,,,,,,,,,,,,,,,,,,,,,,,,,,,,,,,,,,,,,,,,,,,,,,,,,,,,,,,,,,,,,,,,,,,,,,,,,,,,,,,,,,,,,,,,,,,,,,,,,,,,,,,,,,,,,,,,,,,,,,,,,,,,,,,,,,,,,,,,,,,,,,,,,,,,,,,,,,,,,,,,,,,,,,,,,,,,,,,,,,,,,,,,,,,,,,,,,,,,,,,,,,,,,,,,,,,,,,,,,,,,,,,,,,,,,,,,,,,,,,,,,,,,,,,,,,,,,,,,,,,,,,,,,,
