RANK,1,2,3,4,5,6,7,8,9,10,11,12,13,14,15,16,17,18,19,20,21,22,23,24,25,26,27,28,29,30,31,32,33,34,35,36,37,38,39,40,41,42,43,44,45,46,47,48,49,50,51,52,53,54,55,56,57,58,59,60,61,62,63,64,65,66,67,68,69,70,71,72,73,74,75,76,77,78,79,80,81,82,83,84,85,86,87,88,89,90,91,92,93,94,95,96,97,98,99,100,101,102,103,104,105,106,107,108,109,110,111,112,113,114,115,116,117,118,119,120,121,122,123,124,125,126,127,128,129,130,131,132,133,134,135,136,137,138,139,140,141,142,143,144,145,146,147,148,149,150,151,152,153,154,155,156,157,158,159,160,161,162,163,164,165,166,167,168,169,170,171,172,173,174,175,176,177,178,179,180,181,182,183,184,185,186,187,188,189,190,191,192,193,194,195,196,197,198,199,200,201,202,203,204,205,206,207,208,209,210,211,212
VERBATIM,auto_beat,auto_pulse,clear all Layers,clear CA,clear layer,current background capture,BG Subtraction on/off,mute screen,invert,snapshot onOff,cursor size,beat duration,Blend Transparency,CA mix weight,ID comment,Part mix weight,ID comment,track_levels,track_levels,CA Master weight,ID comment,Part Master weight,ID comment,track_levels,track_levels,echo,ID comment,echo neg,ID comment,blur radius trk1,blur radius trk2,CA decay,CA decay pulse,part decay,ID comment,track_decays,track_decays,pen radius,pen radius pulse,palette for pen,palette for pen,Grey level for pen,ID comment,A color,ID comment,pen brush,pen radius replay,pen radius replay pulse,ID comment,ID comment,ID comment,ID comment,current drawing track,current video track,current photo track,tracks_set_up,tracks_set_up,tracks_set_up,tracks_set_up,part reinitialize,paths,paths,paths,paths,paths,part radius,particle radius pulse,part acc,part acc pulse,part image acceleration,part damp factor,ID comment,ID comment,particle motion shift pulse,noise scale,ID comment,noise scale,ID comment,part field weight,ID comment,part damp target radius,part time to target,particle type,part move grid,part move rand,part exit mode,part stroke mode,part color mode,pixel acc,pixel acc pulse,pixel acc center-x,ID comment,pixel acc center-y,ID comment,pixel radius ,pixel radius pulse,pixel mode,repopuplating CA,ID comment,repopuplating Part,particle repop pulse,repopuplating BG (grid),ID comment,repopuplating Path,ID comment,repop_colorBG,repop_colorBG_pulse,repop_greyBG,repop_greyBG_pulse,repop_colorPart,repop_colorPart_pulse,repop_greyPart,repop_greyPart_pulse,repop_colorCA,repop_colorCA_pulse,repop_greyCA,repop_greyCA_pulse,camera white balance red,camera white balance blue,camera exposure,camera gain,cameraBrightness,camera saturation,camera contrast,camera gamma,camera capture frequency,movie no,movie capture frequency,photo diaporama index,photo diaporama fade dur,photo diaporama plateau dur,current active clip arts,soundtrack no,camera threshold,ID comment,camera Weight,ID comment,Sobel camera,ID comment,movie weight,ID comment,Sobel movie,ID comment,invert movie,ID comment,video saturation ,video saturation pulse,ID comment,ID comment,photo weight,ID comment,photo satur,photo satur pulse,photo value,photo value pulse,photo jitter amplitude,mask jitter amplitude,photo scale,mask scale,photo contrast,mask contrast,CA,CA,CA 1 type,CA 1 subtype,CA 2 type,CA 2 subtype,CA1/CA2 weight,Flash Part->CA freq, Flash track0->CA freq, Flash track1->CA freq, Flash track2->CA freq, Flash track3->CA freq,Flash CA->BG freq,Flash Part->BG freq, Flash track1->BG freq, Flash track2->BG freq, Flash track3->BG freq,Flash CA->Part freq,Flash Trk0->Part freq,Flash Trk1->Part freq,Flash Trk2->Part freq,Flash Trk3->Part freq,Flash particle init freq,Flash pixel freq,Flash pixel duration,Flash photo freq,camera flash length (in frames),camera flash bright (in frames),camera flash beat no,beat threshold,beat min duration (ms),input volume,Min input volume,pen pressure coef,pen angleH coef,pen angleV coef,tracks sync on/off,cumul video,CA update step,color interface display,fast vs slow CA color spreading,freeze on/off,sound enveloppe min,sound envelope max,adc weight (eg microphone),soundtrack weight,sample setUp,sensor spatial pattern,sensor activation,sensor volume,movie loop
TYPE,bool,bool,bool,bool,bool,bool,bool,bool,bool,bool,int,float,float,float,float,float,float,float[0..PG_NB_TRACKS],float[0..PG_NB_TRACKS],float,float,float,float,float[0..PG_NB_TRACKS],float[0..PG_NB_TRACKS],float,float,float,float,int,int,float,float,float,float,float[0..PG_NB_TRACKS],float[0..PG_NB_TRACKS],float,float,float,float,float,float,float,float,int ,float,float,float,float,float,float,int,int,int,float[0..PG_NB_TRACKS],float[0..PG_NB_TRACKS],float[0..PG_NB_TRACKS],float[0..PG_NB_TRACKS],int,bool[0..PG_NB_PATHS],bool[0..PG_NB_PATHS],bool[0..PG_NB_PATHS],bool[1..PG_NB_PATHS],int[1..PG_NB_PATHS],float,float,float,float,int,float,float,float,float,float,float,float,float,float,float,float,float,int,bool,bool,int,int,int,float,float,float,float,float,float,float,float,int,float,float,float,float,float,float,float,float,float,float,float,float,float,float,float,float,float,float,float,float,float,float,float,float,float,float,float,float,float,int,float,int,float,float,int,int,float,float,float,float,float,float,float,float,float,float,bool,bool,float,float,float,float,float,float,float,float,float,float,float,float,float,float,float,float,float[1..(PG_NB_CA_PARAMS+1)],float[1..(PG_NB_CA_PARAMS+1)],int,int,int,int,float,int,int,int,int,int,int,int,int,int,int,int,int,int,int,int,int,int,int,int,float,float,int,float,float,float,float,float,float,float,bool,int,int,bool,bool,bool,float,float,float,float,float,int ,int ,float,bool
ID,auto_beat,auto_pulse,clearAllLayers,clearCA,clearLayer,reset_camera,camera_BG_subtr,mute_second_screen,invertAllLayers,take_snapshots,cursorSize,auto_beat_duration,master,CAMixingWeight,CAMixingWeight_pulse,PartMixingWeight,PartMixingWeight_pulse,trackMixingWeight,trackMixingWeight_pulse,CAMasterWeight,CAMasterWeight_pulse,PartMasterWeight,PartMasterWeight_pulse,trackMasterWeight,trackMasterWeight_pulse,echo,echo_pulse,echoNeg,echoNeg_pulse,blurRadius_1,blurRadius_2,CAdecay,CAdecay_pulse,partDecay,partDecay_pulse,trkDecay,trkDecay_pulse,pen_radius,pen_radius_pulse,pen_color,pen_color_pulse,pen_grey,pen_grey_pulse,pen_color_a,pen_color_a_pulse,pen_brush,pen_radius_replay,pen_radius_replay_pulse,pen_color_replay,pen_color_replay_pulse,pen_grey_replay,pen_grey_replay_pulse,currentDrawingTrack,currentVideoTrack,currentPhotoTrack,track_x_transl,track_x_transl_pulse,track_y_transl,track_y_transl_pulse,part_initialization,part_path_repop,part_path_follow,part_path_repulse,path_record,path_replay_trackNo,part_size,part_size_pulse,part_acc,part_acc_pulse,part_image_acceleration,part_damp,part_damp_pulse,pulsed_part_Hshift,pulsed_part_Vshift,noiseUpdateScale,noiseUpdateScale_pulse,noiseParticleScale,noiseParticleScale_pulse,part_field_weight,part_field_weight_pulse,part_damp_targtRad,part_timeToTargt,particle_type,partMove_target,partMove_rand,partExit_mode,partStroke_mode,partColor_mode,pixel_acc,pixel_acc_pulse,pixel_acc_shiftX,pixel_acc_shiftX_pulse,pixel_acc_shiftY,pixel_acc_shiftY_pulse,pixel_radius,pixel_radius_pulse,pixel_mode,repop_CA,repop_CA_pulse,repop_part,repop_part_pulse,repop_BG,repop_BG_pulse,repop_path,repop_path_pulse,repop_colorBG,repop_colorBG_pulse,repop_greyBG,repop_greyBG_pulse,repop_colorPart,repop_colorPart_pulse,repop_greyPart,repop_greyPart_pulse,repop_colorCA,repop_colorCA_pulse,repop_greyCA,repop_greyCA_pulse,cameraWB_R,cameraWB_B,cameraExposure,cameraGain,cameraBrightness,cameraSaturation,cameraContrast,cameraGamma,cameraCaptFreq,playing_movieNo,movieCaptFreq,photo_diaporama,photo_diaporama_fade,photo_diaporama_plateau,activeClipArts,playing_soundtrackNo,cameraThreshold,cameraThreshold_pulse,cameraWeight,cameraWeight_pulse,cameraSobel,cameraSobel_pulse,movieWeight,movieWeight_pulse,movieSobel,movieSobel_pulse,invertMovie,invertCamera,video_satur,video_satur_pulse,video_value,video_value_pulse,photoWeight,photoWeight_pulse,photo_satur,photo_satur_pulse,photo_value,photo_value_pulse,photoJitterAmpl,maskJitterAmpl,photo_scale,mask_scale,photo_contrast,mask_contrast,CAParams,CAParams_pulse,CA1Type,CA1SubType,CA2Type,CA2SubType,CA1_CA2_weight,flashPartCA_freq,flashTrkCA_freq_0,flashTrkCA_freq_1,flashTrkCA_freq_2,flashTrkCA_freq_3,flashCABG_freq,flashPartBG_freq,flashTrkBG_freq_1,flashTrkBG_freq_2,flashTrkBG_freq_3,flashCAPart_freq,flashTrkPart_freq_0,flashTrkPart_freq_1,flashTrkPart_freq_2,flashTrkPart_freq_3,flashParticleInit_freq,flashPixel_freq,flashPixel_duration,flashPhotoChangeBeat,flashCameraTrkLength,flashCameraTrkBright,flashCameraTrkBeat,beat_threshold,beat_delay,sound_volume,sound_min,pen_radius_pressure_coef,pen_radius_angleHor_coef,pen_radius_angleVer_coef,tracksSync,cameraCumul,CAstep,interfaceOnScreen,CAcolorSpread,freeze,sound_env_min,sound_env_max,audioInput_weight,soundtrack_weight,sensor_sample_setUp,sensor_layout,sensor_activation,sensor_vol,movie_loop
FUNCTION,auto_beat_callBack,auto_pulse_callBack,clearAllLayers_callBack,clearCA_callBack,clearLayer_callBack,NULL,NULL,NULL,NULL,NULL,NULL,NULL,NULL,NULL,NULL,NULL,NULL,NULL,NULL,NULL,NULL,NULL,NULL,NULL,NULL,NULL,NULL,NULL,NULL,NULL,NULL,NULL,NULL,NULL,NULL,NULL,NULL,NULL,NULL,pen_color_callBack,NULL,NULL,NULL,NULL,NULL,pen_brush_callBack,NULL,NULL,NULL,NULL,NULL,NULL,NULL,NULL,NULL,NULL,NULL,NULL,NULL,part_initialization_callBack,NULL,part_path_follow_callBack,part_path_repulse_callBack,path_record_callBack,path_replay_trackNo_callBack,NULL,NULL,NULL,NULL,NULL,NULL,NULL,NULL,NULL,NULL,NULL,NULL,NULL,NULL,NULL,NULL,NULL,NULL,partMove_target_callBack,partMove_rand_callBack,NULL,NULL,NULL,NULL,NULL,NULL,NULL,NULL,NULL,NULL,NULL,NULL,NULL,NULL,NULL,NULL,NULL,NULL,NULL,NULL,NULL,NULL,NULL,NULL,NULL,NULL,NULL,NULL,NULL,NULL,NULL,NULL,cameraWB_R_callBack,cameraWB_B_callBack,cameraExposure_callBack,cameraGain_callBack,cameraBrightness_callBack,cameraSaturation_callBack,cameraContrast_callBack,cameraGamma_callBack,NULL,playing_movieNo_callBack,NULL,photo_diaporama_callBack,NULL,NULL,NULL,playing_soundtrackNo_callBack,NULL,NULL,NULL,NULL,NULL,NULL,NULL,NULL,NULL,NULL,NULL,NULL,NULL,NULL,NULL,NULL,NULL,NULL,NULL,NULL,NULL,NULL,NULL,NULL,NULL,NULL,NULL,NULL,NULL,NULL,NULL,NULL,NULL,NULL,NULL,NULL,NULL,NULL,NULL,NULL,NULL,NULL,NULL,NULL,NULL,NULL,NULL,NULL,NULL,NULL,NULL,NULL,NULL,NULL,flashCameraTrkLength_callBack,NULL,NULL,beat_threshold_callBack,beat_delay_callBack,NULL,NULL,NULL,NULL,NULL,NULL,NULL,NULL,NULL,NULL,NULL,sound_env_min_callBack,sound_env_max_callBack,audioInput_weight_callBack,soundtrack_weight_callBack,NULL,NULL,NULL,NULL,NULL
GUI,auto_beat,auto_pulse,clearAllLayers,clearCA,clearLayer,reset_camera,camera_BG_subtr,mute_second_screen,invertAllLayers,take_snapshots,cursorSize,auto_beat_duration,master,CAMixingWeight,CAMixingWeight_pulse,PartMixingWeight,PartMixingWeight_pulse,trackMixingWeight,trackMixingWeight_pulse,CAMasterWeight,CAMasterWeight_pulse,PartMasterWeight,PartMasterWeight_pulse,trackMasterWeight,trackMasterWeight_pulse,echo,echo_pulse,echoNeg,echoNeg_pulse,blurRadius_1,blurRadius_2,CAdecay,CAdecay_pulse,partDecay,partDecay_pulse,trkDecay,trkDecay_pulse,pen_radius,pen_radius_pulse,pen_color,pen_color_pulse,pen_grey,pen_grey_pulse,pen_color_a,pen_color_a_pulse,pen_brush,pen_radius_replay,pen_radius_replay_pulse,pen_color_replay,pen_color_replay_pulse,pen_grey_replay,pen_grey_replay_pulse,currentDrawingTrack,currentVideoTrack,currentPhotoTrack,track_x_transl,track_x_transl_pulse,track_y_transl,track_y_transl_pulse,part_initialization,part_path_repop,part_path_follow,part_path_repulse,path_record,path_replay_trackNo,part_size,part_size_pulse,part_acc,part_acc_pulse,part_image_acceleration,part_damp,part_damp_pulse,pulsed_part_Hshift,pulsed_part_Vshift,noiseUpdateScale,noiseUpdateScale_pulse,noiseParticleScale,noiseParticleScale_pulse,part_field_weight,part_field_weight_pulse,part_damp_targtRad,part_timeToTargt,particle_type,partMove_target,partMove_rand,partExit_mode,partStroke_mode,partColor_mode,pixel_acc,pixel_acc_pulse,pixel_acc_shiftX,pixel_acc_shiftX_pulse,pixel_acc_shiftY,pixel_acc_shiftY_pulse,pixel_radius,pixel_radius_pulse,pixel_mode,repop_CA,repop_CA_pulse,repop_part,repop_part_pulse,repop_BG,repop_BG_pulse,repop_path,repop_path_pulse,repop_colorBG,repop_colorBG_pulse,repop_greyBG,repop_greyBG_pulse,repop_colorPart,repop_colorPart_pulse,repop_greyPart,repop_greyPart_pulse,repop_colorCA,repop_colorCA_pulse,repop_greyCA,repop_greyCA_pulse,cameraWB_R,cameraWB_B,cameraExposure,cameraGain,cameraBrightness,cameraSaturation,cameraContrast,cameraGamma,cameraCaptFreq,playing_movieNo,movieCaptFreq,photo_diaporama,photo_diaporama_fade,photo_diaporama_plateau,activeClipArts,playing_soundtrackNo,cameraThreshold,cameraThreshold_pulse,cameraWeight,cameraWeight_pulse,cameraSobel,cameraSobel_pulse,movieWeight,movieWeight_pulse,movieSobel,movieSobel_pulse,invertMovie,invertCamera,video_satur,video_satur_pulse,video_value,video_value_pulse,photoWeight,photoWeight_pulse,photo_satur,photo_satur_pulse,photo_value,photo_value_pulse,photoJitterAmpl,maskJitterAmpl,photo_scale,mask_scale,photo_contrast,mask_contrast,CAParams,CAParams_pulse,CA1Type,CA1SubType,CA2Type,CA2SubType,CA1_CA2_weight,flashPartCA_freq,flashTrkCA_freq_0,flashTrkCA_freq_1,flashTrkCA_freq_2,flashTrkCA_freq_3,flashCABG_freq,flashPartBG_freq,flashTrkBG_freq_1,flashTrkBG_freq_2,flashTrkBG_freq_3,flashCAPart_freq,flashTrkPart_freq_0,flashTrkPart_freq_1,flashTrkPart_freq_2,flashTrkPart_freq_3,flashParticleInit_freq,flashPixel_freq,flashPixel_duration,flashPhotoChangeBeat,flashCameraTrkLength,flashCameraTrkBright,flashCameraTrkBeat,beat_threshold,beat_delay,sound_volume,sound_min,pen_radius_pressure_coef,pen_radius_angleHor_coef,pen_radius_angleVer_coef,tracksSync,cameraCumul,CAstep,interfaceOnScreen,CAcolorSpread,freeze,sound_env_min,sound_env_max,audioInput_weight,soundtrack_weight,sensor_sample_setUp,sensor_layout,sensor_activation,sensor_vol,movie_loop
SHADER,*,*,*,*,*,*,Update_fs,Master_fs,Master_fs,*,Master_fs,*,Master_fs,Mixing_fs,*,Mixing_fs,*,Mixing_fs,*,Master_fs,*,Master_fs,*,Master_fs,*,Mixing_fs,*,Mixing_fs,*,*,*,Update_fs,*,ParticleAnimation_fs,*,Update_fs,*,*,*,*,*,*,*,*,*,*,*,*,*,*,*,*,Update_fs,Update_fs,Update_fs,*,*,*,*,ParticleAnimation_fs,*,ParticleAnimation_fs,ParticleAnimation_fs,*,Update_fs,ParticleAnimation_fs,*,ParticleAnimation_fs,*,ParticleAnimation_fs,ParticleAnimation_fs,*,*,*,Update_fs,*,ParticleAnimation_fs,*,ParticleAnimation_fs,*,ParticleAnimation_fs,ParticleAnimation_fs,*,ParticleAnimation_fs,ParticleAnimation_fs,ParticleAnimation_fs,ParticleAnimation_fs,ParticleAnimation_fs,Update_fs,*,Update_fs/ParticleAnimation_fs,*,Update_fs/ParticleAnimation_fs,*,Update_fs,*,Update_fs,Update_fs,*,ParticleAnimation_fs,*,Update_fs,*,ParticleAnimation_fs,*,*,*,*,*,*,*,*,*,*,*,*,*,*,*,*,*,*,*,*,Update_fs,*,*,*,*,*,*,*,*,Update_fs,*,Update_fs,*,Update_fs,*,Update_fs,*,Update_fs,*,Update_fs,*,Update_fs,Update_fs,Update_fs,*,Update_fs,*,Update_fs,Update_fs,Update_fs,Update_fs,*,*,Update_fs,Update_fs,Update_fs,Update_fs,Update_fs,*,*,*,*,*,*,*,*,*,*,*,*,*,*,*,*,*,*,*,*,*,*,*,*,*,*,*,*,*,*,*,*,*,*,*,*,Update_fs,Update_fs,Master_fs,Update_fs,Update_fs/ParticleAnimation_fs,*,*,*,*,*,*,*,*,*
PULSE,*,*,*,*,*,*,*,*,*,*,*,*,*,pulsed_absolute,*,pulsed_absolute,*,pulsed_absolute,*,pulsed_absolute,*,pulsed_absolute,*,pulsed_absolute,*,pulsed_absolute,*,pulsed_absolute,*,*,*,pulsed_absolute,*,pulsed_absolute,*,pulsed_absolute,*,pulsed_special,*,pulsed_special,*,pulsed_special,*,pulsed_special,*,*,pulsed_special,*,pulsed_special,*,pulsed_special,*,*,*,*,pulsed_differential,*,pulsed_differential,*,*,*,*,*,*,*,pulsed_absolute,*,pulsed_absolute,*,*,pulsed_absolute,*,*,*,pulsed_absolute,*,pulsed_absolute,*,pulsed_absolute,*,*,*,*,*,*,*,*,*,pulsed_absolute,*,pulsed_absolute,*,pulsed_absolute,*,pulsed_absolute,*,*,pulsed_absolute,*,pulsed_absolute,*,pulsed_absolute,*,pulsed_absolute,*,pulsed_special,*,pulsed_special,*,pulsed_special,*,pulsed_special,*,pulsed_special,*,pulsed_special,*,*,*,*,*,*,*,*,*,*,*,*,*,*,*,*,*,pulsed_absolute,*,pulsed_absolute,*,pulsed_absolute,*,pulsed_absolute,*,pulsed_absolute,*,*,*,pulsed_absolute,*,pulsed_absolute,*,pulsed_absolute,*,pulsed_absolute,*,pulsed_absolute,*,*,*,*,*,*,*,pulsed_absolute,*,*,*,*,*,*,*,*,*,*,*,*,*,*,*,*,*,*,*,*,*,*,*,*,*,*,*,*,*,*,*,*,*,*,*,*,*,*,*,*,*,*,*,*,*,*,*,*,*,*
initial_values,,,,,,,,,,,,,,,,,,,,,,,,,,,,,,,,,,,,,,,,,,,,,,,,,,,,,,,,,,,,,,,,,,,,,,,,,,,,,,,,,,,,,,,,,,,,,,,,,,,,,,,,,,,,,,,,,,,,,,,,,,,,,,,,,,,,,,,,,,,,,,,,,,,,,,,,,,,,,,,,,,,,,,,,,,,,,,,,,,,,,,,,,,,,,,,,,,,,,,,,,,,,,,,,,,,,,,,,,,,,,,,,,,,,,,,,,,,,,,,,,,,,,,,,
,0,0,1,1,1,0,1,0,0,0,3,1,1,0.18097,0,0.32392,0,0.410494/0.388104/0.388104/0,0/0/0/0,0.00108,0,0,0,0.16873/0.82232/0.82232/0,0/0/0/0,0.82722,0,0.45503,0,10,3,0.2,0,0.01,0,-0.04/0.00389/0.00389/0,0/0/0/0,7,0,0.69868,0,1,0,0.27,0,0,0.6,0,0.69868,0,1,0,1,2,2,0/0,0/0,0/0,0/0,-1,1/1/1/0/0/0/0/0,1/0/0/0/0/0/0/0,0/0/0/0/0/0/0/0,0/0/0/0/0/0/0,2/2/-1/-1/-1/-1/-1,0.55574,0,0.01508,0,-1,0.00845,0,0,0,0.02995,0,0.02995,0,0,0,47.856548,100,2,0,1,0,0,2,0.00816,0,0.5,0,0.5,0,0.78204,0,1,1,0,0,0,0,0,0.829,0,0.5,0,0.79994,0,0.5,0,0.79994,0,0.5,0,0.79994,0,-1,2000,-5,0,128,128,126,46.590118,20,-1,30,-1,0.2,10,0,-1,0.1,0,0,0,0,0,0,0,0,0,0,0,0,0,0,0,0,0,0,0,1,0,0,0,1,1,0,0,0.393673/0.102449/0.53551/0.165306/0.82816/0.322857/0.236/0,0/0/0/0/0/0/0/0,2,1,0,0,1,5,0,0,0,0,9,9,9,9,0,0,0,0,0,0,0,0,0,0,10,1,0,0.51641,150,1,0,0,0,0,0,0,1,0,1,0,25,91,1,1,1,0,0,1,1
/initial_values,,,,,,,,,,,,,,,,,,,,,,,,,,,,,,,,,,,,,,,,,,,,,,,,,,,,,,,,,,,,,,,,,,,,,,,,,,,,,,,,,,,,,,,,,,,,,,,,,,,,,,,,,,,,,,,,,,,,,,,,,,,,,,,,,,,,,,,,,,,,,,,,,,,,,,,,,,,,,,,,,,,,,,,,,,,,,,,,,,,,,,,,,,,,,,,,,,,,,,,,,,,,,,,,,,,,,,,,,,,,,,,,,,,,,,,,,,,,,,,,,,,,,,,,
scenario,1,,,,,,,,,,,,,,,,,,,,,,,,,,,,,,,,,,,,,,,,,,,,,,,,,,,,,,,,,,,,,,,,,,,,,,,,,,,,,,,,,,,,,,,,,,,,,,,,,,,,,,,,,,,,,,,,,,,,,,,,,,,,,,,,,,,,,,,,,,,,,,,,,,,,,,,,,,,,,,,,,,,,,,,,,,,,,,,,,,,,,,,,,,,,,,,,,,,,,,,,,,,,,,,,,,,,,,,,,,,,,,,,,,,,,,,,,,,,,,,,,,,,,,,
scene,3_EFFECTCS_ON_BOTH,420,prolong_when_ends,,GROUND_change_paper,,,,,,,,,,,,,,,,,,,,,,,,,,,,,,,,,,,,,,,,,,,,,,,,,,,,,,,,,,,,,,,,,,,,,,,,,,,,,,,,,,,,,,,,,,,,,,,,,,,,,,,,,,,,,,,,,,,,,,,,,,,,,,,,,,,,,,,,,,,,,,,,,,,,,,,,,,,,,,,,,,,,,,,,,,,,,,,,,,,,,,,,,,,,,,,,,,,,,,,,,,,,,,,,,,,,,,,,,,,,,,,,,,,,,,,,,,,,,,,,,,,
3_EFFECTCS_ON_BOTH,3_EFFECTCS_ON_BOTH,3_EFFECTCS_ON_BOTH,3_EFFECTCS_ON_BOTH,3_EFFECTCS_ON_BOTH,3_EFFECTCS_ON_BOTH,3_EFFECTCS_ON_BOTH,3_EFFECTCS_ON_BOTH,3_EFFECTCS_ON_BOTH,3_EFFECTCS_ON_BOTH,3_EFFECTCS_ON_BOTH,3_EFFECTCS_ON_BOTH,3_EFFECTCS_ON_BOTH,3_EFFECTCS_ON_BOTH,3_EFFECTCS_ON_BOTH,3_EFFECTCS_ON_BOTH,3_EFFECTCS_ON_BOTH,3_EFFECTCS_ON_BOTH,3_EFFECTCS_ON_BOTH,3_EFFECTCS_ON_BOTH,3_EFFECTCS_ON_BOTH,3_EFFECTCS_ON_BOTH,3_EFFECTCS_ON_BOTH,3_EFFECTCS_ON_BOTH,3_EFFECTCS_ON_BOTH,3_EFFECTCS_ON_BOTH,3_EFFECTCS_ON_BOTH,3_EFFECTCS_ON_BOTH,3_EFFECTCS_ON_BOTH,3_EFFECTCS_ON_BOTH,3_EFFECTCS_ON_BOTH,3_EFFECTCS_ON_BOTH,3_EFFECTCS_ON_BOTH,3_EFFECTCS_ON_BOTH,3_EFFECTCS_ON_BOTH,3_EFFECTCS_ON_BOTH,3_EFFECTCS_ON_BOTH,3_EFFECTCS_ON_BOTH,3_EFFECTCS_ON_BOTH,3_EFFECTCS_ON_BOTH,3_EFFECTCS_ON_BOTH,3_EFFECTCS_ON_BOTH,3_EFFECTCS_ON_BOTH,3_EFFECTCS_ON_BOTH,3_EFFECTCS_ON_BOTH,3_EFFECTCS_ON_BOTH,3_EFFECTCS_ON_BOTH,3_EFFECTCS_ON_BOTH,3_EFFECTCS_ON_BOTH,3_EFFECTCS_ON_BOTH,3_EFFECTCS_ON_BOTH,3_EFFECTCS_ON_BOTH,3_EFFECTCS_ON_BOTH,3_EFFECTCS_ON_BOTH,3_EFFECTCS_ON_BOTH,3_EFFECTCS_ON_BOTH,3_EFFECTCS_ON_BOTH,3_EFFECTCS_ON_BOTH,3_EFFECTCS_ON_BOTH,3_EFFECTCS_ON_BOTH,3_EFFECTCS_ON_BOTH,3_EFFECTCS_ON_BOTH,3_EFFECTCS_ON_BOTH,3_EFFECTCS_ON_BOTH,3_EFFECTCS_ON_BOTH,3_EFFECTCS_ON_BOTH,3_EFFECTCS_ON_BOTH,3_EFFECTCS_ON_BOTH,3_EFFECTCS_ON_BOTH,3_EFFECTCS_ON_BOTH,3_EFFECTCS_ON_BOTH,3_EFFECTCS_ON_BOTH,3_EFFECTCS_ON_BOTH,3_EFFECTCS_ON_BOTH,3_EFFECTCS_ON_BOTH,3_EFFECTCS_ON_BOTH,3_EFFECTCS_ON_BOTH,3_EFFECTCS_ON_BOTH,3_EFFECTCS_ON_BOTH,3_EFFECTCS_ON_BOTH,3_EFFECTCS_ON_BOTH,3_EFFECTCS_ON_BOTH,3_EFFECTCS_ON_BOTH,3_EFFECTCS_ON_BOTH,3_EFFECTCS_ON_BOTH,3_EFFECTCS_ON_BOTH,3_EFFECTCS_ON_BOTH,3_EFFECTCS_ON_BOTH,3_EFFECTCS_ON_BOTH,3_EFFECTCS_ON_BOTH,3_EFFECTCS_ON_BOTH,3_EFFECTCS_ON_BOTH,3_EFFECTCS_ON_BOTH,3_EFFECTCS_ON_BOTH,3_EFFECTCS_ON_BOTH,3_EFFECTCS_ON_BOTH,3_EFFECTCS_ON_BOTH,3_EFFECTCS_ON_BOTH,3_EFFECTCS_ON_BOTH,3_EFFECTCS_ON_BOTH,3_EFFECTCS_ON_BOTH,3_EFFECTCS_ON_BOTH,3_EFFECTCS_ON_BOTH,3_EFFECTCS_ON_BOTH,3_EFFECTCS_ON_BOTH,3_EFFECTCS_ON_BOTH,3_EFFECTCS_ON_BOTH,3_EFFECTCS_ON_BOTH,3_EFFECTCS_ON_BOTH,3_EFFECTCS_ON_BOTH,3_EFFECTCS_ON_BOTH,3_EFFECTCS_ON_BOTH,3_EFFECTCS_ON_BOTH,3_EFFECTCS_ON_BOTH,3_EFFECTCS_ON_BOTH,3_EFFECTCS_ON_BOTH,3_EFFECTCS_ON_BOTH,3_EFFECTCS_ON_BOTH,3_EFFECTCS_ON_BOTH,3_EFFECTCS_ON_BOTH,3_EFFECTCS_ON_BOTH,3_EFFECTCS_ON_BOTH,3_EFFECTCS_ON_BOTH,3_EFFECTCS_ON_BOTH,3_EFFECTCS_ON_BOTH,3_EFFECTCS_ON_BOTH,3_EFFECTCS_ON_BOTH,3_EFFECTCS_ON_BOTH,3_EFFECTCS_ON_BOTH,3_EFFECTCS_ON_BOTH,3_EFFECTCS_ON_BOTH,3_EFFECTCS_ON_BOTH,3_EFFECTCS_ON_BOTH,3_EFFECTCS_ON_BOTH,3_EFFECTCS_ON_BOTH,3_EFFECTCS_ON_BOTH,3_EFFECTCS_ON_BOTH,3_EFFECTCS_ON_BOTH,3_EFFECTCS_ON_BOTH,3_EFFECTCS_ON_BOTH,3_EFFECTCS_ON_BOTH,3_EFFECTCS_ON_BOTH,3_EFFECTCS_ON_BOTH,3_EFFECTCS_ON_BOTH,3_EFFECTCS_ON_BOTH,3_EFFECTCS_ON_BOTH,3_EFFECTCS_ON_BOTH,3_EFFECTCS_ON_BOTH,3_EFFECTCS_ON_BOTH,3_EFFECTCS_ON_BOTH,3_EFFECTCS_ON_BOTH,3_EFFECTCS_ON_BOTH,3_EFFECTCS_ON_BOTH,3_EFFECTCS_ON_BOTH,3_EFFECTCS_ON_BOTH,3_EFFECTCS_ON_BOTH,3_EFFECTCS_ON_BOTH,3_EFFECTCS_ON_BOTH,3_EFFECTCS_ON_BOTH,3_EFFECTCS_ON_BOTH,3_EFFECTCS_ON_BOTH,3_EFFECTCS_ON_BOTH,3_EFFECTCS_ON_BOTH,3_EFFECTCS_ON_BOTH,3_EFFECTCS_ON_BOTH,3_EFFECTCS_ON_BOTH,3_EFFECTCS_ON_BOTH,3_EFFECTCS_ON_BOTH,3_EFFECTCS_ON_BOTH,3_EFFECTCS_ON_BOTH,3_EFFECTCS_ON_BOTH,3_EFFECTCS_ON_BOTH,3_EFFECTCS_ON_BOTH,3_EFFECTCS_ON_BOTH,3_EFFECTCS_ON_BOTH,3_EFFECTCS_ON_BOTH,3_EFFECTCS_ON_BOTH,3_EFFECTCS_ON_BOTH,3_EFFECTCS_ON_BOTH,3_EFFECTCS_ON_BOTH,3_EFFECTCS_ON_BOTH,3_EFFECTCS_ON_BOTH,3_EFFECTCS_ON_BOTH,3_EFFECTCS_ON_BOTH,3_EFFECTCS_ON_BOTH,3_EFFECTCS_ON_BOTH,3_EFFECTCS_ON_BOTH,3_EFFECTCS_ON_BOTH,3_EFFECTCS_ON_BOTH,3_EFFECTCS_ON_BOTH,3_EFFECTCS_ON_BOTH,3_EFFECTCS_ON_BOTH,3_EFFECTCS_ON_BOTH,3_EFFECTCS_ON_BOTH,3_EFFECTCS_ON_BOTH,3_EFFECTCS_ON_BOTH,3_EFFECTCS_ON_BOTH,3_EFFECTCS_ON_BOTH,3_EFFECTCS_ON_BOTH,3_EFFECTCS_ON_BOTH,3_EFFECTCS_ON_BOTH,3_EFFECTCS_ON_BOTH,3_EFFECTCS_ON_BOTH,3_EFFECTCS_ON_BOTH,3_EFFECTCS_ON_BOTH,3_EFFECTCS_ON_BOTH,3_EFFECTCS_ON_BOTH,3_EFFECTCS_ON_BOTH,3_EFFECTCS_ON_BOTH,3_EFFECTCS_ON_BOTH,3_EFFECTCS_ON_BOTH,3_EFFECTCS_ON_BOTH,3_EFFECTCS_ON_BOTH
ID,auto_beat,auto_pulse,clearAllLayers,clearCA,clearLayer,reset_camera,camera_BG_subtr,mute_second_screen,invertAllLayers,take_snapshots,cursorSize,auto_beat_duration,master,CAMixingWeight,CAMixingWeight_pulse,PartMixingWeight,PartMixingWeight_pulse,trackMixingWeight_0,trackMixingWeight_0_pulse,CAMasterWeight,CAMasterWeight_pulse,PartMasterWeight,PartMasterWeight_pulse,trackMasterWeight_0,trackMasterWeight_0_pulse,echo,echo_pulse,echoNeg,echoNeg_pulse,blurRadius_1,blurRadius_2,CAdecay,CAdecay_pulse,partDecay,partDecay_pulse,trkDecay_0,trkDecay_0_pulse,pen_radius,pen_radius_pulse,pen_color,pen_color_pulse,pen_grey,pen_grey_pulse,pen_color_a,pen_color_a_pulse,pen_brush,pen_radius_replay,pen_radius_replay_pulse,pen_color_replay,pen_color_replay_pulse,pen_grey_replay,pen_grey_replay_pulse,currentDrawingTrack,currentVideoTrack,currentPhotoTrack,track_x_transl_0,track_x_transl_0_pulse,track_y_transl_0,track_y_transl_0_pulse,part_initialization,part_path_repop_0,part_path_follow_0,part_path_repulse_0,path_record_1,path_replay_trackNo_1,part_size,part_size_pulse,part_acc,part_acc_pulse,part_image_acceleration,part_damp,part_damp_pulse,pulsed_part_Hshift,pulsed_part_Vshift,noiseUpdateScale,noiseUpdateScale_pulse,noiseParticleScale,noiseParticleScale_pulse,part_field_weight,part_field_weight_pulse,part_damp_targtRad,part_timeToTargt,particle_type,partMove_target,partMove_rand,partExit_mode,partStroke_mode,partColor_mode,pixel_acc,pixel_acc_pulse,pixel_acc_shiftX,pixel_acc_shiftX_pulse,pixel_acc_shiftY,pixel_acc_shiftY_pulse,pixel_radius,pixel_radius_pulse,pixel_mode,repop_CA,repop_CA_pulse,repop_part,repop_part_pulse,repop_BG,repop_BG_pulse,repop_path,repop_path_pulse,repop_colorBG,repop_colorBG_pulse,repop_greyBG,repop_greyBG_pulse,repop_colorPart,repop_colorPart_pulse,repop_greyPart,repop_greyPart_pulse,repop_colorCA,repop_colorCA_pulse,repop_greyCA,repop_greyCA_pulse,cameraWB_R,cameraWB_B,cameraExposure,cameraGain,cameraBrightness,cameraSaturation,cameraContrast,cameraGamma,cameraCaptFreq,playing_movieNo,movieCaptFreq,photo_diaporama,photo_diaporama_fade,photo_diaporama_plateau,activeClipArts,playing_soundtrackNo,cameraThreshold,cameraThreshold_pulse,cameraWeight,cameraWeight_pulse,cameraSobel,cameraSobel_pulse,movieWeight,movieWeight_pulse,movieSobel,movieSobel_pulse,invertMovie,invertCamera,video_satur,video_satur_pulse,video_value,video_value_pulse,photoWeight,photoWeight_pulse,photo_satur,photo_satur_pulse,photo_value,photo_value_pulse,photoJitterAmpl,maskJitterAmpl,photo_scale,mask_scale,photo_contrast,mask_contrast,CAParams1,CAParams1_pulse,CA1Type,CA1SubType,CA2Type,CA2SubType,CA1_CA2_weight,flashPartCA_freq,flashTrkCA_freq_0,flashTrkCA_freq_1,flashTrkCA_freq_2,flashTrkCA_freq_3,flashCABG_freq,flashPartBG_freq,flashTrkBG_freq_1,flashTrkBG_freq_2,flashTrkBG_freq_3,flashCAPart_freq,flashTrkPart_freq_0,flashTrkPart_freq_1,flashTrkPart_freq_2,flashTrkPart_freq_3,flashParticleInit_freq,flashPixel_freq,flashPixel_duration,flashPhotoChangeBeat,flashCameraTrkLength,flashCameraTrkBright,flashCameraTrkBeat,beat_threshold,beat_delay,sound_volume,sound_min,pen_radius_pressure_coef,pen_radius_angleHor_coef,pen_radius_angleVer_coef,tracksSync,cameraCumul,CAstep,interfaceOnScreen,CAcolorSpread,freeze,sound_env_min,sound_env_max,audioInput_weight,soundtrack_weight,sensor_sample_setUp,sensor_layout,sensor_activation,sensor_vol,movie_loop
,0,0,0,0,0,0,1,0,0,0,3,1,1,0.18097,0,0.32392,0,0.410494/0.388104/0/0,0/0/0/0,0.00108,0,0,0,0.16873/0.82232/1/0,0/0/0/0,0.82722,0,0.45503,0,10,3,0.2,0,0.01,0,-0.04/0.00389/0.00389/0,0/0/0/0,7,0,0.69868,0,1,0,0.27,0,0,0.6,0,0.69868,0,1,0,1,2,2,0/0,0/0,0/0,0/0,-1,1/1/1/0/0/0/0/0,1/0/0/0/0/0/0/0,0/0/0/0/0/0/0/0,0/0/0/0/0/0/0,2/2/-1/-1/-1/-1/-1,0.55574,0,0.01508,0,-1,0.00845,0,0,0,0.02995,0,0.02995,0,0,0,47.856548,100,2,0,1,0,0,2,0.00816,0,0.5,0,0.5,0,0.78204,0,1,1,0,0,0,0,0,0.829,0,0.5,0,0.79994,0,0.5,0,0.79994,0,0.5,0,0.79994,0,-1,2000,-5,0,128,128,126,46.590118,20,0,30,-1,0.2,10,0,-1,0.1,0,0,0,0,0,1,0,0,0,1,0,0,0,0,0,0,0,0,0,1,0,0,0,1,1,0,0,0.393673/0.102449/0.53551/0.165306/0.82816/0.322857/0.236/0,0/0/0/0/0/0/0/0,2,1,0,0,1,5,0,0,0,0,9,9,9,0,0,0,0,0,0,0,0,0,0,0,10,1,0,0.51641,150,1,0,0,0,0,0,0,1,0,1,0,25,91,1,1,1,0,0,1,1
,0,0,0,0,0,0,1,0,0,0,3,1,1,0.18097,0,0.32392,0,0.410494/0.388104/0/0,1/1/0/0,0.00108,0,0,0,0.16873/0.82232/1/0,1/1/0/0,0.999,0,0,0,10,3,0.2,-0.41511,0.001,0,0.01449/0.004/0.004/0,0/0/0/0,7,0,0.69868,0,1,0,0.27,0,0,1.2,0,0.69868,0,1,0,1,2,2,0/0,0/0,0/0,0/0,-1,1/1/1/0/0/0/0/0,1/0/0/0/0/0/0/0,0/0/0/0/0/0/0/0,0/0/0/0/0/0/0,2/2/-1/-1/-1/-1/-1,0.55574,0,0.01508,0,-1,0.00845,0,0,0,0.02995,0,0.02995,0,0,0,47.856548,100,2,0,1,0,0,2,0.00816,0,0.5,0,0.5,0,0.91903,0,1,1,0,0,0,0,0,0.829,0,0.5,0,0.79994,0,0.5,0,0.79994,0,0.5,0,0.79994,0,-1,2000,-5,0,128,128,126,46.590118,20,0,30,-1,0.2,10,0,-1,0.1,0,0,0,0,0,1,0,0,0,1,0,0,0,0,0,0,0,0,0,1,0,0,0,1,1,0,0,0.393673/0.102449/0.53551/0.165306/0.82816/0.322857/0.236/0,0/0/0/0/0/0/0/0,2,1,0,0,1,5,0,0,0,0,9,9,9,0,0,0,0,0,0,0,0,0,0,0,10,1,0,0.51641,150,3.45485,0,0,0,0,0,0,1,0,1,0,25,91,1,1,1,0,0,1,1
,s,s,s,s,s,s,s,s,s,s,s,s,s,s,s,l,s,l,l,s,s,s,s,s,l,s,s,l,s,l,s,s,l,l,s,s,s,s,s,s,s,s,s,s,s,s,l,s,s,s,l,s,s,s,s,s,s,s,s,s,s,s,s,s,s,s,s,s,s,s,s,s,s,s,s,s,s,s,s,s,s,s,s,s,s,s,s,s,l,s,s,s,s,s,L 0.5 0.5,s,s,s,s,s,s,l,s,s,s,s,s,s,s,s,s,s,s,s,s,s,s,s,s,s,s,s,s,s,s,s,s,s,s,s,s,s,k,s,s,s,s,s,s,s,s,s,s,s,s,s,s,s,s,s,s,s,s,s,s,s,s,s,s,s,s,s,s,s,s,s,s,s,s,s,s,s,s,s,s,s,s,s,s,s,s,s,s,s,s,s,s,s,s,s,k,s,k,k,s,s,s,s,s,s,s,s,s,k,k,s,s,s,s,s,s,k
/scene,,,,,,,,,,,,,,,,,,,,,,,,,,,,,,,,,,,,,,,,,,,,,,,,,,,,,,,,,,,,,,,,,,,,,,,,,,,,,,,,,,,,,,,,,,,,,,,,,,,,,,,,,,,,,,,,,,,,,,,,,,,,,,,,,,,,,,,,,,,,,,,,,,,,,,,,,,,,,,,,,,,,,,,,,,,,,,,,,,,,,,,,,,,,,,,,,,,,,,,,,,,,,,,,,,,,,,,,,,,,,,,,,,,,,,,,,,,,,,,,,,,,,,,,
/scenario,,,,,,,,,,,,,,,,,,,,,,,,,,,,,,,,,,,,,,,,,,,,,,,,,,,,,,,,,,,,,,,,,,,,,,,,,,,,,,,,,,,,,,,,,,,,,,,,,,,,,,,,,,,,,,,,,,,,,,,,,,,,,,,,,,,,,,,,,,,,,,,,,,,,,,,,,,,,,,,,,,,,,,,,,,,,,,,,,,,,,,,,,,,,,,,,,,,,,,,,,,,,,,,,,,,,,,,,,,,,,,,,,,,,,,,,,,,,,,,,,,,,,,,,
videos,1,,,,,,,,,,,,,,,,,,,,,,,,,,,,,,,,,,,,,,,,,,,,,,,,,,,,,,,,,,,,,,,,,,,,,,,,,,,,,,,,,,,,,,,,,,,,,,,,,,,,,,,,,,,,,,,,,,,,,,,,,,,,,,,,,,,,,,,,,,,,,,,,,,,,,,,,,,,,,,,,,,,,,,,,,,,,,,,,,,,,,,,,,,,,,,,,,,,,,,,,,,,,,,,,,,,,,,,,,,,,,,,,,,,,,,,,,,,,,,,,,,,,,,,
movie,../../../../LYM-videos/LYM_Annika_Araknit_2020/selfing-final-long/selfing-final-long.mp4,SELFING,,,,,,,,,,,,,,,,,,,,,,,,,,,,,,,,,,,,,,,,,,,,,,,,,,,,,,,,,,,,,,,,,,,,,,,,,,,,,,,,,,,,,,,,,,,,,,,,,,,,,,,,,,,,,,,,,,,,,,,,,,,,,,,,,,,,,,,,,,,,,,,,,,,,,,,,,,,,,,,,,,,,,,,,,,,,,,,,,,,,,,,,,,,,,,,,,,,,,,,,,,,,,,,,,,,,,,,,,,,,,,,,,,,,,,,,,,,,,,,,,,,,,,
/videos,,,,,,,,,,,,,,,,,,,,,,,,,,,,,,,,,,,,,,,,,,,,,,,,,,,,,,,,,,,,,,,,,,,,,,,,,,,,,,,,,,,,,,,,,,,,,,,,,,,,,,,,,,,,,,,,,,,,,,,,,,,,,,,,,,,,,,,,,,,,,,,,,,,,,,,,,,,,,,,,,,,,,,,,,,,,,,,,,,,,,,,,,,,,,,,,,,,,,,,,,,,,,,,,,,,,,,,,,,,,,,,,,,,,,,,,,,,,,,,,,,,,,,,,
photos,0,,,,,,,,,,,,,,,,,,,,,,,,,,,,,,,,,,,,,,,,,,,,,,,,,,,,,,,,,,,,,,,,,,,,,,,,,,,,,,,,,,,,,,,,,,,,,,,,,,,,,,,,,,,,,,,,,,,,,,,,,,,,,,,,,,,,,,,,,,,,,,,,,,,,,,,,,,,,,,,,,,,,,,,,,,,,,,,,,,,,,,,,,,,,,,,,,,,,,,,,,,,,,,,,,,,,,,,,,,,,,,,,,,,,,,,,,,,,,,,,,,,,,,,
/photos,,,,,,,,,,,,,,,,,,,,,,,,,,,,,,,,,,,,,,,,,,,,,,,,,,,,,,,,,,,,,,,,,,,,,,,,,,,,,,,,,,,,,,,,,,,,,,,,,,,,,,,,,,,,,,,,,,,,,,,,,,,,,,,,,,,,,,,,,,,,,,,,,,,,,,,,,,,,,,,,,,,,,,,,,,,,,,,,,,,,,,,,,,,,,,,,,,,,,,,,,,,,,,,,,,,,,,,,,,,,,,,,,,,,,,,,,,,,,,,,,,,,,,,,
soundtracks,7,,,,,,,,,,,,,,,,,,,,,,,,,,,,,,,,,,,,,,,,,,,,,,,,,,,,,,,,,,,,,,,,,,,,,,,,,,,,,,,,,,,,,,,,,,,,,,,,,,,,,,,,,,,,,,,,,,,,,,,,,,,,,,,,,,,,,,,,,,,,,,,,,,,,,,,,,,,,,,,,,,,,,,,,,,,,,,,,,,,,,,,,,,,,,,,,,,,,,,,,,,,,,,,,,,,,,,,,,,,,,,,,,,,,,,,,,,,,,,,,,,,,,,,
track,DJ_NOR/DIVERSA.wav,Div,,,,,,,,,,,,,,,,,,,,,,,,,,,,,,,,,,,,,,,,,,,,,,,,,,,,,,,,,,,,,,,,,,,,,,,,,,,,,,,,,,,,,,,,,,,,,,,,,,,,,,,,,,,,,,,,,,,,,,,,,,,,,,,,,,,,,,,,,,,,,,,,,,,,,,,,,,,,,,,,,,,,,,,,,,,,,,,,,,,,,,,,,,,,,,,,,,,,,,,,,,,,,,,,,,,,,,,,,,,,,,,,,,,,,,,,,,,,,,,,,,,,,,
track,SoundInitiative/INFU.wav,Sini,,,,,,,,,,,,,,,,,,,,,,,,,,,,,,,,,,,,,,,,,,,,,,,,,,,,,,,,,,,,,,,,,,,,,,,,,,,,,,,,,,,,,,,,,,,,,,,,,,,,,,,,,,,,,,,,,,,,,,,,,,,,,,,,,,,,,,,,,,,,,,,,,,,,,,,,,,,,,,,,,,,,,,,,,,,,,,,,,,,,,,,,,,,,,,,,,,,,,,,,,,,,,,,,,,,,,,,,,,,,,,,,,,,,,,,,,,,,,,,,,,,,,,
track,Malaussena/AteliersPortatifs_extract.wav,AP,,,,,,,,,,,,,,,,,,,,,,,,,,,,,,,,,,,,,,,,,,,,,,,,,,,,,,,,,,,,,,,,,,,,,,,,,,,,,,,,,,,,,,,,,,,,,,,,,,,,,,,,,,,,,,,,,,,,,,,,,,,,,,,,,,,,,,,,,,,,,,,,,,,,,,,,,,,,,,,,,,,,,,,,,,,,,,,,,,,,,,,,,,,,,,,,,,,,,,,,,,,,,,,,,,,,,,,,,,,,,,,,,,,,,,,,,,,,,,,,,,,,,,
track,LYM/trailer_mix_v3.wav,LYM,,,,,,,,,,,,,,,,,,,,,,,,,,,,,,,,,,,,,,,,,,,,,,,,,,,,,,,,,,,,,,,,,,,,,,,,,,,,,,,,,,,,,,,,,,,,,,,,,,,,,,,,,,,,,,,,,,,,,,,,,,,,,,,,,,,,,,,,,,,,,,,,,,,,,,,,,,,,,,,,,,,,,,,,,,,,,,,,,,,,,,,,,,,,,,,,,,,,,,,,,,,,,,,,,,,,,,,,,,,,,,,,,,,,,,,,,,,,,,,,,,,,,,
track,LYM/Hausfrau_2015_LolaAjima.wav,HFr,,,,,,,,,,,,,,,,,,,,,,,,,,,,,,,,,,,,,,,,,,,,,,,,,,,,,,,,,,,,,,,,,,,,,,,,,,,,,,,,,,,,,,,,,,,,,,,,,,,,,,,,,,,,,,,,,,,,,,,,,,,,,,,,,,,,,,,,,,,,,,,,,,,,,,,,,,,,,,,,,,,,,,,,,,,,,,,,,,,,,,,,,,,,,,,,,,,,,,,,,,,,,,,,,,,,,,,,,,,,,,,,,,,,,,,,,,,,,,,,,,,,,,
track,../../../../LYM-videos/LYM_Voluspa_ChateauEphemere_2018/Voluspa_JuryStereo-short.wav,Sini,,,,,,,,,,,,,,,,,,,,,,,,,,,,,,,,,,,,,,,,,,,,,,,,,,,,,,,,,,,,,,,,,,,,,,,,,,,,,,,,,,,,,,,,,,,,,,,,,,,,,,,,,,,,,,,,,,,,,,,,,,,,,,,,,,,,,,,,,,,,,,,,,,,,,,,,,,,,,,,,,,,,,,,,,,,,,,,,,,,,,,,,,,,,,,,,,,,,,,,,,,,,,,,,,,,,,,,,,,,,,,,,,,,,,,,,,,,,,,,,,,,,,,
track,../../../../LYM-videos/LYM_araknit_ChateauEphemere_2018/araknit_JuryStereo-short.wav,Sini,,,,,,,,,,,,,,,,,,,,,,,,,,,,,,,,,,,,,,,,,,,,,,,,,,,,,,,,,,,,,,,,,,,,,,,,,,,,,,,,,,,,,,,,,,,,,,,,,,,,,,,,,,,,,,,,,,,,,,,,,,,,,,,,,,,,,,,,,,,,,,,,,,,,,,,,,,,,,,,,,,,,,,,,,,,,,,,,,,,,,,,,,,,,,,,,,,,,,,,,,,,,,,,,,,,,,,,,,,,,,,,,,,,,,,,,,,,,,,,,,,,,,,
/soundtracks,,,,,,,,,,,,,,,,,,,,,,,,,,,,,,,,,,,,,,,,,,,,,,,,,,,,,,,,,,,,,,,,,,,,,,,,,,,,,,,,,,,,,,,,,,,,,,,,,,,,,,,,,,,,,,,,,,,,,,,,,,,,,,,,,,,,,,,,,,,,,,,,,,,,,,,,,,,,,,,,,,,,,,,,,,,,,,,,,,,,,,,,,,,,,,,,,,,,,,,,,,,,,,,,,,,,,,,,,,,,,,,,,,,,,,,,,,,,,,,,,,,,,,,,
svg_paths,0,path_No,track_No,radius,color_r,color_g,color_b,readSpeedScale,,,,,,,,,,,,,,,,,,,,,,,,,,,,,,,,,,,,,,,,,,,,,,,,,,,,,,,,,,,,,,,,,,,,,,,,,,,,,,,,,,,,,,,,,,,,,,,,,,,,,,,,,,,,,,,,,,,,,,,,,,,,,,,,,,,,,,,,,,,,,,,,,,,,,,,,,,,,,,,,,,,,,,,,,,,,,,,,,,,,,,,,,,,,,,,,,,,,,,,,,,,,,,,,,,,,,,,,,,,,,,,,,,,,,,,,,,,,,,,,
/svg_paths,,,,,,,,,,,,,,,,,,,,,,,,,,,,,,,,,,,,,,,,,,,,,,,,,,,,,,,,,,,,,,,,,,,,,,,,,,,,,,,,,,,,,,,,,,,,,,,,,,,,,,,,,,,,,,,,,,,,,,,,,,,,,,,,,,,,,,,,,,,,,,,,,,,,,,,,,,,,,,,,,,,,,,,,,,,,,,,,,,,,,,,,,,,,,,,,,,,,,,,,,,,,,,,,,,,,,,,,,,,,,,,,,,,,,,,,,,,,,,,,,,,,,,,,
svg_clip_arts,0,nb_layers,scale,translation_x,translation_y,rotation,color,,,,,,,,,,,,,,,,,,,,,,,,,,,,,,,,,,,,,,,,,,,,,,,,,,,,,,,,,,,,,,,,,,,,,,,,,,,,,,,,,,,,,,,,,,,,,,,,,,,,,,,,,,,,,,,,,,,,,,,,,,,,,,,,,,,,,,,,,,,,,,,,,,,,,,,,,,,,,,,,,,,,,,,,,,,,,,,,,,,,,,,,,,,,,,,,,,,,,,,,,,,,,,,,,,,,,,,,,,,,,,,,,,,,,,,,,,,,,,,,,
/svg_clip_arts,,,,,,,,,,,,,,,,,,,,,,,,,,,,,,,,,,,,,,,,,,,,,,,,,,,,,,,,,,,,,,,,,,,,,,,,,,,,,,,,,,,,,,,,,,,,,,,,,,,,,,,,,,,,,,,,,,,,,,,,,,,,,,,,,,,,,,,,,,,,,,,,,,,,,,,,,,,,,,,,,,,,,,,,,,,,,,,,,,,,,,,,,,,,,,,,,,,,,,,,,,,,,,,,,,,,,,,,,,,,,,,,,,,,,,,,,,,,,,,,,,,,,,,,
textures,8,suffix,usage,rank,dimension,nb_3D_textures,size_x,size_y,nb_bytes_per_pixel,is_rectangle,invert,,,,,,,,,,,,,,,,,,,,,,,,,,,,,,,,,,,,,,,,,,,,,,,,,,,,,,,,,,,,,,,,,,,,,,,,,,,,,,,,,,,,,,,,,,,,,,,,,,,,,,,,,,,,,,,,,,,,,,,,,,,,,,,,,,,,,,,,,,,,,,,,,,,,,,,,,,,,,,,,,,,,,,,,,,,,,,,,,,,,,,,,,,,,,,,,,,,,,,,,,,,,,,,,,,,,,,,,,,,,,,,,,,,,,,,,,,,,,
texture,Araknit/master_mask,.png,master_mask,1,2,1,1920,1080,4,true,false,,,,,,,,,,,,,,,,,,,,,,,,,,,,,,,,,,,,,,,,,,,,,,,,,,,,,,,,,,,,,,,,,,,,,,,,,,,,,,,,,,,,,,,,,,,,,,,,,,,,,,,,,,,,,,,,,,,,,,,,,,,,,,,,,,,,,,,,,,,,,,,,,,,,,,,,,,,,,,,,,,,,,,,,,,,,,,,,,,,,,,,,,,,,,,,,,,,,,,,,,,,,,,,,,,,,,,,,,,,,,,,,,,,,,,,,,,,,,
texture,sensor.v2,.png,sensor,1,2,1,100,100,4,TRUE,FALSE,,,,,,,,,,,,,,,,,,,,,,,,,,,,,,,,,,,,,,,,,,,,,,,,,,,,,,,,,,,,,,,,,,,,,,,,,,,,,,,,,,,,,,,,,,,,,,,,,,,,,,,,,,,,,,,,,,,,,,,,,,,,,,,,,,,,,,,,,,,,,,,,,,,,,,,,,,,,,,,,,,,,,,,,,,,,,,,,,,,,,,,,,,,,,,,,,,,,,,,,,,,,,,,,,,,,,,,,,,,,,,,,,,,,,,,,,,,,,
texture,Noise_voluspa_3D,.png,noise,1,3,2,2048,1024,4,TRUE,TRUE,,,,,,,,,,,,,,,,,,,,,,,,,,,,,,,,,,,,,,,,,,,,,,,,,,,,,,,,,,,,,,,,,,,,,,,,,,,,,,,,,,,,,,,,,,,,,,,,,,,,,,,,,,,,,,,,,,,,,,,,,,,,,,,,,,,,,,,,,,,,,,,,,,,,,,,,,,,,,,,,,,,,,,,,,,,,,,,,,,,,,,,,,,,,,,,,,,,,,,,,,,,,,,,,,,,,,,,,,,,,,,,,,,,,,,,,,,,,,
texture,brushes/Pen_demo_3D,.png,brush,1,3,3,2048,2048,4,TRUE,TRUE,,,,,,,,,,,,,,,,,,,,,,,,,,,,,,,,,,,,,,,,,,,,,,,,,,,,,,,,,,,,,,,,,,,,,,,,,,,,,,,,,,,,,,,,,,,,,,,,,,,,,,,,,,,,,,,,,,,,,,,,,,,,,,,,,,,,,,,,,,,,,,,,,,,,,,,,,,,,,,,,,,,,,,,,,,,,,,,,,,,,,,,,,,,,,,,,,,,,,,,,,,,,,,,,,,,,,,,,,,,,,,,,,,,,,,,,,,,,,
texture,comet,.png,curve_particle,1,2,1,512,256,4,FALSE,FALSE,,,,,,,,,,,,,,,,,,,,,,,,,,,,,,,,,,,,,,,,,,,,,,,,,,,,,,,,,,,,,,,,,,,,,,,,,,,,,,,,,,,,,,,,,,,,,,,,,,,,,,,,,,,,,,,,,,,,,,,,,,,,,,,,,,,,,,,,,,,,,,,,,,,,,,,,,,,,,,,,,,,,,,,,,,,,,,,,,,,,,,,,,,,,,,,,,,,,,,,,,,,,,,,,,,,,,,,,,,,,,,,,,,,,,,,,,,,,,
texture,blurredDisk,.png,splat_particle,1,2,1,256,256,4,FALSE,FALSE,,,,,,,,,,,,,,,,,,,,,,,,,,,,,,,,,,,,,,,,,,,,,,,,,,,,,,,,,,,,,,,,,,,,,,,,,,,,,,,,,,,,,,,,,,,,,,,,,,,,,,,,,,,,,,,,,,,,,,,,,,,,,,,,,,,,,,,,,,,,,,,,,,,,,,,,,,,,,,,,,,,,,,,,,,,,,,,,,,,,,,,,,,,,,,,,,,,,,,,,,,,,,,,,,,,,,,,,,,,,,,,,,,,,,,,,,,,,,
texture,etoiles/tycho,.png,part_init,1,2,1,1920,1080,4,TRUE,TRUE,,,,,,,,,,,,,,,,,,,,,,,,,,,,,,,,,,,,,,,,,,,,,,,,,,,,,,,,,,,,,,,,,,,,,,,,,,,,,,,,,,,,,,,,,,,,,,,,,,,,,,,,,,,,,,,,,,,,,,,,,,,,,,,,,,,,,,,,,,,,,,,,,,,,,,,,,,,,,,,,,,,,,,,,,,,,,,,,,,,,,,,,,,,,,,,,,,,,,,,,,,,,,,,,,,,,,,,,,,,,,,,,,,,,,,,,,,,,,
texture,etoiles/SN1006,.png,part_init,2,2,1,1920,1080,4,TRUE,TRUE,,,,,,,,,,,,,,,,,,,,,,,,,,,,,,,,,,,,,,,,,,,,,,,,,,,,,,,,,,,,,,,,,,,,,,,,,,,,,,,,,,,,,,,,,,,,,,,,,,,,,,,,,,,,,,,,,,,,,,,,,,,,,,,,,,,,,,,,,,,,,,,,,,,,,,,,,,,,,,,,,,,,,,,,,,,,,,,,,,,,,,,,,,,,,,,,,,,,,,,,,,,,,,,,,,,,,,,,,,,,,,,,,,,,,,,,,,,,,
/textures,,,,,,,,,,,,,,,,,,,,,,,,,,,,,,,,,,,,,,,,,,,,,,,,,,,,,,,,,,,,,,,,,,,,,,,,,,,,,,,,,,,,,,,,,,,,,,,,,,,,,,,,,,,,,,,,,,,,,,,,,,,,,,,,,,,,,,,,,,,,,,,,,,,,,,,,,,,,,,,,,,,,,,,,,,,,,,,,,,,,,,,,,,,,,,,,,,,,,,,,,,,,,,,,,,,,,,,,,,,,,,,,,,,,,,,,,,,,,,,,,,,,,,,,
palette_colors,6,,,,,,,,,,,,,,,,,,,,,,,,,,,,,,,,,,,,,,,,,,,,,,,,,,,,,,,,,,,,,,,,,,,,,,,,,,,,,,,,,,,,,,,,,,,,,,,,,,,,,,,,,,,,,,,,,,,,,,,,,,,,,,,,,,,,,,,,,,,,,,,,,,,,,,,,,,,,,,,,,,,,,,,,,,,,,,,,,,,,,,,,,,,,,,,,,,,,,,,,,,,,,,,,,,,,,,,,,,,,,,,,,,,,,,,,,,,,,,,,,,,,,,,
red,200,0,50,255,0,0,200,50,0,,,,,,,,,,,,,,,,,,,,,,,,,,,,,,,,,,,,,,,,,,,,,,,,,,,,,,,,,,,,,,,,,,,,,,,,,,,,,,,,,,,,,,,,,,,,,,,,,,,,,,,,,,,,,,,,,,,,,,,,,,,,,,,,,,,,,,,,,,,,,,,,,,,,,,,,,,,,,,,,,,,,,,,,,,,,,,,,,,,,,,,,,,,,,,,,,,,,,,,,,,,,,,,,,,,,,,,,,,,,,,,,,,,,,,,,,,,,,,,
magenta,200,50,255,255,0,255,255,50,200,,,,,,,,,,,,,,,,,,,,,,,,,,,,,,,,,,,,,,,,,,,,,,,,,,,,,,,,,,,,,,,,,,,,,,,,,,,,,,,,,,,,,,,,,,,,,,,,,,,,,,,,,,,,,,,,,,,,,,,,,,,,,,,,,,,,,,,,,,,,,,,,,,,,,,,,,,,,,,,,,,,,,,,,,,,,,,,,,,,,,,,,,,,,,,,,,,,,,,,,,,,,,,,,,,,,,,,,,,,,,,,,,,,,,,,,,,,,,,,
blue,0,50,200,0,0,255,50,0,200,,,,,,,,,,,,,,,,,,,,,,,,,,,,,,,,,,,,,,,,,,,,,,,,,,,,,,,,,,,,,,,,,,,,,,,,,,,,,,,,,,,,,,,,,,,,,,,,,,,,,,,,,,,,,,,,,,,,,,,,,,,,,,,,,,,,,,,,,,,,,,,,,,,,,,,,,,,,,,,,,,,,,,,,,,,,,,,,,,,,,,,,,,,,,,,,,,,,,,,,,,,,,,,,,,,,,,,,,,,,,,,,,,,,,,,,,,,,,,,
cyan,50,200,255,0,255,255,50,255,200,,,,,,,,,,,,,,,,,,,,,,,,,,,,,,,,,,,,,,,,,,,,,,,,,,,,,,,,,,,,,,,,,,,,,,,,,,,,,,,,,,,,,,,,,,,,,,,,,,,,,,,,,,,,,,,,,,,,,,,,,,,,,,,,,,,,,,,,,,,,,,,,,,,,,,,,,,,,,,,,,,,,,,,,,,,,,,,,,,,,,,,,,,,,,,,,,,,,,,,,,,,,,,,,,,,,,,,,,,,,,,,,,,,,,,,,,,,,,,,
green,50,200,0,0,255,0,0,200,50,,,,,,,,,,,,,,,,,,,,,,,,,,,,,,,,,,,,,,,,,,,,,,,,,,,,,,,,,,,,,,,,,,,,,,,,,,,,,,,,,,,,,,,,,,,,,,,,,,,,,,,,,,,,,,,,,,,,,,,,,,,,,,,,,,,,,,,,,,,,,,,,,,,,,,,,,,,,,,,,,,,,,,,,,,,,,,,,,,,,,,,,,,,,,,,,,,,,,,,,,,,,,,,,,,,,,,,,,,,,,,,,,,,,,,,,,,,,,,,
yellow,200,255,50,255,255,0,255,200,50,,,,,,,,,,,,,,,,,,,,,,,,,,,,,,,,,,,,,,,,,,,,,,,,,,,,,,,,,,,,,,,,,,,,,,,,,,,,,,,,,,,,,,,,,,,,,,,,,,,,,,,,,,,,,,,,,,,,,,,,,,,,,,,,,,,,,,,,,,,,,,,,,,,,,,,,,,,,,,,,,,,,,,,,,,,,,,,,,,,,,,,,,,,,,,,,,,,,,,,,,,,,,,,,,,,,,,,,,,,,,,,,,,,,,,,,,,,,,,,
/palette_colors,,,,,,,,,,,,,,,,,,,,,,,,,,,,,,,,,,,,,,,,,,,,,,,,,,,,,,,,,,,,,,,,,,,,,,,,,,,,,,,,,,,,,,,,,,,,,,,,,,,,,,,,,,,,,,,,,,,,,,,,,,,,,,,,,,,,,,,,,,,,,,,,,,,,,,,,,,,,,,,,,,,,,,,,,,,,,,,,,,,,,,,,,,,,,,,,,,,,,,,,,,,,,,,,,,,,,,,,,,,,,,,,,,,,,,,,,,,,,,,,,,,,,,,,
color_presets,6,,,,,,,,,,,,,,,,,,,,,,,,,,,,,,,,,,,,,,,,,,,,,,,,,,,,,,,,,,,,,,,,,,,,,,,,,,,,,,,,,,,,,,,,,,,,,,,,,,,,,,,,,,,,,,,,,,,,,,,,,,,,,,,,,,,,,,,,,,,,,,,,,,,,,,,,,,,,,,,,,,,,,,,,,,,,,,,,,,,,,,,,,,,,,,,,,,,,,,,,,,,,,,,,,,,,,,,,,,,,,,,,,,,,,,,,,,,,,,,,,,,,,,,
re,0,,,,,,,,,,,,,,,,,,,,,,,,,,,,,,,,,,,,,,,,,,,,,,,,,,,,,,,,,,,,,,,,,,,,,,,,,,,,,,,,,,,,,,,,,,,,,,,,,,,,,,,,,,,,,,,,,,,,,,,,,,,,,,,,,,,,,,,,,,,,,,,,,,,,,,,,,,,,,,,,,,,,,,,,,,,,,,,,,,,,,,,,,,,,,,,,,,,,,,,,,,,,,,,,,,,,,,,,,,,,,,,,,,,,,,,,,,,,,,,,,,,,,,,
ma,0.1667,,,,,,,,,,,,,,,,,,,,,,,,,,,,,,,,,,,,,,,,,,,,,,,,,,,,,,,,,,,,,,,,,,,,,,,,,,,,,,,,,,,,,,,,,,,,,,,,,,,,,,,,,,,,,,,,,,,,,,,,,,,,,,,,,,,,,,,,,,,,,,,,,,,,,,,,,,,,,,,,,,,,,,,,,,,,,,,,,,,,,,,,,,,,,,,,,,,,,,,,,,,,,,,,,,,,,,,,,,,,,,,,,,,,,,,,,,,,,,,,,,,,,,,
bl,0.3333,,,,,,,,,,,,,,,,,,,,,,,,,,,,,,,,,,,,,,,,,,,,,,,,,,,,,,,,,,,,,,,,,,,,,,,,,,,,,,,,,,,,,,,,,,,,,,,,,,,,,,,,,,,,,,,,,,,,,,,,,,,,,,,,,,,,,,,,,,,,,,,,,,,,,,,,,,,,,,,,,,,,,,,,,,,,,,,,,,,,,,,,,,,,,,,,,,,,,,,,,,,,,,,,,,,,,,,,,,,,,,,,,,,,,,,,,,,,,,,,,,,,,,,
cy,0.5,,,,,,,,,,,,,,,,,,,,,,,,,,,,,,,,,,,,,,,,,,,,,,,,,,,,,,,,,,,,,,,,,,,,,,,,,,,,,,,,,,,,,,,,,,,,,,,,,,,,,,,,,,,,,,,,,,,,,,,,,,,,,,,,,,,,,,,,,,,,,,,,,,,,,,,,,,,,,,,,,,,,,,,,,,,,,,,,,,,,,,,,,,,,,,,,,,,,,,,,,,,,,,,,,,,,,,,,,,,,,,,,,,,,,,,,,,,,,,,,,,,,,,,
gr,0.6667,,,,,,,,,,,,,,,,,,,,,,,,,,,,,,,,,,,,,,,,,,,,,,,,,,,,,,,,,,,,,,,,,,,,,,,,,,,,,,,,,,,,,,,,,,,,,,,,,,,,,,,,,,,,,,,,,,,,,,,,,,,,,,,,,,,,,,,,,,,,,,,,,,,,,,,,,,,,,,,,,,,,,,,,,,,,,,,,,,,,,,,,,,,,,,,,,,,,,,,,,,,,,,,,,,,,,,,,,,,,,,,,,,,,,,,,,,,,,,,,,,,,,,,
ye,0.8333,,,,,,,,,,,,,,,,,,,,,,,,,,,,,,,,,,,,,,,,,,,,,,,,,,,,,,,,,,,,,,,,,,,,,,,,,,,,,,,,,,,,,,,,,,,,,,,,,,,,,,,,,,,,,,,,,,,,,,,,,,,,,,,,,,,,,,,,,,,,,,,,,,,,,,,,,,,,,,,,,,,,,,,,,,,,,,,,,,,,,,,,,,,,,,,,,,,,,,,,,,,,,,,,,,,,,,,,,,,,,,,,,,,,,,,,,,,,,,,,,,,,,,,
/color_presets,,,,,,,,,,,,,,,,,,,,,,,,,,,,,,,,,,,,,,,,,,,,,,,,,,,,,,,,,,,,,,,,,,,,,,,,,,,,,,,,,,,,,,,,,,,,,,,,,,,,,,,,,,,,,,,,,,,,,,,,,,,,,,,,,,,,,,,,,,,,,,,,,,,,,,,,,,,,,,,,,,,,,,,,,,,,,,,,,,,,,,,,,,,,,,,,,,,,,,,,,,,,,,,,,,,,,,,,,,,,,,,,,,,,,,,,,,,,,,,,,,,,,,,,
