RANK,1,2,3,4,5,6,7,8,9,10,11,12,13,14,15,16,17,18,19,20,21,22,23,24,25,26,27,28,29,30,31,32,33,34,35,36,37,38,39,40,41,42,43,44,45,46,47,48,49,50,51,52,53,54,55,56,57,58,59,60,61,62,63,64,65,66,67,68,69,70,71,72,73,74,75,76,77,78,79,80,81,82,83,84,85,86,87,88,89,90,91,92,93,94,95,96,97,98,99,100,101,102,103,104,105,106,107,108,109,110,111,112,113,114,115,116,117,118,119,120,121,122,123,124,125,126,127,128,129,130,131,132,133,134,135,136,137,138,139,140,141,142,143,144,145,146,147,148,149,150,151,152,153,154,155,156,157,158,159,160,161,162,163,164,165,166,167,168,169,170,171,172,173,174,175,176,177,178,179,180,181,182,183,184,185,186,187,188,189,190,191,192,193,194,195,196,197,198,199,200,201,202,203,204,205,206,207,208,209,210,211,212,213,214,215,216,217,218,219,220,221,222,223,224,225,226,227,228,229,230
VERBATIM,auto_beat,auto_pulse,clear all Layers,clear CA,clear layer,current background capture,BG Subtraction on/off,mute screen,invert,snapshot onOff,cursor size,beat duration,master level,CA mix weight,ID comment,Part mix weight,ID comment,track_levels,track_levels,CA Master weight,ID comment,Part Master weight,ID comment,track_levels,track_levels,CA second Master weight,Part second Master weight,track0 second Master weight,track1 second Master weight,track2 second Master weight,track3 second Master weight,second Master mixing weight,echo,ID comment,echo neg,ID comment,CA decay,CA decay pulse,part decay,ID comment,track_decays,track_decays,pen radius,pen radius pulse,palette for pen,palette for pen pulse,Grey level for pen,pen grey pulse,pen color alpha,pen color alpha pulse,pen brush,pen radius replay,pen radius replay pulse,pen saturation replay,pen saturation replay pulse,pen value replay,pen value replay pulse,pen hue replay,pen hue replay pulse,pen brush replay,current drawing track,current video track,current photo track,current mask track,tracks_set_up,tracks_set_up,tracks_set_up,part image based acceleration,paths,paths,paths,part size,particle radius pulse,part acc,part acc pulse,part damp factor,ID comment,part damp factor,ID comment,particle motion shift pulse,noise scale,ID comment,noise scale,ID comment,pixel acc,pixel acc pulse,pixel acc center-x,ID comment,pixel acc center-y,ID comment,pixel radius ,pixel radius pulse,pixel mode,repopuplating CA,ID comment,repopuplating Part,particle repop pulse,repopuplating BG (grid),ID comment,repopuplating Path,ID comment,prepop density for pixels,repop_colorBG,repop_colorBG_pulse,repop_greyBG,repop_greyBG_pulse,repop_colorPart,repop_colorPart_pulse,repop_greyPart,repop_greyPart_pulse,repop_colorCA,repop_colorCA_pulse,repop_greyCA,repop_greyCA_pulse,movie no,movie capture frequency,photo diaporama index,photo diaporama fade dur,photo diaporama plateau dur,soundtrack no,camera threshold,ID comment,camera Weight,ID comment,Sobel camera,ID comment,movie weight,ID comment,Sobel movie,ID comment,invert movie,invertCamera,video saturation ,video saturation pulse,video_value,video_value_pulse,ID comment,ID comment,ID comment,ID comment,photo weight,ID comment,photo satur,photo satur pulse,photo value,photo value pulse,photo value,photo value pulse,ID comment,ID comment,photo jitter amplitude,mask jitter amplitude,photo scale,photo offSetX,photo offsetY,mask scale,photo contrast,mask contrast,CA,CA,CA 1 type,CA 1 subtype,CA 2 type,CA 2 subtype,CA1/CA2 weight,Flash Part->CA freq, Flash track0->CA freq, Flash track1->CA freq, Flash track2->CA freq, Flash track3->CA freq,Flash CA->BG freq,Flash Part->BG freq, Flash track1->BG freq, Flash track2->BG freq, Flash track3->BG freq,Flash CA->Part freq,Flash Trk0->Part freq,Flash Trk1->Part freq,Flash Trk2->Part freq,Flash Trk3->Part freq,Flash particle init freq,Flash pixel freq,Flash pixel duration,master scale,master scale pulse,master scale ratio,master offsetX,master offsetY,CA,beat threshold,beat min duration (ms),input volume,Min input volume,pen pressure coef,pen angleH coef,pen angleV coef,tracks sync on/off,cumul video,CA update step,fast vs slow CA color spreading,freeze on/off,sound enveloppe min,sound envelope max,adc weight (eg microphone),soundtrack weight,movie loop,path_replay loop,master mask crop x,master mask crop y,master mask crop width,blur radius trk1,ID comment,ID comment,screen_drawing_no,Blend Transparency,master mask scale,master mask scale ratio,master mask offsetX,master mask offsetY,Caverne_BackColor,ID comment,ID comment,ID comment,ID comment,MIDIwithBeat,MIDIwithColor,MIDIwithBrush,MIDIwithCameraFlash,MIDIwithPhotoFlash,current light scene
TYPE,bool,bool,bool,bool,bool,bool,bool,bool,bool,bool,int,float,float,float,float,float,float,float[0..PG_NB_TRACKS],float[0..PG_NB_TRACKS],float,float,float,float,float[0..PG_NB_TRACKS],float[0..PG_NB_TRACKS],float,float,float,float,float,float,float,float,float,float,float,float,float,float,float,float[0..PG_NB_TRACKS],float[0..PG_NB_TRACKS],float,float,float,float,float,float,float,float,int ,float,float,float,float,float,float,float,float,int,int,int,int,int,float[0..PG_NB_TRACKS],float[0..PG_NB_TRACKS],float[0..PG_NB_TRACKS],int,bool[0..PG_NB_PATHS],bool[1..PG_NB_PATHS],int[1..PG_NB_PATHS],float,float,float,float,float,float,float,float,float,float,float,float,float,float,float,float,float,float,float,float,float,int,float,float,float,float,float,float,float,float,int,float,float,float,float,float,float,float,float,float,float,float,float,int,float,int,float,float,int,float,float,float,float,float,float,float,float,float,float,bool,bool,float,float,float,float,float,float,float,float,float,float,float,float,float,float,float,float,float,float,float,float,float,float,float,float,float,float,float[1..(PG_NB_CA_PARAMS+1)],float[1..(PG_NB_CA_PARAMS+1)],int,int,int,int,float,int,int,int,int,int,int,int,int,int,int,int,int,int,int,int,int,int,int,float,float,float,float,float,float[1..(PG_NB_MASTER_MASKS+1)],float,float,float,float,float,float,float,bool,int,int,bool,bool,float,float,float,float,bool,bool,float,float,float,int,float,float,int,float,float,float,float,float,bool,float,float,float,float,bool,bool,bool,bool,bool,int
ID,auto_beat,auto_pulse,clearAllLayers,clearCA,clearLayer,reset_camera,camera_BG_subtr,mute_second_screen,invertAllLayers,take_snapshots,cursorSize,auto_beat_duration,master,CAMixingWeight,CAMixingWeight_pulse,PartMixingWeight,PartMixingWeight_pulse,trackMixingWeight,trackMixingWeight_pulse,CAMasterWeight,CAMasterWeight_pulse,PartMasterWeight,PartMasterWeight_pulse,trackMasterWeight,trackMasterWeight_pulse,CASecondMasterWeight,PartSecondMasterWeight,trackSecondMasterWeight_0,trackSecondMasterWeight_1,trackSecondMasterWeight_2,trackSecondMasterWeight_3,SecondMasterMixingWeight,echo,echo_pulse,echoNeg,echoNeg_pulse,CAdecay,CAdecay_pulse,partDecay,partDecay_pulse,trkDecay,trkDecay_pulse,pen_radius,pen_radius_pulse,pen_color,pen_color_pulse,pen_grey,pen_grey_pulse,pen_color_a,pen_color_a_pulse,pen_brush,pen_radius_replay,pen_radius_replay_pulse,pen_saturation_replay,pen_saturation_replay_pulse,pen_value_replay,pen_value_replay_pulse,pen_hue_replay,pen_hue_replay_pulse,pen_brush_replay,currentDrawingTrack,currentVideoTrack,currentPhotoTrack,currentMaskTrack,track_x_transl,track_x_transl_pulse,track_y_transl,part_image_acceleration,part_path_repop,path_record,path_replay_trackNo,part_size,part_size_pulse,part_acc,part_acc_pulse,part_damp,part_damp_pulse,part_gravity,pulsed_part_Hshift,pulsed_part_Vshift,noiseUpdateScale,noiseUpdateScale_pulse,noiseParticleScale,noiseParticleScale_pulse,pixel_acc,pixel_acc_pulse,pixel_acc_shiftX,pixel_acc_shiftX_pulse,pixel_acc_shiftY,pixel_acc_shiftY_pulse,pixel_radius,pixel_radius_pulse,pixel_mode,repop_CA,repop_CA_pulse,repop_part,repop_part_pulse,repop_BG,repop_BG_pulse,repop_path,repop_path_pulse,repop_density,repop_colorBG,repop_colorBG_pulse,repop_greyBG,repop_greyBG_pulse,repop_colorPart,repop_colorPart_pulse,repop_greyPart,repop_greyPart_pulse,repop_colorCA,repop_colorCA_pulse,repop_greyCA,repop_greyCA_pulse,playing_movieNo,movieCaptFreq,photo_diaporama,photo_diaporama_fade,photo_diaporama_plateau,playing_soundtrackNo,cameraThreshold,cameraThreshold_pulse,cameraWeight,cameraWeight_pulse,cameraSobel,cameraSobel_pulse,movieWeight,movieWeight_pulse,movieSobel,movieSobel_pulse,invertMovie,invertCamera,video_satur,video_satur_pulse,video_value,video_value_pulse,video_gamma,video_gamma_pulse,video_threshold,video_threshold_pulse,photoWeight,photoWeight_pulse,photo_satur,photo_satur_pulse,photo_value,photo_value_pulse,photo_gamma,photo_gamma_pulse,photo_threshold,photo_threshold_pulse,photoJitterAmpl,maskJitterAmpl,photo_scale,photo_offsetX,photo_offsetY,mask_scale,photo_contrast,mask_contrast,CAParams,CAParams_pulse,CA1Type,CA1SubType,CA2Type,CA2SubType,CA1_CA2_weight,flashPartCA_freq,flashTrkCA_freq_0,flashTrkCA_freq_1,flashTrkCA_freq_2,flashTrkCA_freq_3,flashCABG_freq,flashPartBG_freq,flashTrkBG_freq_1,flashTrkBG_freq_2,flashTrkBG_freq_3,flashCAPart_freq,flashTrkPart_freq_0,flashTrkPart_freq_1,flashTrkPart_freq_2,flashTrkPart_freq_3,flashParticleInit_freq,flashPixel_freq,flashPixel_duration,master_scale,master_scale_pulse,master_scale_ratio,master_offsetX,master_offsetY,master_mask_opacity,beat_threshold,beat_delay,sound_volume,sound_min,pen_radius_pressure_coef,pen_radius_angleHor_coef,pen_radius_angleVer_coef,tracksSync,cameraCumul,CAstep,CAcolorSpread,freeze,sound_env_min,sound_env_max,audioInput_weight,soundtrack_weight,movie_loop,path_replay_loop,master_crop_x,master_crop_y,master_crop_width,blurRadius_1,video_white,video_white_pulse,screen_drawing_no,master_mask,master_mask_scale,master_mask_scale_ratio,master_mask_offsetX,master_mask_offsetY,Caverne_BackColor,video_hue,video_hue_pulse,photo_hue,photo_hue_pulse,MIDIwithBeat,MIDIwithColor,MIDIwithBrush,MIDIwithCameraFlash,MIDIwithPhotoFlash,currentLightScene
FUNCTION,auto_beat_callBack,auto_pulse_callBack,clearAllLayers_callBack,clearCA_callBack,clearLayer_callBack,NULL,NULL,NULL,NULL,NULL,NULL,NULL,NULL,NULL,NULL,NULL,NULL,NULL,NULL,NULL,NULL,NULL,NULL,NULL,NULL,NULL,NULL,NULL,NULL,NULL,NULL,NULL,NULL,NULL,NULL,NULL,NULL,NULL,NULL,NULL,NULL,NULL,NULL,NULL,pen_color_callBack,NULL,NULL,NULL,NULL,NULL,pen_brush_callBack,NULL,NULL,NULL,NULL,NULL,NULL,NULL,NULL,NULL,NULL,NULL,NULL,NULL,NULL,NULL,NULL,NULL,NULL,path_record_callBack,path_replay_trackNo_callBack,NULL,NULL,NULL,NULL,NULL,NULL,NULL,NULL,NULL,NULL,NULL,NULL,NULL,NULL,NULL,NULL,NULL,NULL,NULL,NULL,NULL,NULL,NULL,NULL,NULL,NULL,NULL,NULL,NULL,NULL,NULL,NULL,NULL,NULL,NULL,NULL,NULL,NULL,NULL,NULL,NULL,NULL,NULL,playing_movieNo_callBack,NULL,photo_diaporama_callBack,NULL,NULL,playing_soundtrackNo_callBack,NULL,NULL,NULL,NULL,NULL,NULL,NULL,NULL,NULL,NULL,NULL,NULL,NULL,NULL,NULL,NULL,NULL,NULL,NULL,NULL,NULL,NULL,NULL,NULL,NULL,NULL,NULL,NULL,NULL,NULL,NULL,NULL,NULL,NULL,NULL,NULL,NULL,NULL,NULL,NULL,NULL,NULL,NULL,NULL,NULL,NULL,NULL,NULL,NULL,NULL,NULL,NULL,NULL,NULL,NULL,NULL,NULL,NULL,NULL,NULL,NULL,NULL,NULL,NULL,NULL,NULL,NULL,NULL,NULL,beat_threshold_callBack,beat_delay_callBack,NULL,NULL,NULL,NULL,NULL,NULL,NULL,NULL,NULL,NULL,sound_env_min_callBack,sound_env_max_callBack,audioInput_weight_callBack,soundtrack_weight_callBack,NULL,NULL,NULL,NULL,NULL,NULL,NULL,NULL,NULL,NULL,NULL,NULL,NULL,NULL,NULL,NULL,NULL,NULL,NULL,MIDIwithBeat_callBack,MIDIwithColor_callBack,MIDIwithBrush_callBack,MIDIwithCameraFlash_callBack,MIDIwithPhotoFlash_callBack,currentLightScene_callBack
GUI,auto_beat,auto_pulse,clearAllLayers,clearCA,clearLayer,reset_camera,camera_BG_subtr,mute_second_screen,invertAllLayers,take_snapshots,cursorSize,auto_beat_duration,master,CAMixingWeight,CAMixingWeight_pulse,PartMixingWeight,PartMixingWeight_pulse,trackMixingWeight,trackMixingWeight_pulse,CAMasterWeight,CAMasterWeight_pulse,PartMasterWeight,PartMasterWeight_pulse,trackMasterWeight,trackMasterWeight_pulse,CASecondMasterWeight,PartSecondMasterWeight,trackSecondMasterWeight_0,trackSecondMasterWeight_1,trackSecondMasterWeight_2,trackSecondMasterWeight_3,SecondMasterMixingWeight,echo,echo_pulse,echoNeg,echoNeg_pulse,CAdecay,CAdecay_pulse,partDecay,partDecay_pulse,trkDecay,trkDecay_pulse,pen_radius,pen_radius_pulse,pen_color,pen_color_pulse,pen_grey,pen_grey_pulse,pen_color_a,pen_color_a_pulse,pen_brush,pen_radius_replay,pen_radius_replay_pulse,pen_saturation_replay,pen_saturation_replay_pulse,pen_value_replay,pen_value_replay_pulse,pen_hue_replay,pen_hue_replay_pulse,pen_brush_replay,currentDrawingTrack,currentVideoTrack,currentPhotoTrack,currentMaskTrack,track_x_transl,track_x_transl_pulse,track_y_transl,part_image_acceleration,part_path_repop,path_record,path_replay_trackNo,part_size,part_size_pulse,part_acc,part_acc_pulse,part_damp,part_damp_pulse,part_gravity,pulsed_part_Hshift,pulsed_part_Vshift,noiseUpdateScale,noiseUpdateScale_pulse,noiseParticleScale,noiseParticleScale_pulse,pixel_acc,pixel_acc_pulse,pixel_acc_shiftX,pixel_acc_shiftX_pulse,pixel_acc_shiftY,pixel_acc_shiftY_pulse,pixel_radius,pixel_radius_pulse,pixel_mode,repop_CA,repop_CA_pulse,repop_part,repop_part_pulse,repop_BG,repop_BG_pulse,repop_path,repop_path_pulse,repop_density,repop_colorBG,repop_colorBG_pulse,repop_greyBG,repop_greyBG_pulse,repop_colorPart,repop_colorPart_pulse,repop_greyPart,repop_greyPart_pulse,repop_colorCA,repop_colorCA_pulse,repop_greyCA,repop_greyCA_pulse,playing_movieNo,movieCaptFreq,photo_diaporama,photo_diaporama_fade,photo_diaporama_plateau,playing_soundtrackNo,cameraThreshold,cameraThreshold_pulse,cameraWeight,cameraWeight_pulse,cameraSobel,cameraSobel_pulse,movieWeight,movieWeight_pulse,movieSobel,movieSobel_pulse,invertMovie,invertCamera,video_satur,video_satur_pulse,video_value,video_value_pulse,video_gamma,video_gamma_pulse,video_threshold,video_threshold_pulse,photoWeight,photoWeight_pulse,photo_satur,photo_satur_pulse,photo_value,photo_value_pulse,photo_gamma,photo_gamma_pulse,photo_threshold,photo_threshold_pulse,photoJitterAmpl,maskJitterAmpl,photo_scale,photo_offsetX,photo_offsetY,mask_scale,photo_contrast,mask_contrast,CAParams,CAParams_pulse,CA1Type,CA1SubType,CA2Type,CA2SubType,CA1_CA2_weight,flashPartCA_freq,flashTrkCA_freq_0,flashTrkCA_freq_1,flashTrkCA_freq_2,flashTrkCA_freq_3,flashCABG_freq,flashPartBG_freq,flashTrkBG_freq_1,flashTrkBG_freq_2,flashTrkBG_freq_3,flashCAPart_freq,flashTrkPart_freq_0,flashTrkPart_freq_1,flashTrkPart_freq_2,flashTrkPart_freq_3,flashParticleInit_freq,flashPixel_freq,flashPixel_duration,master_scale,master_scale_pulse,master_scale_ratio,master_offsetX,master_offsetY,master_mask_opacity,beat_threshold,beat_delay,sound_volume,sound_min,pen_radius_pressure_coef,pen_radius_angleHor_coef,pen_radius_angleVer_coef,tracksSync,cameraCumul,CAstep,CAcolorSpread,freeze,sound_env_min,sound_env_max,audioInput_weight,soundtrack_weight,movie_loop,path_replay_loop,master_crop_x,master_crop_y,master_crop_width,blurRadius_1,video_white,video_white_pulse,screen_drawing_no,master_mask,master_mask_scale,master_mask_scale_ratio,master_mask_offsetX,master_mask_offsetY,Caverne_BackColor,video_hue,video_hue_pulse,photo_hue,photo_hue_pulse,MIDIwithBeat,MIDIwithColor,MIDIwithBrush,MIDIwithCameraFlash,MIDIwithPhotoFlash,currentLightScene
SHADER,*,*,*,*,*,*,Update_fs,Master_fs,Master_fs,*,Master_fs,*,Master_fs,Mixing_fs,*,Mixing_fs,*,Mixing_fs,*,Master_fs,*,Master_fs,*,Master_fs,*,Master_fs,Master_fs,Master_fs,Master_fs,Master_fs,Master_fs,Master_fs,Mixing_fs,*,Mixing_fs,*,Update_fs,*,ParticleAnimation_fs,*,Update_fs,*,*,*,*,*,*,*,*,*,*,*,*,*,*,*,*,*,*,*,Update_fs,Update_fs,Update_fs,Master_fs,*,*,*,ParticleAnimation_fs,*,*,Update_fs,ParticleAnimation_fs,*,ParticleAnimation_fs,*,ParticleAnimation_fs,*,ParticleAnimation_fs,*,*,Update_fs,*,ParticleAnimation_fs,*,Update_fs,*,Update_fs/ParticleAnimation_fs,*,Update_fs/ParticleAnimation_fs,*,Update_fs,*,Update_fs,Update_fs,*,ParticleAnimation_fs,*,Update_fs,*,ParticleAnimation_fs,*,Update_fs,*,*,*,*,*,*,*,*,*,*,*,*,*,*,*,*,*,*,Update_fs,*,Update_fs,*,Update_fs,*,Update_fs,*,Update_fs,*,Update_fs,Update_fs,Update_fs,Update_fs,Update_fs,*,Update_fs,*,Update_fs,*,Update_fs,*,Update_fs,Update_fs,Update_fs,Update_fs,Update_fs,Update_fs,Update_fs,*,*,*,Update_fs,*,*,Update_fs,Update_fs,Update_fs,Update_fs,*,*,*,*,*,*,*,*,*,*,*,*,*,*,*,*,*,*,*,*,*,*,*,*,Master_fs,Master_fs,Master_fs,Master_fs,Master_fs,Master_fs,*,*,*,*,*,*,*,*,Update_fs,Update_fs,Update_fs,Update_fs/ParticleAnimation_fs,*,*,*,*,*,*,Master_fs,Master_fs,Master_fs,*,Update_fs,*,*,Master_fs,Master_fs,Master_fs,Master_fs,Master_fs,*,Update_fs,*,Update_fs,*,*,*,*,*,*,*
PULSE,*,*,*,*,*,*,*,*,*,*,*,*,*,pulsed_uniform,*,pulsed_uniform,*,pulsed_uniform,*,pulsed_uniform,*,pulsed_uniform,*,pulsed_uniform,*,*,*,*,*,*,*,*,pulsed_absolute,*,pulsed_absolute,*,pulsed_uniform,*,pulsed_absolute,*,pulsed_absolute,*,pulsed_special,*,pulsed_special,*,pulsed_special,*,pulsed_special,*,*,pulsed_special,*,pulsed_special,*,pulsed_special,*,pulsed_special,*,*,*,*,*,*,pulsed_differential,*,*,*,*,*,*,pulsed_absolute,*,pulsed_absolute,*,pulsed_absolute,*,*,*,*,pulsed_absolute,*,pulsed_absolute,*,pulsed_absolute,*,pulsed_absolute,*,pulsed_absolute,*,pulsed_absolute,*,*,pulsed_absolute,*,pulsed_absolute,*,pulsed_absolute,*,pulsed_absolute,*,*,pulsed_special,*,pulsed_special,*,pulsed_special,*,pulsed_special,*,pulsed_special,*,pulsed_special,*,*,*,*,*,*,*,pulsed_absolute,*,pulsed_absolute,*,pulsed_absolute,*,pulsed_absolute,*,pulsed_absolute,*,*,*,pulsed_absolute,*,pulsed_absolute,*,pulsed_absolute,*,pulsed_absolute,*,pulsed_absolute,*,pulsed_absolute,*,pulsed_absolute,*,pulsed_absolute,*,pulsed_absolute,*,*,*,*,*,*,*,*,*,pulsed_absolute,*,*,*,*,*,*,*,*,*,*,*,*,*,*,*,*,*,*,*,*,*,*,*,*,pulsed_absolute,*,*,*,*,*,*,*,*,*,*,*,*,*,*,*,*,*,*,*,*,*,*,*,*,*,*,*,pulsed_absolute,*,*,*,*,*,*,*,*,pulsed_absolute,*,pulsed_absolute,*,*,*,*,*,*,*
initial_values,,,,,,,,,,,,,,,,,,,,,,,,,,,,,,,,,,,,,,,,,,,,,,,,,,,,,,,,,,,,,,,,,,,,,,,,,,,,,,,,,,,,,,,,,,,,,,,,,,,,,,,,,,,,,,,,,,,,,,,,,,,,,,,,,,,,,,,,,,,,,,,,,,,,,,,,,,,,,,,,,,,,,,,,,,,,,,,,,,,,,,,,,,,,,,,,,,,,,,,,,,,,,,,,,,,,,,,,,,,,,,,,,,,,,,,,,,,,,,,,,,,,,,,,,,,,,,,,,,,,,,,,,,,,
,0,0,0,0,0,1,0,0,0,0,2,1,1,0,0,0,0,1/0/1/0,0/0/0/0,0,0,0,0,0/0/0/0,0/0/0/0,0.5,0.5,0.5,0.5,0.5,0,0,0,0,0,0,0,0,0,0,0/0/0/0,0/0/0/0,1,0,0,0,1,0,1,0,0,1,0,1,0,1,0,1,0,0,1,2,2,-1/0,0,0/0,0,-1,0/0/0/0/0/0/0/0/0/0/0/0,0/0/0,-1/-1/-1,1,0,0,0,0,0,0,0,0,0.04981,0,0.04981,0,0.00481,0,0.19537,0,0.8232,0,0.08483,0,1,0,0,0,0,0,0,0,0,-1,0,0,1,0,0,0,1,0,0,0,1,0,-1,24,-1,0.2,10,-1,0,0,0,0,0,0,0,0,0,0,0,0,1,0,0,0,1,0,0,0,1,0,0,0,1,0,1,0,0,0,0,0,1,0,0,1,0,0,0.393673/0.102449/0.53551/0.165306/0.196939/0.322857/0.307143/0,0/0/0/0/0/0/0/0,1,1,0,0,1,0,0,0,0,0,0,0,0,0,0,0,0,0,0,0,0,0,1,1,0,1,0,0,1/0/0/0/0,0.13,150,2,0,0,0,0,0,0,1,1,0,40,85,1,1,1,1,0,1920,0,10,0,0,0,0,1,1,0,0,0,0,0,0,0,0,0,0,0,0,-1
/initial_values,,,,,,,,,,,,,,,,,,,,,,,,,,,,,,,,,,,,,,,,,,,,,,,,,,,,,,,,,,,,,,,,,,,,,,,,,,,,,,,,,,,,,,,,,,,,,,,,,,,,,,,,,,,,,,,,,,,,,,,,,,,,,,,,,,,,,,,,,,,,,,,,,,,,,,,,,,,,,,,,,,,,,,,,,,,,,,,,,,,,,,,,,,,,,,,,,,,,,,,,,,,,,,,,,,,,,,,,,,,,,,,,,,,,,,,,,,,,,,,,,,,,,,,,,,,,,,,,,,,,,,,,,,,,
scenario,3,,,,,,,,,,,,,,,,,,,,,,,,,,,,,,,,,,,,,,,,,,,,,,,,,,,,,,,,,,,,,,,,,,,,,,,,,,,,,,,,,,,,,,,,,,,,,,,,,,,,,,,,,,,,,,,,,,,,,,,,,,,,,,,,,,,,,,,,,,,,,,,,,,,,,,,,,,,,,,,,,,,,,,,,,,,,,,,,,,,,,,,,,,,,,,,,,,,,,,,,,,,,,,,,,,,,,,,,,,,,,,,,,,,,,,,,,,,,,,,,,,,,,,,,,,,,,,,,,,,,,,,,,,,
scene,*4*Lace,600,prolong_when_ends,,,,,,,,,,,,,,,,,,,,,,,,,,,,,,,,,,,,,,,,,,,,,,,,,,,,,,,,,,,,,,,,,,,,,,,,,,,,,,,,,,,,,,,,,,,,,,,,,,,,,,,,,,,,,,,,,,,,,,,,,,,,,,,,,,,,,,,,,,,,,,,,,,,,,,,,,,,,,,,,,,,,,,,,,,,,,,,,,,,,,,,,,,,,,,,,,,,,,,,,,,,,,,,,,,,,,,,,,,,,,,,,,,,,,,,,,,,,,,,,,,,,,,,,,,,,,,,,,,,,,,,,,
*4*Lace,*4*Lace,*4*Lace,*4*Lace,*4*Lace,*4*Lace,*4*Lace,*4*Lace,*4*Lace,*4*Lace,*4*Lace,*4*Lace,*4*Lace,*4*Lace,*4*Lace,*4*Lace,*4*Lace,*4*Lace,*4*Lace,*4*Lace,*4*Lace,*4*Lace,*4*Lace,*4*Lace,*4*Lace,*4*Lace,*4*Lace,*4*Lace,*4*Lace,*4*Lace,*4*Lace,*4*Lace,*4*Lace,*4*Lace,*4*Lace,*4*Lace,*4*Lace,*4*Lace,*4*Lace,*4*Lace,*4*Lace,*4*Lace,*4*Lace,*4*Lace,*4*Lace,*4*Lace,*4*Lace,*4*Lace,*4*Lace,*4*Lace,*4*Lace,*4*Lace,*4*Lace,*4*Lace,*4*Lace,*4*Lace,*4*Lace,*4*Lace,*4*Lace,*4*Lace,*4*Lace,*4*Lace,*4*Lace,*4*Lace,*4*Lace,*4*Lace,*4*Lace,*4*Lace,*4*Lace,*4*Lace,*4*Lace,*4*Lace,*4*Lace,*4*Lace,*4*Lace,*4*Lace,*4*Lace,*4*Lace,*4*Lace,*4*Lace,*4*Lace,*4*Lace,*4*Lace,*4*Lace,*4*Lace,*4*Lace,*4*Lace,*4*Lace,*4*Lace,*4*Lace,*4*Lace,*4*Lace,*4*Lace,*4*Lace,*4*Lace,*4*Lace,*4*Lace,*4*Lace,*4*Lace,*4*Lace,*4*Lace,*4*Lace,*4*Lace,*4*Lace,*4*Lace,*4*Lace,*4*Lace,*4*Lace,*4*Lace,*4*Lace,*4*Lace,*4*Lace,*4*Lace,*4*Lace,*4*Lace,*4*Lace,*4*Lace,*4*Lace,*4*Lace,*4*Lace,*4*Lace,*4*Lace,*4*Lace,*4*Lace,*4*Lace,*4*Lace,*4*Lace,*4*Lace,*4*Lace,*4*Lace,*4*Lace,*4*Lace,*4*Lace,*4*Lace,*4*Lace,*4*Lace,*4*Lace,*4*Lace,*4*Lace,*4*Lace,*4*Lace,*4*Lace,*4*Lace,*4*Lace,*4*Lace,*4*Lace,*4*Lace,*4*Lace,*4*Lace,*4*Lace,*4*Lace,*4*Lace,*4*Lace,*4*Lace,*4*Lace,*4*Lace,*4*Lace,*4*Lace,*4*Lace,*4*Lace,*4*Lace,*4*Lace,*4*Lace,*4*Lace,*4*Lace,*4*Lace,*4*Lace,*4*Lace,*4*Lace,*4*Lace,*4*Lace,*4*Lace,*4*Lace,*4*Lace,*4*Lace,*4*Lace,*4*Lace,*4*Lace,*4*Lace,*4*Lace,*4*Lace,*4*Lace,*4*Lace,*4*Lace,*4*Lace,*4*Lace,*4*Lace,*4*Lace,*4*Lace,*4*Lace,*4*Lace,*4*Lace,*4*Lace,*4*Lace,*4*Lace,*4*Lace,*4*Lace,*4*Lace,*4*Lace,*4*Lace,*4*Lace,*4*Lace,*4*Lace,*4*Lace,*4*Lace,*4*Lace,*4*Lace,*4*Lace,*4*Lace,*4*Lace,*4*Lace,*4*Lace,*4*Lace,*4*Lace,*4*Lace,*4*Lace,*4*Lace,*4*Lace,*4*Lace,*4*Lace,*4*Lace,*4*Lace,*4*Lace,*4*Lace,*4*Lace,*4*Lace,*4*Lace,*4*Lace,*4*Lace,*4*Lace,*4*Lace
ID,auto_beat,auto_pulse,clearAllLayers,clearCA,clearLayer,reset_camera,camera_BG_subtr,mute_second_screen,invertAllLayers,take_snapshots,cursorSize,auto_beat_duration,master,CAMixingWeight,CAMixingWeight_pulse,PartMixingWeight,PartMixingWeight_pulse,trackMixingWeight_0,trackMixingWeight_0_pulse,CAMasterWeight,CAMasterWeight_pulse,PartMasterWeight,PartMasterWeight_pulse,trackMasterWeight_0,trackMasterWeight_0_pulse,CASecondMasterWeight,PartSecondMasterWeight,trackSecondMasterWeight_0,trackSecondMasterWeight_1,trackSecondMasterWeight_2,trackSecondMasterWeight_3,SecondMasterMixingWeight,echo,echo_pulse,echoNeg,echoNeg_pulse,CAdecay,CAdecay_pulse,partDecay,partDecay_pulse,trkDecay_0,trkDecay_0_pulse,pen_radius,pen_radius_pulse,pen_color,pen_color_pulse,pen_grey,pen_grey_pulse,pen_color_a,pen_color_a_pulse,pen_brush,pen_radius_replay,pen_radius_replay_pulse,pen_saturation_replay,pen_saturation_replay_pulse,pen_value_replay,pen_value_replay_pulse,pen_hue_replay,pen_hue_replay_pulse,pen_brush_replay,currentDrawingTrack,currentVideoTrack,currentPhotoTrack,currentMaskTrack,track_x_transl_0,track_x_transl_0_pulse,track_y_transl_0,part_image_acceleration,part_path_repop_0,path_record_1,path_replay_trackNo_1,part_size,part_size_pulse,part_acc,part_acc_pulse,part_damp,part_damp_pulse,part_gravity,pulsed_part_Hshift,pulsed_part_Vshift,noiseUpdateScale,noiseUpdateScale_pulse,noiseParticleScale,noiseParticleScale_pulse,pixel_acc,pixel_acc_pulse,pixel_acc_shiftX,pixel_acc_shiftX_pulse,pixel_acc_shiftY,pixel_acc_shiftY_pulse,pixel_radius,pixel_radius_pulse,pixel_mode,repop_CA,repop_CA_pulse,repop_part,repop_part_pulse,repop_BG,repop_BG_pulse,repop_path,repop_path_pulse,repop_density,repop_colorBG,repop_colorBG_pulse,repop_greyBG,repop_greyBG_pulse,repop_colorPart,repop_colorPart_pulse,repop_greyPart,repop_greyPart_pulse,repop_colorCA,repop_colorCA_pulse,repop_greyCA,repop_greyCA_pulse,playing_movieNo,movieCaptFreq,photo_diaporama,photo_diaporama_fade,photo_diaporama_plateau,playing_soundtrackNo,cameraThreshold,cameraThreshold_pulse,cameraWeight,cameraWeight_pulse,cameraSobel,cameraSobel_pulse,movieWeight,movieWeight_pulse,movieSobel,movieSobel_pulse,invertMovie,invertCamera,video_satur,video_satur_pulse,video_value,video_value_pulse,video_gamma,video_gamma_pulse,video_threshold,video_threshold_pulse,photoWeight,photoWeight_pulse,photo_satur,photo_satur_pulse,photo_value,photo_value_pulse,photo_gamma,photo_gamma_pulse,photo_threshold,photo_threshold_pulse,photoJitterAmpl,maskJitterAmpl,photo_scale,photo_offsetX,photo_offsetY,mask_scale,photo_contrast,mask_contrast,CAParams1,CAParams1_pulse,CA1Type,CA1SubType,CA2Type,CA2SubType,CA1_CA2_weight,flashPartCA_freq,flashTrkCA_freq_0,flashTrkCA_freq_1,flashTrkCA_freq_2,flashTrkCA_freq_3,flashCABG_freq,flashPartBG_freq,flashTrkBG_freq_1,flashTrkBG_freq_2,flashTrkBG_freq_3,flashCAPart_freq,flashTrkPart_freq_0,flashTrkPart_freq_1,flashTrkPart_freq_2,flashTrkPart_freq_3,flashParticleInit_freq,flashPixel_freq,flashPixel_duration,master_scale,master_scale_pulse,master_scale_ratio,master_offsetX,master_offsetY,master_mask_opacity_1,beat_threshold,beat_delay,sound_volume,sound_min,pen_radius_pressure_coef,pen_radius_angleHor_coef,pen_radius_angleVer_coef,tracksSync,cameraCumul,CAstep,CAcolorSpread,freeze,sound_env_min,sound_env_max,audioInput_weight,soundtrack_weight,movie_loop,path_replay_loop,master_crop_x,master_crop_y,master_crop_width,blurRadius_1,video_white,video_white_pulse,screen_drawing_no,master_mask,master_mask_scale,master_mask_scale_ratio,master_mask_offsetX,master_mask_offsetY,Caverne_BackColor,video_hue,video_hue_pulse,photo_hue,photo_hue_pulse,MIDIwithBeat,MIDIwithColor,MIDIwithBrush,MIDIwithCameraFlash,MIDIwithPhotoFlash,currentLightScene
,0,0,1,0,0,0,0,0,0,0,10,1,1,0.18097,0,1,0,0.13352/0.388104/1/0,0/0/0/0,0.00108,0,0,0,0/0.82232/1/0,0/0/0/0,0,0,0,0,0,0,0,0.97561,0,0.45303,0,-0.02149,0.06034,0,0,0.00353/0.0003/0.004/0,0/0/0/0,11.83146,0,0.368,0.85867,0,0,0.270122,0,0,0,0,1,0,1,0,1,0,0,1,2,2,-1/0,0,0/0,0,-1,0/1/0/0/0/0/0/0/0/0/0/0,0/0/0,1/-1/-1,1.33862,0,0.00287,0,0.01926,0,0,0,0,0,0,0,0,0.02399,0,0.5,0,0.5,0,1.2,0,1,0,0,0,0,0,0,0.829,0,-1,0.5,0,0.79994,0,0.2185,1,0,0,0.5,0,0.79994,0,0,24,-1,0.2,10,-1,0,0,0,0,0,0,0,0,0,0,0,0,0,0,0,0,9.98192,0,0,0,0,0,0,0,1,0,1,0,0,0,0,0,1,0,0,1,0,0,0.393673/0.102449/0.53551/0.165306/0.82816/0.322857/0.236/0,0/0/0/0/0/0/0/0,2,1,0,0,1,0,0,0,0,0,0,8,9,0,0,0,0,0,0,0,0,0,0,1,0,1,0,0,1/0/0/0/0,0.07552,1210.606201,2,0,0.099983,0,0,0,0,1,1,0,25,85,1,1,1,1,0,1920,0,10,0,0,2,0,1,1,0,0,0,0,0,0,0,0,0,0,0,0,-1
,0,0,1,0,0,0,0,0,0,0,10,1,1,0.18097,0,1,0,0.13352/0.388104/1/0,0/0/0/0,0.00108,0,0,0,0/0.82232/1/0,0/0/0/0,0,0,0,0,0,0,0,0.97561,0,0.45303,0,-0.02149,0.06034,0,0,0.00353/0.0003/0.004/0,0/0/0/0,11.83146,0,0.368,0.85867,0,0,0.270122,0,0,0,0,1,0,1,0,1,0,0,1,2,2,-1/0,0,0/0,0,-1,0/1/0/0/0/0/0/0/0/0/0/0,0/0/0,1/-1/-1,1.33862,0,0.00287,0,0.01926,0,0,0,0,0,0,0,0,0.02399,0,0.5,0,0.5,0,1.2,0,1,0,0,0,0,0,0,0.829,0,-1,0.5,0,0.79994,0,0.2185,1,0,0,0.5,0,0.79994,0,0,24,-1,0.2,10,-1,0,0,0,0,0,0,0,0,0,0,0,0,0,0,0,0,9.98192,0,0,0,0,0,0,0,1,0,1,0,0,0,0,0,1,0,0,1,0,0,0.393673/0.102449/0.53551/0.165306/0.82816/0.322857/0.236/0,0/0/0/0/0/0/0/0,2,1,0,0,1,0,0,0,0,0,0,8,9,0,0,0,0,0,0,0,0,0,0,1,0,1,0,0,1/0/0/0/0,0.07552,1210.606201,2,0,0.099983,0,0,0,0,1,1,0,25,85,1,1,1,1,0,1920,0,10,0,0,2,0,1,1,0,0,0,0,0,0,0,0,0,0,0,0,-1
,s,s,s,s,s,s,s,s,s,s,s,s,s,s,s,s,s,s,s,s,s,s,s,s,s,s,s,s,s,s,s,s,l,s,l,s,l,l,s,s,s,s,s,s,l,s,l,s,s,s,s,s,s,s,s,s,s,s,s,s,s,s,s,s,s,s,s,s,s,s,s,l,s,l,s,s,s,s,s,s,l,s,l,s,l,l,s,s,s,s,l,l,s,s,s,s,s,s,s,s,s,s,s,s,s,s,s,s,s,s,s,s,s,s,s,s,s,s,s,s,s,s,l,s,s,s,l,s,l,s,s,s,s,s,s,s,s,s,s,s,s,s,s,s,s,s,s,s,s,s,s,s,s,s,s,s,s,s,s,s,s,s,s,s,s,s,s,s,l,s,s,s,s,s,s,s,s,s,s,s,s,s,s,s,s,s,s,s,s,s,s,s,s,s,s,s,s,s,s,s,s,s,s,s,s,s,s,s,s,s,s,s,s,s,s,s,s,s,s,s,s,s,s,s,s,s,s,s,s,s
/scene,,,,,,,,,,,,,,,,,,,,,,,,,,,,,,,,,,,,,,,,,,,,,,,,,,,,,,,,,,,,,,,,,,,,,,,,,,,,,,,,,,,,,,,,,,,,,,,,,,,,,,,,,,,,,,,,,,,,,,,,,,,,,,,,,,,,,,,,,,,,,,,,,,,,,,,,,,,,,,,,,,,,,,,,,,,,,,,,,,,,,,,,,,,,,,,,,,,,,,,,,,,,,,,,,,,,,,,,,,,,,,,,,,,,,,,,,,,,,,,,,,,,,,,,,,,,,,,,,,,,,,,,,,,,
scene,*5*Venturini,600,prolong_when_ends,,,,,,,,,,,,,,,,,,,,,,,,,,,,,,,,,,,,,,,,,,,,,,,,,,,,,,,,,,,,,,,,,,,,,,,,,,,,,,,,,,,,,,,,,,,,,,,,,,,,,,,,,,,,,,,,,,,,,,,,,,,,,,,,,,,,,,,,,,,,,,,,,,,,,,,,,,,,,,,,,,,,,,,,,,,,,,,,,,,,,,,,,,,,,,,,,,,,,,,,,,,,,,,,,,,,,,,,,,,,,,,,,,,,,,,,,,,,,,,,,,,,,,,,,,,,,,,,,,,,,,,,,
*5*Venturini,*5*Venturini,*5*Venturini,*5*Venturini,*5*Venturini,*5*Venturini,*5*Venturini,*5*Venturini,*5*Venturini,*5*Venturini,*5*Venturini,*5*Venturini,*5*Venturini,*5*Venturini,*5*Venturini,*5*Venturini,*5*Venturini,*5*Venturini,*5*Venturini,*5*Venturini,*5*Venturini,*5*Venturini,*5*Venturini,*5*Venturini,*5*Venturini,*5*Venturini,*5*Venturini,*5*Venturini,*5*Venturini,*5*Venturini,*5*Venturini,*5*Venturini,*5*Venturini,*5*Venturini,*5*Venturini,*5*Venturini,*5*Venturini,*5*Venturini,*5*Venturini,*5*Venturini,*5*Venturini,*5*Venturini,*5*Venturini,*5*Venturini,*5*Venturini,*5*Venturini,*5*Venturini,*5*Venturini,*5*Venturini,*5*Venturini,*5*Venturini,*5*Venturini,*5*Venturini,*5*Venturini,*5*Venturini,*5*Venturini,*5*Venturini,*5*Venturini,*5*Venturini,*5*Venturini,*5*Venturini,*5*Venturini,*5*Venturini,*5*Venturini,*5*Venturini,*5*Venturini,*5*Venturini,*5*Venturini,*5*Venturini,*5*Venturini,*5*Venturini,*5*Venturini,*5*Venturini,*5*Venturini,*5*Venturini,*5*Venturini,*5*Venturini,*5*Venturini,*5*Venturini,*5*Venturini,*5*Venturini,*5*Venturini,*5*Venturini,*5*Venturini,*5*Venturini,*5*Venturini,*5*Venturini,*5*Venturini,*5*Venturini,*5*Venturini,*5*Venturini,*5*Venturini,*5*Venturini,*5*Venturini,*5*Venturini,*5*Venturini,*5*Venturini,*5*Venturini,*5*Venturini,*5*Venturini,*5*Venturini,*5*Venturini,*5*Venturini,*5*Venturini,*5*Venturini,*5*Venturini,*5*Venturini,*5*Venturini,*5*Venturini,*5*Venturini,*5*Venturini,*5*Venturini,*5*Venturini,*5*Venturini,*5*Venturini,*5*Venturini,*5*Venturini,*5*Venturini,*5*Venturini,*5*Venturini,*5*Venturini,*5*Venturini,*5*Venturini,*5*Venturini,*5*Venturini,*5*Venturini,*5*Venturini,*5*Venturini,*5*Venturini,*5*Venturini,*5*Venturini,*5*Venturini,*5*Venturini,*5*Venturini,*5*Venturini,*5*Venturini,*5*Venturini,*5*Venturini,*5*Venturini,*5*Venturini,*5*Venturini,*5*Venturini,*5*Venturini,*5*Venturini,*5*Venturini,*5*Venturini,*5*Venturini,*5*Venturini,*5*Venturini,*5*Venturini,*5*Venturini,*5*Venturini,*5*Venturini,*5*Venturini,*5*Venturini,*5*Venturini,*5*Venturini,*5*Venturini,*5*Venturini,*5*Venturini,*5*Venturini,*5*Venturini,*5*Venturini,*5*Venturini,*5*Venturini,*5*Venturini,*5*Venturini,*5*Venturini,*5*Venturini,*5*Venturini,*5*Venturini,*5*Venturini,*5*Venturini,*5*Venturini,*5*Venturini,*5*Venturini,*5*Venturini,*5*Venturini,*5*Venturini,*5*Venturini,*5*Venturini,*5*Venturini,*5*Venturini,*5*Venturini,*5*Venturini,*5*Venturini,*5*Venturini,*5*Venturini,*5*Venturini,*5*Venturini,*5*Venturini,*5*Venturini,*5*Venturini,*5*Venturini,*5*Venturini,*5*Venturini,*5*Venturini,*5*Venturini,*5*Venturini,*5*Venturini,*5*Venturini,*5*Venturini,*5*Venturini,*5*Venturini,*5*Venturini,*5*Venturini,*5*Venturini,*5*Venturini,*5*Venturini,*5*Venturini,*5*Venturini,*5*Venturini,*5*Venturini,*5*Venturini,*5*Venturini,*5*Venturini,*5*Venturini,*5*Venturini,*5*Venturini,*5*Venturini,*5*Venturini,*5*Venturini,*5*Venturini,*5*Venturini,*5*Venturini,*5*Venturini,*5*Venturini,*5*Venturini,*5*Venturini,*5*Venturini,*5*Venturini
ID,auto_beat,auto_pulse,clearAllLayers,clearCA,clearLayer,reset_camera,camera_BG_subtr,mute_second_screen,invertAllLayers,take_snapshots,cursorSize,auto_beat_duration,master,CAMixingWeight,CAMixingWeight_pulse,PartMixingWeight,PartMixingWeight_pulse,trackMixingWeight_0,trackMixingWeight_0_pulse,CAMasterWeight,CAMasterWeight_pulse,PartMasterWeight,PartMasterWeight_pulse,trackMasterWeight_0,trackMasterWeight_0_pulse,CASecondMasterWeight,PartSecondMasterWeight,trackSecondMasterWeight_0,trackSecondMasterWeight_1,trackSecondMasterWeight_2,trackSecondMasterWeight_3,SecondMasterMixingWeight,echo,echo_pulse,echoNeg,echoNeg_pulse,CAdecay,CAdecay_pulse,partDecay,partDecay_pulse,trkDecay_0,trkDecay_0_pulse,pen_radius,pen_radius_pulse,pen_color,pen_color_pulse,pen_grey,pen_grey_pulse,pen_color_a,pen_color_a_pulse,pen_brush,pen_radius_replay,pen_radius_replay_pulse,pen_saturation_replay,pen_saturation_replay_pulse,pen_value_replay,pen_value_replay_pulse,pen_hue_replay,pen_hue_replay_pulse,pen_brush_replay,currentDrawingTrack,currentVideoTrack,currentPhotoTrack,currentMaskTrack,track_x_transl_0,track_x_transl_0_pulse,track_y_transl_0,part_image_acceleration,part_path_repop_0,path_record_1,path_replay_trackNo_1,part_size,part_size_pulse,part_acc,part_acc_pulse,part_damp,part_damp_pulse,part_gravity,pulsed_part_Hshift,pulsed_part_Vshift,noiseUpdateScale,noiseUpdateScale_pulse,noiseParticleScale,noiseParticleScale_pulse,pixel_acc,pixel_acc_pulse,pixel_acc_shiftX,pixel_acc_shiftX_pulse,pixel_acc_shiftY,pixel_acc_shiftY_pulse,pixel_radius,pixel_radius_pulse,pixel_mode,repop_CA,repop_CA_pulse,repop_part,repop_part_pulse,repop_BG,repop_BG_pulse,repop_path,repop_path_pulse,repop_density,repop_colorBG,repop_colorBG_pulse,repop_greyBG,repop_greyBG_pulse,repop_colorPart,repop_colorPart_pulse,repop_greyPart,repop_greyPart_pulse,repop_colorCA,repop_colorCA_pulse,repop_greyCA,repop_greyCA_pulse,playing_movieNo,movieCaptFreq,photo_diaporama,photo_diaporama_fade,photo_diaporama_plateau,playing_soundtrackNo,cameraThreshold,cameraThreshold_pulse,cameraWeight,cameraWeight_pulse,cameraSobel,cameraSobel_pulse,movieWeight,movieWeight_pulse,movieSobel,movieSobel_pulse,invertMovie,invertCamera,video_satur,video_satur_pulse,video_value,video_value_pulse,video_gamma,video_gamma_pulse,video_threshold,video_threshold_pulse,photoWeight,photoWeight_pulse,photo_satur,photo_satur_pulse,photo_value,photo_value_pulse,photo_gamma,photo_gamma_pulse,photo_threshold,photo_threshold_pulse,photoJitterAmpl,maskJitterAmpl,photo_scale,photo_offsetX,photo_offsetY,mask_scale,photo_contrast,mask_contrast,CAParams1,CAParams1_pulse,CA1Type,CA1SubType,CA2Type,CA2SubType,CA1_CA2_weight,flashPartCA_freq,flashTrkCA_freq_0,flashTrkCA_freq_1,flashTrkCA_freq_2,flashTrkCA_freq_3,flashCABG_freq,flashPartBG_freq,flashTrkBG_freq_1,flashTrkBG_freq_2,flashTrkBG_freq_3,flashCAPart_freq,flashTrkPart_freq_0,flashTrkPart_freq_1,flashTrkPart_freq_2,flashTrkPart_freq_3,flashParticleInit_freq,flashPixel_freq,flashPixel_duration,master_scale,master_scale_pulse,master_scale_ratio,master_offsetX,master_offsetY,master_mask_opacity_1,beat_threshold,beat_delay,sound_volume,sound_min,pen_radius_pressure_coef,pen_radius_angleHor_coef,pen_radius_angleVer_coef,tracksSync,cameraCumul,CAstep,CAcolorSpread,freeze,sound_env_min,sound_env_max,audioInput_weight,soundtrack_weight,movie_loop,path_replay_loop,master_crop_x,master_crop_y,master_crop_width,blurRadius_1,video_white,video_white_pulse,screen_drawing_no,master_mask,master_mask_scale,master_mask_scale_ratio,master_mask_offsetX,master_mask_offsetY,Caverne_BackColor,video_hue,video_hue_pulse,photo_hue,photo_hue_pulse,MIDIwithBeat,MIDIwithColor,MIDIwithBrush,MIDIwithCameraFlash,MIDIwithPhotoFlash,currentLightScene
,0,0,0,0,0,0,0,0,0,0,2,1,1,0,0,0,0,0/0/0/0,0/0/0/0,0,0,0,0,0/0/1/0,0/0/0/0,0,0,0,0,0,0,0,0,0,0,0,0,0,0,0,0/0/0/0,0/0/0/0,1,0,0,0,1,0,1,0,0,0,0,1,0,1,0,1,0,0,1,2,2,-1/0,0,0/0,0,-1,0/0/0/0/0/0/0/0/0/0/0/0,0/0/0,-1/-1/-1,1,0,0,0,0,0,0,0,0,0,0,0,0,0,0,0.5,0,0.5,0,0,0,1,0,0,0,0,0,0,0,0,-1,0,0,1,0,0,0,1,0,0,0,1,0,-1,24,-1,0.2,10,-1,0,0,0,0,0,0,0,0,0,0,0,0,1,0,0,0,1,0,0,0,1,0,0,0,1,0,1,0,0,0,0,0,1,0,0,1,0,0,0.393673/0.102449/0.53551/0.165306/0.196939/0.322857/0.307143/0,0/0/0/0/0/0/0/0,1,1,0,0,1,0,0,0,0,0,0,0,0,0,0,0,0,0,0,0,0,0,1,1,0,1,0,0,1/0/0/0/0,0.13,150,2,0,0,0,0,0,0,1,1,0,40,85,1,1,1,1,0,1920,0,10,0,0,0,0,1,1,0,0,0,0,0,0,0,0,0,0,0,0,-1
,0,0,0,0,0,0,0,0,0,0,2,1,1,0,0,0,0,0/0/0/0,0/0/0/0,0,0,0,0,0/0/1/0,0/0/0/0,0,0,0,0,0,0,0,0,0,0,0,0,0,0,0,0/0/0/0,0/0/0/0,1,0,0,0,1,0,1,0,0,0,0,1,0,1,0,1,0,0,1,2,2,-1/0,0,0/0,0,-1,0/0/0/0/0/0/0/0/0/0/0/0,0/0/0,-1/-1/-1,1,0,0,0,0,0,0,0,0,0,0,0,0,0,0,0.5,0,0.5,0,0,0,1,0,0,0,0,0,0,0,0,-1,0,0,1,0,0,0,1,0,0,0,1,0,-1,24,-1,0.2,10,-1,0,0,0,0,0,0,0,0,0,0,0,0,1,0,0,0,1,0,0,0,1,0,0,0,1,0,1,0,0,0,0,0,1,0,0,1,0,0,0.393673/0.102449/0.53551/0.165306/0.196939/0.322857/0.307143/0,0/0/0/0/0/0/0/0,1,1,0,0,1,0,0,0,0,0,0,0,0,0,0,0,0,0,0,0,0,0,1,1,0,1,0,0,1/0/0/0/0,0.13,150,2,0,0,0,0,0,0,1,1,0,40,85,1,1,1,1,0,1920,0,10,0,0,0,0,1,1,0,0,0,0,0,0,0,0,0,0,0,0,-1
,s,s,s,s,s,s,s,s,s,s,s,s,s,s,s,s,s,s,s,s,s,s,s,s,s,s,s,s,s,s,s,s,l,s,l,s,l,l,s,s,s,s,s,s,l,s,l,s,s,s,s,s,s,s,s,s,s,s,s,s,s,s,s,s,s,s,s,s,s,s,s,l,s,l,s,s,s,s,s,s,l,s,l,s,l,l,s,s,s,s,l,l,s,s,s,s,s,s,s,s,s,s,s,s,s,s,s,s,s,s,s,s,s,s,s,s,s,s,s,s,s,s,l,s,s,s,l,s,l,s,s,s,s,s,s,s,s,s,s,s,s,s,s,s,s,s,s,s,s,s,s,s,s,s,s,s,s,s,s,s,s,s,s,s,s,s,s,s,l,s,s,s,s,s,s,s,s,s,s,s,s,s,s,s,s,s,s,s,s,s,s,s,s,s,s,s,s,s,s,s,s,s,s,s,s,s,s,s,s,s,s,s,s,s,s,s,s,s,s,s,s,s,s,s,s,s,s,s,s,s
/scene,,,,,,,,,,,,,,,,,,,,,,,,,,,,,,,,,,,,,,,,,,,,,,,,,,,,,,,,,,,,,,,,,,,,,,,,,,,,,,,,,,,,,,,,,,,,,,,,,,,,,,,,,,,,,,,,,,,,,,,,,,,,,,,,,,,,,,,,,,,,,,,,,,,,,,,,,,,,,,,,,,,,,,,,,,,,,,,,,,,,,,,,,,,,,,,,,,,,,,,,,,,,,,,,,,,,,,,,,,,,,,,,,,,,,,,,,,,,,,,,,,,,,,,,,,,,,,,,,,,,,,,,,,,,
scene,*6*DJBen,600,prolong_when_ends,,,,,,,,,,,,,,,,,,,,,,,,,,,,,,,,,,,,,,,,,,,,,,,,,,,,,,,,,,,,,,,,,,,,,,,,,,,,,,,,,,,,,,,,,,,,,,,,,,,,,,,,,,,,,,,,,,,,,,,,,,,,,,,,,,,,,,,,,,,,,,,,,,,,,,,,,,,,,,,,,,,,,,,,,,,,,,,,,,,,,,,,,,,,,,,,,,,,,,,,,,,,,,,,,,,,,,,,,,,,,,,,,,,,,,,,,,,,,,,,,,,,,,,,,,,,,,,,,,,,,,,,,
*6*DJBen,*6*DJBen,*6*DJBen,*6*DJBen,*6*DJBen,*6*DJBen,*6*DJBen,*6*DJBen,*6*DJBen,*6*DJBen,*6*DJBen,*6*DJBen,*6*DJBen,*6*DJBen,*6*DJBen,*6*DJBen,*6*DJBen,*6*DJBen,*6*DJBen,*6*DJBen,*6*DJBen,*6*DJBen,*6*DJBen,*6*DJBen,*6*DJBen,*6*DJBen,*6*DJBen,*6*DJBen,*6*DJBen,*6*DJBen,*6*DJBen,*6*DJBen,*6*DJBen,*6*DJBen,*6*DJBen,*6*DJBen,*6*DJBen,*6*DJBen,*6*DJBen,*6*DJBen,*6*DJBen,*6*DJBen,*6*DJBen,*6*DJBen,*6*DJBen,*6*DJBen,*6*DJBen,*6*DJBen,*6*DJBen,*6*DJBen,*6*DJBen,*6*DJBen,*6*DJBen,*6*DJBen,*6*DJBen,*6*DJBen,*6*DJBen,*6*DJBen,*6*DJBen,*6*DJBen,*6*DJBen,*6*DJBen,*6*DJBen,*6*DJBen,*6*DJBen,*6*DJBen,*6*DJBen,*6*DJBen,*6*DJBen,*6*DJBen,*6*DJBen,*6*DJBen,*6*DJBen,*6*DJBen,*6*DJBen,*6*DJBen,*6*DJBen,*6*DJBen,*6*DJBen,*6*DJBen,*6*DJBen,*6*DJBen,*6*DJBen,*6*DJBen,*6*DJBen,*6*DJBen,*6*DJBen,*6*DJBen,*6*DJBen,*6*DJBen,*6*DJBen,*6*DJBen,*6*DJBen,*6*DJBen,*6*DJBen,*6*DJBen,*6*DJBen,*6*DJBen,*6*DJBen,*6*DJBen,*6*DJBen,*6*DJBen,*6*DJBen,*6*DJBen,*6*DJBen,*6*DJBen,*6*DJBen,*6*DJBen,*6*DJBen,*6*DJBen,*6*DJBen,*6*DJBen,*6*DJBen,*6*DJBen,*6*DJBen,*6*DJBen,*6*DJBen,*6*DJBen,*6*DJBen,*6*DJBen,*6*DJBen,*6*DJBen,*6*DJBen,*6*DJBen,*6*DJBen,*6*DJBen,*6*DJBen,*6*DJBen,*6*DJBen,*6*DJBen,*6*DJBen,*6*DJBen,*6*DJBen,*6*DJBen,*6*DJBen,*6*DJBen,*6*DJBen,*6*DJBen,*6*DJBen,*6*DJBen,*6*DJBen,*6*DJBen,*6*DJBen,*6*DJBen,*6*DJBen,*6*DJBen,*6*DJBen,*6*DJBen,*6*DJBen,*6*DJBen,*6*DJBen,*6*DJBen,*6*DJBen,*6*DJBen,*6*DJBen,*6*DJBen,*6*DJBen,*6*DJBen,*6*DJBen,*6*DJBen,*6*DJBen,*6*DJBen,*6*DJBen,*6*DJBen,*6*DJBen,*6*DJBen,*6*DJBen,*6*DJBen,*6*DJBen,*6*DJBen,*6*DJBen,*6*DJBen,*6*DJBen,*6*DJBen,*6*DJBen,*6*DJBen,*6*DJBen,*6*DJBen,*6*DJBen,*6*DJBen,*6*DJBen,*6*DJBen,*6*DJBen,*6*DJBen,*6*DJBen,*6*DJBen,*6*DJBen,*6*DJBen,*6*DJBen,*6*DJBen,*6*DJBen,*6*DJBen,*6*DJBen,*6*DJBen,*6*DJBen,*6*DJBen,*6*DJBen,*6*DJBen,*6*DJBen,*6*DJBen,*6*DJBen,*6*DJBen,*6*DJBen,*6*DJBen,*6*DJBen,*6*DJBen,*6*DJBen,*6*DJBen,*6*DJBen,*6*DJBen,*6*DJBen,*6*DJBen,*6*DJBen,*6*DJBen,*6*DJBen,*6*DJBen,*6*DJBen,*6*DJBen,*6*DJBen,*6*DJBen,*6*DJBen,*6*DJBen,*6*DJBen,*6*DJBen,*6*DJBen,*6*DJBen,*6*DJBen,*6*DJBen,*6*DJBen,*6*DJBen,*6*DJBen
ID,auto_beat,auto_pulse,clearAllLayers,clearCA,clearLayer,reset_camera,camera_BG_subtr,mute_second_screen,invertAllLayers,take_snapshots,cursorSize,auto_beat_duration,master,CAMixingWeight,CAMixingWeight_pulse,PartMixingWeight,PartMixingWeight_pulse,trackMixingWeight_0,trackMixingWeight_0_pulse,CAMasterWeight,CAMasterWeight_pulse,PartMasterWeight,PartMasterWeight_pulse,trackMasterWeight_0,trackMasterWeight_0_pulse,CASecondMasterWeight,PartSecondMasterWeight,trackSecondMasterWeight_0,trackSecondMasterWeight_1,trackSecondMasterWeight_2,trackSecondMasterWeight_3,SecondMasterMixingWeight,echo,echo_pulse,echoNeg,echoNeg_pulse,CAdecay,CAdecay_pulse,partDecay,partDecay_pulse,trkDecay_0,trkDecay_0_pulse,pen_radius,pen_radius_pulse,pen_color,pen_color_pulse,pen_grey,pen_grey_pulse,pen_color_a,pen_color_a_pulse,pen_brush,pen_radius_replay,pen_radius_replay_pulse,pen_saturation_replay,pen_saturation_replay_pulse,pen_value_replay,pen_value_replay_pulse,pen_hue_replay,pen_hue_replay_pulse,pen_brush_replay,currentDrawingTrack,currentVideoTrack,currentPhotoTrack,currentMaskTrack,track_x_transl_0,track_x_transl_0_pulse,track_y_transl_0,part_image_acceleration,part_path_repop_0,path_record_1,path_replay_trackNo_1,part_size,part_size_pulse,part_acc,part_acc_pulse,part_damp,part_damp_pulse,part_gravity,pulsed_part_Hshift,pulsed_part_Vshift,noiseUpdateScale,noiseUpdateScale_pulse,noiseParticleScale,noiseParticleScale_pulse,pixel_acc,pixel_acc_pulse,pixel_acc_shiftX,pixel_acc_shiftX_pulse,pixel_acc_shiftY,pixel_acc_shiftY_pulse,pixel_radius,pixel_radius_pulse,pixel_mode,repop_CA,repop_CA_pulse,repop_part,repop_part_pulse,repop_BG,repop_BG_pulse,repop_path,repop_path_pulse,repop_density,repop_colorBG,repop_colorBG_pulse,repop_greyBG,repop_greyBG_pulse,repop_colorPart,repop_colorPart_pulse,repop_greyPart,repop_greyPart_pulse,repop_colorCA,repop_colorCA_pulse,repop_greyCA,repop_greyCA_pulse,playing_movieNo,movieCaptFreq,photo_diaporama,photo_diaporama_fade,photo_diaporama_plateau,playing_soundtrackNo,cameraThreshold,cameraThreshold_pulse,cameraWeight,cameraWeight_pulse,cameraSobel,cameraSobel_pulse,movieWeight,movieWeight_pulse,movieSobel,movieSobel_pulse,invertMovie,invertCamera,video_satur,video_satur_pulse,video_value,video_value_pulse,video_gamma,video_gamma_pulse,video_threshold,video_threshold_pulse,photoWeight,photoWeight_pulse,photo_satur,photo_satur_pulse,photo_value,photo_value_pulse,photo_gamma,photo_gamma_pulse,photo_threshold,photo_threshold_pulse,photoJitterAmpl,maskJitterAmpl,photo_scale,photo_offsetX,photo_offsetY,mask_scale,photo_contrast,mask_contrast,CAParams1,CAParams1_pulse,CA1Type,CA1SubType,CA2Type,CA2SubType,CA1_CA2_weight,flashPartCA_freq,flashTrkCA_freq_0,flashTrkCA_freq_1,flashTrkCA_freq_2,flashTrkCA_freq_3,flashCABG_freq,flashPartBG_freq,flashTrkBG_freq_1,flashTrkBG_freq_2,flashTrkBG_freq_3,flashCAPart_freq,flashTrkPart_freq_0,flashTrkPart_freq_1,flashTrkPart_freq_2,flashTrkPart_freq_3,flashParticleInit_freq,flashPixel_freq,flashPixel_duration,master_scale,master_scale_pulse,master_scale_ratio,master_offsetX,master_offsetY,master_mask_opacity_1,beat_threshold,beat_delay,sound_volume,sound_min,pen_radius_pressure_coef,pen_radius_angleHor_coef,pen_radius_angleVer_coef,tracksSync,cameraCumul,CAstep,CAcolorSpread,freeze,sound_env_min,sound_env_max,audioInput_weight,soundtrack_weight,movie_loop,path_replay_loop,master_crop_x,master_crop_y,master_crop_width,blurRadius_1,video_white,video_white_pulse,screen_drawing_no,master_mask,master_mask_scale,master_mask_scale_ratio,master_mask_offsetX,master_mask_offsetY,Caverne_BackColor,video_hue,video_hue_pulse,photo_hue,photo_hue_pulse,MIDIwithBeat,MIDIwithColor,MIDIwithBrush,MIDIwithCameraFlash,MIDIwithPhotoFlash,currentLightScene
,0,0,1,0,0,0,0,0,0,0,2,1,1,1,0,0,0,1/1/0/0,0/0/0/0,1,0,0,0,1/1/1/0,0/0/0/0,0,0,0,0,0,0,0,0.99553,0,0.97528,0,0.18398,-0.28578,0,0,0.01493/0.00939/0/0,0/0/0/0,1,0,0,0,1,0,1,0,0,1.1699,0,1,0,1,0,0.48177,-1,0,1,2,2,-1/5,-5,0/0,0,-1,0/0/0/0/0/0/0/0/0/0/0/0,0/0/0,-1/-1/-1,1,0,0,0,0,0,0,0,0,0,0,0,0,0.03667,0,0.5,0,0.5,0,1.19614,0,1,0,0,0,0,0,0,0,0,-1,0,0,1,0,0,0,1,0,0,0,1,0,-1,24,-1,0.2,10,-1,0,0,0,0,0,0,0,0,0,0,0,0,1,0,0,0,1,0,0,0,1,0,1,0,1,0,1,0,0,0,0,0,1,0,0,1,0,0,0.393673/0.102449/0.53551/0.165306/0.196939/0.322857/0.307143/0,0/0/0/0/0/0/0/0,1,1,0,0,1,0,0,9,0,0,0,0,9,0,0,0,0,0,0,0,0,0,1,1,0,1,0,0,1/0/0/0/0,0.13,150,1.6514,0,0,0,0,0,0,1,1,0,40,85,1,1,1,1,0,1920,0,10,0,0,0,0,1,1,0,0,0,0,0,0,0,0,0,0,0,0,-1
,0,0,1,0,0,0,0,0,0,0,2,1,1,1,0,0,0,1/1/0/0,0/0/0/0,1,0,0,0,1/1/1/0,0/0/0/0,0,0,0,0,0,0,0,0.99553,0,0.97528,0,0.18398,-0.28578,0,0,0.01493/0.00939/0/0,0/0/0/0,1,0,0,0,1,0,1,0,0,1.1699,0,1,0,1,0,0.48177,-1,0,1,2,2,-1/5,-5,0/0,0,-1,0/0/0/0/0/0/0/0/0/0/0/0,0/0/0,-1/-1/-1,1,0,0,0,0,0,0,0,0,0,0,0,0,0.03667,0,0.5,0,0.5,0,1.19614,0,1,0,0,0,0,0,0,0,0,-1,0,0,1,0,0,0,1,0,0,0,1,0,-1,24,-1,0.2,10,-1,0,0,0,0,0,0,0,0,0,0,0,0,1,0,0,0,1,0,0,0,1,0,1,0,1,0,1,0,0,0,0,0,1,0,0,1,0,0,0.393673/0.102449/0.53551/0.165306/0.196939/0.322857/0.307143/0,0/0/0/0/0/0/0/0,1,1,0,0,1,0,0,9,0,0,0,0,9,0,0,0,0,0,0,0,0,0,1,1,0,1,0,0,1/0/0/0/0,0.13,150,1.6514,0,0,0,0,0,0,1,1,0,40,85,1,1,1,1,0,1920,0,10,0,0,0,0,1,1,0,0,0,0,0,0,0,0,0,0,0,0,-1
,s,s,s,s,s,s,s,s,s,s,s,s,s,s,s,s,s,s,s,s,s,s,s,s,s,s,s,s,s,s,s,s,l,s,l,s,l,l,s,s,s,s,s,s,l,s,l,s,s,s,s,s,s,s,s,s,s,s,s,s,s,s,s,s,s,s,s,s,s,s,s,l,s,l,s,s,s,s,s,s,l,s,l,s,l,l,s,s,s,s,l,l,s,s,s,s,s,s,s,s,s,s,s,s,s,s,s,s,s,s,s,s,s,s,s,s,s,s,s,s,s,s,l,s,s,s,l,s,l,s,s,s,s,s,s,s,s,s,s,s,s,s,s,s,s,s,s,s,s,s,s,s,s,s,s,s,s,s,s,s,s,s,s,s,s,s,s,s,l,s,s,s,s,s,s,s,s,s,s,s,s,s,s,s,s,s,s,s,s,s,s,s,s,s,s,s,s,s,s,s,s,s,s,s,s,s,s,s,s,s,s,s,s,s,s,s,s,s,s,s,s,s,s,s,s,s,s,s,s,s
/scene,,,,,,,,,,,,,,,,,,,,,,,,,,,,,,,,,,,,,,,,,,,,,,,,,,,,,,,,,,,,,,,,,,,,,,,,,,,,,,,,,,,,,,,,,,,,,,,,,,,,,,,,,,,,,,,,,,,,,,,,,,,,,,,,,,,,,,,,,,,,,,,,,,,,,,,,,,,,,,,,,,,,,,,,,,,,,,,,,,,,,,,,,,,,,,,,,,,,,,,,,,,,,,,,,,,,,,,,,,,,,,,,,,,,,,,,,,,,,,,,,,,,,,,,,,,,,,,,,,,,,,,,,,,,
/scenario,,,,,,,,,,,,,,,,,,,,,,,,,,,,,,,,,,,,,,,,,,,,,,,,,,,,,,,,,,,,,,,,,,,,,,,,,,,,,,,,,,,,,,,,,,,,,,,,,,,,,,,,,,,,,,,,,,,,,,,,,,,,,,,,,,,,,,,,,,,,,,,,,,,,,,,,,,,,,,,,,,,,,,,,,,,,,,,,,,,,,,,,,,,,,,,,,,,,,,,,,,,,,,,,,,,,,,,,,,,,,,,,,,,,,,,,,,,,,,,,,,,,,,,,,,,,,,,,,,,,,,,,,,,,
videos,0,,,,,,,,,,,,,,,,,,,,,,,,,,,,,,,,,,,,,,,,,,,,,,,,,,,,,,,,,,,,,,,,,,,,,,,,,,,,,,,,,,,,,,,,,,,,,,,,,,,,,,,,,,,,,,,,,,,,,,,,,,,,,,,,,,,,,,,,,,,,,,,,,,,,,,,,,,,,,,,,,,,,,,,,,,,,,,,,,,,,,,,,,,,,,,,,,,,,,,,,,,,,,,,,,,,,,,,,,,,,,,,,,,,,,,,,,,,,,,,,,,,,,,,,,,,,,,,,,,,,,,,,,,,
/videos,,,,,,,,,,,,,,,,,,,,,,,,,,,,,,,,,,,,,,,,,,,,,,,,,,,,,,,,,,,,,,,,,,,,,,,,,,,,,,,,,,,,,,,,,,,,,,,,,,,,,,,,,,,,,,,,,,,,,,,,,,,,,,,,,,,,,,,,,,,,,,,,,,,,,,,,,,,,,,,,,,,,,,,,,,,,,,,,,,,,,,,,,,,,,,,,,,,,,,,,,,,,,,,,,,,,,,,,,,,,,,,,,,,,,,,,,,,,,,,,,,,,,,,,,,,,,,,,,,,,,,,,,,,,
clips,0,width,height,cropped_width,cropped_height,,,,,,,,,,,,,,,,,,,,,,,,,,,,,,,,,,,,,,,,,,,,,,,,,,,,,,,,,,,,,,,,,,,,,,,,,,,,,,,,,,,,,,,,,,,,,,,,,,,,,,,,,,,,,,,,,,,,,,,,,,,,,,,,,,,,,,,,,,,,,,,,,,,,,,,,,,,,,,,,,,,,,,,,,,,,,,,,,,,,,,,,,,,,,,,,,,,,,,,,,,,,,,,,,,,,,,,,,,,,,,,,,,,,,,,,,,,,,,,,,,,,,,,,,,,,,,,,,,,,,,,
/clips,,,,,,,,,,,,,,,,,,,,,,,,,,,,,,,,,,,,,,,,,,,,,,,,,,,,,,,,,,,,,,,,,,,,,,,,,,,,,,,,,,,,,,,,,,,,,,,,,,,,,,,,,,,,,,,,,,,,,,,,,,,,,,,,,,,,,,,,,,,,,,,,,,,,,,,,,,,,,,,,,,,,,,,,,,,,,,,,,,,,,,,,,,,,,,,,,,,,,,,,,,,,,,,,,,,,,,,,,,,,,,,,,,,,,,,,,,,,,,,,,,,,,,,,,,,,,,,,,,,,,,,,,,,,
photos,0, ,,,,,,,,,,,,,,,,,,,,,,,,,,,,,,,,,,,,,,,,,,,,,,,,,,,,,,,,,,,,,,,,,,,,,,,,,,,,,,,,,,,,,,,,,,,,,,,,,,,,,,,,,,,,,,,,,,,,,,,,,,,,,,,,,,,,,,,,,,,,,,,,,,,,,,,,,,,,,,,,,,,,,,,,,,,,,,,,,,,,,,,,,,,,,,,,,,,,,,,,,,,,,,,,,,,,,,,,,,,,,,,,,,,,,,,,,,,,,,,,,,,,,,,,,,,,,,,,,,,,,,,,,,
/photos,,,,,,,,,,,,,,,,,,,,,,,,,,,,,,,,,,,,,,,,,,,,,,,,,,,,,,,,,,,,,,,,,,,,,,,,,,,,,,,,,,,,,,,,,,,,,,,,,,,,,,,,,,,,,,,,,,,,,,,,,,,,,,,,,,,,,,,,,,,,,,,,,,,,,,,,,,,,,,,,,,,,,,,,,,,,,,,,,,,,,,,,,,,,,,,,,,,,,,,,,,,,,,,,,,,,,,,,,,,,,,,,,,,,,,,,,,,,,,,,,,,,,,,,,,,,,,,,,,,,,,,,,,,,
soundtracks,0,,,,,,,,,,,,,,,,,,,,,,,,,,,,,,,,,,,,,,,,,,,,,,,,,,,,,,,,,,,,,,,,,,,,,,,,,,,,,,,,,,,,,,,,,,,,,,,,,,,,,,,,,,,,,,,,,,,,,,,,,,,,,,,,,,,,,,,,,,,,,,,,,,,,,,,,,,,,,,,,,,,,,,,,,,,,,,,,,,,,,,,,,,,,,,,,,,,,,,,,,,,,,,,,,,,,,,,,,,,,,,,,,,,,,,,,,,,,,,,,,,,,,,,,,,,,,,,,,,,,,,,,,,,
/soundtracks,,,,,,,,,,,,,,,,,,,,,,,,,,,,,,,,,,,,,,,,,,,,,,,,,,,,,,,,,,,,,,,,,,,,,,,,,,,,,,,,,,,,,,,,,,,,,,,,,,,,,,,,,,,,,,,,,,,,,,,,,,,,,,,,,,,,,,,,,,,,,,,,,,,,,,,,,,,,,,,,,,,,,,,,,,,,,,,,,,,,,,,,,,,,,,,,,,,,,,,,,,,,,,,,,,,,,,,,,,,,,,,,,,,,,,,,,,,,,,,,,,,,,,,,,,,,,,,,,,,,,,,,,,,,
svg_paths,0,path_No,track_No,radius,color_r,color_g,color_b,readSpeedScale,,,,,,,,,,,,,,,,,,,,,,,,,,,,,,,,,,,,,,,,,,,,,,,,,,,,,,,,,,,,,,,,,,,,,,,,,,,,,,,,,,,,,,,,,,,,,,,,,,,,,,,,,,,,,,,,,,,,,,,,,,,,,,,,,,,,,,,,,,,,,,,,,,,,,,,,,,,,,,,,,,,,,,,,,,,,,,,,,,,,,,,,,,,,,,,,,,,,,,,,,,,,,,,,,,,,,,,,,,,,,,,,,,,,,,,,,,,,,,,,,,,,,,,,,,,,,,,,,,,,
/svg_paths,,,,,,,,,,,,,,,,,,,,,,,,,,,,,,,,,,,,,,,,,,,,,,,,,,,,,,,,,,,,,,,,,,,,,,,,,,,,,,,,,,,,,,,,,,,,,,,,,,,,,,,,,,,,,,,,,,,,,,,,,,,,,,,,,,,,,,,,,,,,,,,,,,,,,,,,,,,,,,,,,,,,,,,,,,,,,,,,,,,,,,,,,,,,,,,,,,,,,,,,,,,,,,,,,,,,,,,,,,,,,,,,,,,,,,,,,,,,,,,,,,,,,,,,,,,,,,,,,,,,,,,,,,,,
svg_clip_arts,0,nb_layers,scale,translation_x,translation_y,rotation,color,,,,,,,,,,,,,,,,,,,,,,,,,,,,,,,,,,,,,,,,,,,,,,,,,,,,,,,,,,,,,,,,,,,,,,,,,,,,,,,,,,,,,,,,,,,,,,,,,,,,,,,,,,,,,,,,,,,,,,,,,,,,,,,,,,,,,,,,,,,,,,,,,,,,,,,,,,,,,,,,,,,,,,,,,,,,,,,,,,,,,,,,,,,,,,,,,,,,,,,,,,,,,,,,,,,,,,,,,,,,,,,,,,,,,,,,,,,,,,,,,,,,,,,,,,,,,,,,,,,,,
/svg_clip_arts,,,,,,,,,,,,,,,,,,,,,,,,,,,,,,,,,,,,,,,,,,,,,,,,,,,,,,,,,,,,,,,,,,,,,,,,,,,,,,,,,,,,,,,,,,,,,,,,,,,,,,,,,,,,,,,,,,,,,,,,,,,,,,,,,,,,,,,,,,,,,,,,,,,,,,,,,,,,,,,,,,,,,,,,,,,,,,,,,,,,,,,,,,,,,,,,,,,,,,,,,,,,,,,,,,,,,,,,,,,,,,,,,,,,,,,,,,,,,,,,,,,,,,,,,,,,,,,,,,,,,,,,,,,,
textures,11,suffix,usage,rank,dimension,nb_3D_textures,size_x,size_y,nb_bytes_per_pixel,is_rectangle,invert,,,,,,,,,,,,,,,,,,,,,,,,,,,,,,,,,,,,,,,,,,,,,,,,,,,,,,,,,,,,,,,,,,,,,,,,,,,,,,,,,,,,,,,,,,,,,,,,,,,,,,,,,,,,,,,,,,,,,,,,,,,,,,,,,,,,,,,,,,,,,,,,,,,,,,,,,,,,,,,,,,,,,,,,,,,,,,,,,,,,,,,,,,,,,,,,,,,,,,,,,,,,,,,,,,,,,,,,,,,,,,,,,,,,,,,,,,,,,,,,,,,,,,,,,,,,,,,,,
texture,Foret/master_mask,.png,master_mask,1,2,1,1920,1080,4,TRUE,FALSE,,,,,,,,,,,,,,,,,,,,,,,,,,,,,,,,,,,,,,,,,,,,,,,,,,,,,,,,,,,,,,,,,,,,,,,,,,,,,,,,,,,,,,,,,,,,,,,,,,,,,,,,,,,,,,,,,,,,,,,,,,,,,,,,,,,,,,,,,,,,,,,,,,,,,,,,,,,,,,,,,,,,,,,,,,,,,,,,,,,,,,,,,,,,,,,,,,,,,,,,,,,,,,,,,,,,,,,,,,,,,,,,,,,,,,,,,,,,,,,,,,,,,,,,,,,,,,,,,
texture,CavernePlaton/stone,.png,mesh,1,2,1,1024,1024,4,TRUE,FALSE,,,,,,,,,,,,,,,,,,,,,,,,,,,,,,,,,,,,,,,,,,,,,,,,,,,,,,,,,,,,,,,,,,,,,,,,,,,,,,,,,,,,,,,,,,,,,,,,,,,,,,,,,,,,,,,,,,,,,,,,,,,,,,,,,,,,,,,,,,,,,,,,,,,,,,,,,,,,,,,,,,,,,,,,,,,,,,,,,,,,,,,,,,,,,,,,,,,,,,,,,,,,,,,,,,,,,,,,,,,,,,,,,,,,,,,,,,,,,,,,,,,,,,,,,,,,,,,,,
texture,sensor.v2,.png,sensor,1,2,1,100,100,4,TRUE,FALSE,,,,,,,,,,,,,,,,,,,,,,,,,,,,,,,,,,,,,,,,,,,,,,,,,,,,,,,,,,,,,,,,,,,,,,,,,,,,,,,,,,,,,,,,,,,,,,,,,,,,,,,,,,,,,,,,,,,,,,,,,,,,,,,,,,,,,,,,,,,,,,,,,,,,,,,,,,,,,,,,,,,,,,,,,,,,,,,,,,,,,,,,,,,,,,,,,,,,,,,,,,,,,,,,,,,,,,,,,,,,,,,,,,,,,,,,,,,,,,,,,,,,,,,,,,,,,,,,,
texture,Noise_core_3D,.png,noise,1,3,2,2048,1024,4,TRUE,TRUE,,,,,,,,,,,,,,,,,,,,,,,,,,,,,,,,,,,,,,,,,,,,,,,,,,,,,,,,,,,,,,,,,,,,,,,,,,,,,,,,,,,,,,,,,,,,,,,,,,,,,,,,,,,,,,,,,,,,,,,,,,,,,,,,,,,,,,,,,,,,,,,,,,,,,,,,,,,,,,,,,,,,,,,,,,,,,,,,,,,,,,,,,,,,,,,,,,,,,,,,,,,,,,,,,,,,,,,,,,,,,,,,,,,,,,,,,,,,,,,,,,,,,,,,,,,,,,,,,
texture,brushes/Pen_effe_3D,.png,brush,1,3,4,2048,2048,4,TRUE,TRUE,,,,,,,,,,,,,,,,,,,,,,,,,,,,,,,,,,,,,,,,,,,,,,,,,,,,,,,,,,,,,,,,,,,,,,,,,,,,,,,,,,,,,,,,,,,,,,,,,,,,,,,,,,,,,,,,,,,,,,,,,,,,,,,,,,,,,,,,,,,,,,,,,,,,,,,,,,,,,,,,,,,,,,,,,,,,,,,,,,,,,,,,,,,,,,,,,,,,,,,,,,,,,,,,,,,,,,,,,,,,,,,,,,,,,,,,,,,,,,,,,,,,,,,,,,,,,,,,,
texture,comet,.png,curve_particle,1,2,1,512,256,4,FALSE,FALSE,,,,,,,,,,,,,,,,,,,,,,,,,,,,,,,,,,,,,,,,,,,,,,,,,,,,,,,,,,,,,,,,,,,,,,,,,,,,,,,,,,,,,,,,,,,,,,,,,,,,,,,,,,,,,,,,,,,,,,,,,,,,,,,,,,,,,,,,,,,,,,,,,,,,,,,,,,,,,,,,,,,,,,,,,,,,,,,,,,,,,,,,,,,,,,,,,,,,,,,,,,,,,,,,,,,,,,,,,,,,,,,,,,,,,,,,,,,,,,,,,,,,,,,,,,,,,,,,,
texture,blurredDisk,.png,splat_particle,1,2,1,256,256,4,FALSE,FALSE,,,,,,,,,,,,,,,,,,,,,,,,,,,,,,,,,,,,,,,,,,,,,,,,,,,,,,,,,,,,,,,,,,,,,,,,,,,,,,,,,,,,,,,,,,,,,,,,,,,,,,,,,,,,,,,,,,,,,,,,,,,,,,,,,,,,,,,,,,,,,,,,,,,,,,,,,,,,,,,,,,,,,,,,,,,,,,,,,,,,,,,,,,,,,,,,,,,,,,,,,,,,,,,,,,,,,,,,,,,,,,,,,,,,,,,,,,,,,,,,,,,,,,,,,,,,,,,,,
texture,etoiles/tycho,.png,part_init,1,2,1,3840,1080,4,TRUE,TRUE,,,,,,,,,,,,,,,,,,,,,,,,,,,,,,,,,,,,,,,,,,,,,,,,,,,,,,,,,,,,,,,,,,,,,,,,,,,,,,,,,,,,,,,,,,,,,,,,,,,,,,,,,,,,,,,,,,,,,,,,,,,,,,,,,,,,,,,,,,,,,,,,,,,,,,,,,,,,,,,,,,,,,,,,,,,,,,,,,,,,,,,,,,,,,,,,,,,,,,,,,,,,,,,,,,,,,,,,,,,,,,,,,,,,,,,,,,,,,,,,,,,,,,,,,,,,,,,,,
texture,etoiles/SN1006,.png,part_init,2,2,1,3840,1080,4,TRUE,TRUE,,,,,,,,,,,,,,,,,,,,,,,,,,,,,,,,,,,,,,,,,,,,,,,,,,,,,,,,,,,,,,,,,,,,,,,,,,,,,,,,,,,,,,,,,,,,,,,,,,,,,,,,,,,,,,,,,,,,,,,,,,,,,,,,,,,,,,,,,,,,,,,,,,,,,,,,,,,,,,,,,,,,,,,,,,,,,,,,,,,,,,,,,,,,,,,,,,,,,,,,,,,,,,,,,,,,,,,,,,,,,,,,,,,,,,,,,,,,,,,,,,,,,,,,,,,,,,,,,
texture,Foret/tree_density,.png,repop_density,1,2,1,1920,1080,4,TRUE,FALSE,,,,,,,,,,,,,,,,,,,,,,,,,,,,,,,,,,,,,,,,,,,,,,,,,,,,,,,,,,,,,,,,,,,,,,,,,,,,,,,,,,,,,,,,,,,,,,,,,,,,,,,,,,,,,,,,,,,,,,,,,,,,,,,,,,,,,,,,,,,,,,,,,,,,,,,,,,,,,,,,,,,,,,,,,,,,,,,,,,,,,,,,,,,,,,,,,,,,,,,,,,,,,,,,,,,,,,,,,,,,,,,,,,,,,,,,,,,,,,,,,,,,,,,,,,,,,,,,,
texture,Foret/tree_density,.png,part_acc,1,2,1,1920,1080,4,TRUE,TRUE,,,,,,,,,,,,,,,,,,,,,,,,,,,,,,,,,,,,,,,,,,,,,,,,,,,,,,,,,,,,,,,,,,,,,,,,,,,,,,,,,,,,,,,,,,,,,,,,,,,,,,,,,,,,,,,,,,,,,,,,,,,,,,,,,,,,,,,,,,,,,,,,,,,,,,,,,,,,,,,,,,,,,,,,,,,,,,,,,,,,,,,,,,,,,,,,,,,,,,,,,,,,,,,,,,,,,,,,,,,,,,,,,,,,,,,,,,,,,,,,,,,,,,,,,,,,,,,,,
/textures,,,,,,,,,,,,,,,,,,,,,,,,,,,,,,,,,,,,,,,,,,,,,,,,,,,,,,,,,,,,,,,,,,,,,,,,,,,,,,,,,,,,,,,,,,,,,,,,,,,,,,,,,,,,,,,,,,,,,,,,,,,,,,,,,,,,,,,,,,,,,,,,,,,,,,,,,,,,,,,,,,,,,,,,,,,,,,,,,,,,,,,,,,,,,,,,,,,,,,,,,,,,,,,,,,,,,,,,,,,,,,,,,,,,,,,,,,,,,,,,,,,,,,,,,,,,,,,,,,,,,,,,,,,,
palette_colors,7,red_low,green_low,blue_low,red_medium,green_medium,blue_medium,red_high,green_high,blue_high,,,,,,,,,,,,,,,,,,,,,,,,,,,,,,,,,,,,,,,,,,,,,,,,,,,,,,,,,,,,,,,,,,,,,,,,,,,,,,,,,,,,,,,,,,,,,,,,,,,,,,,,,,,,,,,,,,,,,,,,,,,,,,,,,,,,,,,,,,,,,,,,,,,,,,,,,,,,,,,,,,,,,,,,,,,,,,,,,,,,,,,,,,,,,,,,,,,,,,,,,,,,,,,,,,,,,,,,,,,,,,,,,,,,,,,,,,,,,,,,,,,,,,,,,,,,,,,,,,
palette,red_grenade_fruit,247,93,57,205,42,23,232,91,107,,,,,,,,,,,,,,,,,,,,,,,,,,,,,,,,,,,,,,,,,,,,,,,,,,,,,,,,,,,,,,,,,,,,,,,,,,,,,,,,,,,,,,,,,,,,,,,,,,,,,,,,,,,,,,,,,,,,,,,,,,,,,,,,,,,,,,,,,,,,,,,,,,,,,,,,,,,,,,,,,,,,,,,,,,,,,,,,,,,,,,,,,,,,,,,,,,,,,,,,,,,,,,,,,,,,,,,,,,,,,,,,,,,,,,,,,,,,,,,,,,,,,,,,,,,,,,,,,,
palette,sun,237,222,16,247,78,9,222,80,103,,,,,,,,,,,,,,,,,,,,,,,,,,,,,,,,,,,,,,,,,,,,,,,,,,,,,,,,,,,,,,,,,,,,,,,,,,,,,,,,,,,,,,,,,,,,,,,,,,,,,,,,,,,,,,,,,,,,,,,,,,,,,,,,,,,,,,,,,,,,,,,,,,,,,,,,,,,,,,,,,,,,,,,,,,,,,,,,,,,,,,,,,,,,,,,,,,,,,,,,,,,,,,,,,,,,,,,,,,,,,,,,,,,,,,,,,,,,,,,,,,,,,,,,,,,,,,,,,,
palette,green_leaves,81,200,12,161,217,45,249,160,32,,,,,,,,,,,,,,,,,,,,,,,,,,,,,,,,,,,,,,,,,,,,,,,,,,,,,,,,,,,,,,,,,,,,,,,,,,,,,,,,,,,,,,,,,,,,,,,,,,,,,,,,,,,,,,,,,,,,,,,,,,,,,,,,,,,,,,,,,,,,,,,,,,,,,,,,,,,,,,,,,,,,,,,,,,,,,,,,,,,,,,,,,,,,,,,,,,,,,,,,,,,,,,,,,,,,,,,,,,,,,,,,,,,,,,,,,,,,,,,,,,,,,,,,,,,,,,,,,,
palette,purples,200,51,255,98,17,209,183,47,66,,,,,,,,,,,,,,,,,,,,,,,,,,,,,,,,,,,,,,,,,,,,,,,,,,,,,,,,,,,,,,,,,,,,,,,,,,,,,,,,,,,,,,,,,,,,,,,,,,,,,,,,,,,,,,,,,,,,,,,,,,,,,,,,,,,,,,,,,,,,,,,,,,,,,,,,,,,,,,,,,,,,,,,,,,,,,,,,,,,,,,,,,,,,,,,,,,,,,,,,,,,,,,,,,,,,,,,,,,,,,,,,,,,,,,,,,,,,,,,,,,,,,,,,,,,,,,,,,,
palette,oranges,255,85,33,255,52,19,218,0,77,,,,,,,,,,,,,,,,,,,,,,,,,,,,,,,,,,,,,,,,,,,,,,,,,,,,,,,,,,,,,,,,,,,,,,,,,,,,,,,,,,,,,,,,,,,,,,,,,,,,,,,,,,,,,,,,,,,,,,,,,,,,,,,,,,,,,,,,,,,,,,,,,,,,,,,,,,,,,,,,,,,,,,,,,,,,,,,,,,,,,,,,,,,,,,,,,,,,,,,,,,,,,,,,,,,,,,,,,,,,,,,,,,,,,,,,,,,,,,,,,,,,,,,,,,,,,,,,,,
palette,greens,11,255,123,0,176,119,64,218,255,,,,,,,,,,,,,,,,,,,,,,,,,,,,,,,,,,,,,,,,,,,,,,,,,,,,,,,,,,,,,,,,,,,,,,,,,,,,,,,,,,,,,,,,,,,,,,,,,,,,,,,,,,,,,,,,,,,,,,,,,,,,,,,,,,,,,,,,,,,,,,,,,,,,,,,,,,,,,,,,,,,,,,,,,,,,,,,,,,,,,,,,,,,,,,,,,,,,,,,,,,,,,,,,,,,,,,,,,,,,,,,,,,,,,,,,,,,,,,,,,,,,,,,,,,,,,,,,,,
palette,blue_abyss,21,37,159,87,66,167,4,134,132,,,,,,,,,,,,,,,,,,,,,,,,,,,,,,,,,,,,,,,,,,,,,,,,,,,,,,,,,,,,,,,,,,,,,,,,,,,,,,,,,,,,,,,,,,,,,,,,,,,,,,,,,,,,,,,,,,,,,,,,,,,,,,,,,,,,,,,,,,,,,,,,,,,,,,,,,,,,,,,,,,,,,,,,,,,,,,,,,,,,,,,,,,,,,,,,,,,,,,,,,,,,,,,,,,,,,,,,,,,,,,,,,,,,,,,,,,,,,,,,,,,,,,,,,,,,,,,,,,
/palette_colors,,,,,,,,,,,,,,,,,,,,,,,,,,,,,,,,,,,,,,,,,,,,,,,,,,,,,,,,,,,,,,,,,,,,,,,,,,,,,,,,,,,,,,,,,,,,,,,,,,,,,,,,,,,,,,,,,,,,,,,,,,,,,,,,,,,,,,,,,,,,,,,,,,,,,,,,,,,,,,,,,,,,,,,,,,,,,,,,,,,,,,,,,,,,,,,,,,,,,,,,,,,,,,,,,,,,,,,,,,,,,,,,,,,,,,,,,,,,,,,,,,,,,,,,,,,,,,,,,,,,,,,,,,,,
color_presets,3,,,,,,,,,,,,,,,,,,,,,,,,,,,,,,,,,,,,,,,,,,,,,,,,,,,,,,,,,,,,,,,,,,,,,,,,,,,,,,,,,,,,,,,,,,,,,,,,,,,,,,,,,,,,,,,,,,,,,,,,,,,,,,,,,,,,,,,,,,,,,,,,,,,,,,,,,,,,,,,,,,,,,,,,,,,,,,,,,,,,,,,,,,,,,,,,,,,,,,,,,,,,,,,,,,,,,,,,,,,,,,,,,,,,,,,,,,,,,,,,,,,,,,,,,,,,,,,,,,,,,,,,,,,
preset,bl,0.7375,,,,,,,,,,,,,,,,,,,,,,,,,,,,,,,,,,,,,,,,,,,,,,,,,,,,,,,,,,,,,,,,,,,,,,,,,,,,,,,,,,,,,,,,,,,,,,,,,,,,,,,,,,,,,,,,,,,,,,,,,,,,,,,,,,,,,,,,,,,,,,,,,,,,,,,,,,,,,,,,,,,,,,,,,,,,,,,,,,,,,,,,,,,,,,,,,,,,,,,,,,,,,,,,,,,,,,,,,,,,,,,,,,,,,,,,,,,,,,,,,,,,,,,,,,,,,,,,,,,,,,,,,,
preset,re,0.46875,,,,,,,,,,,,,,,,,,,,,,,,,,,,,,,,,,,,,,,,,,,,,,,,,,,,,,,,,,,,,,,,,,,,,,,,,,,,,,,,,,,,,,,,,,,,,,,,,,,,,,,,,,,,,,,,,,,,,,,,,,,,,,,,,,,,,,,,,,,,,,,,,,,,,,,,,,,,,,,,,,,,,,,,,,,,,,,,,,,,,,,,,,,,,,,,,,,,,,,,,,,,,,,,,,,,,,,,,,,,,,,,,,,,,,,,,,,,,,,,,,,,,,,,,,,,,,,,,,,,,,,,,,
preset,go,0.1375,,,,,,,,,,,,,,,,,,,,,,,,,,,,,,,,,,,,,,,,,,,,,,,,,,,,,,,,,,,,,,,,,,,,,,,,,,,,,,,,,,,,,,,,,,,,,,,,,,,,,,,,,,,,,,,,,,,,,,,,,,,,,,,,,,,,,,,,,,,,,,,,,,,,,,,,,,,,,,,,,,,,,,,,,,,,,,,,,,,,,,,,,,,,,,,,,,,,,,,,,,,,,,,,,,,,,,,,,,,,,,,,,,,,,,,,,,,,,,,,,,,,,,,,,,,,,,,,,,,,,,,,,,
/color_presets,,,,,,,,,,,,,,,,,,,,,,,,,,,,,,,,,,,,,,,,,,,,,,,,,,,,,,,,,,,,,,,,,,,,,,,,,,,,,,,,,,,,,,,,,,,,,,,,,,,,,,,,,,,,,,,,,,,,,,,,,,,,,,,,,,,,,,,,,,,,,,,,,,,,,,,,,,,,,,,,,,,,,,,,,,,,,,,,,,,,,,,,,,,,,,,,,,,,,,,,,,,,,,,,,,,,,,,,,,,,,,,,,,,,,,,,,,,,,,,,,,,,,,,,,,,,,,,,,,,,,,,,,,,,
lights,38,group,port,address,channels,red,green,blue,grey,dimmer,strobe,zoom,pan,tilt,hue,,,,,,,,,,,,,,,,,,,,,,,,,,,,,,,,,,,,,,,,,,,,,,,,,,,,,,,,,,,,,,,,,,,,,,,,,,,,,,,,,,,,,,,,,,,,,,,,,,,,,,,,,,,,,,,,,,,,,,,,,,,,,,,,,,,,,,,,,,,,,,,,,,,,,,,,,,,,,,,,,,,,,,,,,,,,,,,,,,,,,,,,,,,,,,,,,,,,,,,,,,,,,,,,,,,,,,,,,,,,,,,,,,,,,,,,,,,,,,,,,,,,,,,,,,,,,
light,tt-cx-dj_washlight,1,1,325,1,0,0,0,0,1,0,0,0,0,0,,,,,,,,,,,,,,,,,,,,,,,,,,,,,,,,,,,,,,,,,,,,,,,,,,,,,,,,,,,,,,,,,,,,,,,,,,,,,,,,,,,,,,,,,,,,,,,,,,,,,,,,,,,,,,,,,,,,,,,,,,,,,,,,,,,,,,,,,,,,,,,,,,,,,,,,,,,,,,,,,,,,,,,,,,,,,,,,,,,,,,,,,,,,,,,,,,,,,,,,,,,,,,,,,,,,,,,,,,,,,,,,,,,,,,,,,,,,,,,,,,,,,,,,,,,,,
light,tt-cx-dj_washlight,1,1,326,1,0,0,0,0,1,0,0,0,0,0,,,,,,,,,,,,,,,,,,,,,,,,,,,,,,,,,,,,,,,,,,,,,,,,,,,,,,,,,,,,,,,,,,,,,,,,,,,,,,,,,,,,,,,,,,,,,,,,,,,,,,,,,,,,,,,,,,,,,,,,,,,,,,,,,,,,,,,,,,,,,,,,,,,,,,,,,,,,,,,,,,,,,,,,,,,,,,,,,,,,,,,,,,,,,,,,,,,,,,,,,,,,,,,,,,,,,,,,,,,,,,,,,,,,,,,,,,,,,,,,,,,,,,,,,,,,,
light,tt-cx-dj_washlight,1,1,327,1,0,0,0,0,1,0,0,0,0,0,,,,,,,,,,,,,,,,,,,,,,,,,,,,,,,,,,,,,,,,,,,,,,,,,,,,,,,,,,,,,,,,,,,,,,,,,,,,,,,,,,,,,,,,,,,,,,,,,,,,,,,,,,,,,,,,,,,,,,,,,,,,,,,,,,,,,,,,,,,,,,,,,,,,,,,,,,,,,,,,,,,,,,,,,,,,,,,,,,,,,,,,,,,,,,,,,,,,,,,,,,,,,,,,,,,,,,,,,,,,,,,,,,,,,,,,,,,,,,,,,,,,,,,,,,,,,
light,tt-cx-dj_washlight,1,1,328,1,0,0,0,0,1,0,0,0,0,0,,,,,,,,,,,,,,,,,,,,,,,,,,,,,,,,,,,,,,,,,,,,,,,,,,,,,,,,,,,,,,,,,,,,,,,,,,,,,,,,,,,,,,,,,,,,,,,,,,,,,,,,,,,,,,,,,,,,,,,,,,,,,,,,,,,,,,,,,,,,,,,,,,,,,,,,,,,,,,,,,,,,,,,,,,,,,,,,,,,,,,,,,,,,,,,,,,,,,,,,,,,,,,,,,,,,,,,,,,,,,,,,,,,,,,,,,,,,,,,,,,,,,,,,,,,,,
light,tt-cx-dj_washlight,1,1,329,1,0,0,0,0,1,0,0,0,0,0,,,,,,,,,,,,,,,,,,,,,,,,,,,,,,,,,,,,,,,,,,,,,,,,,,,,,,,,,,,,,,,,,,,,,,,,,,,,,,,,,,,,,,,,,,,,,,,,,,,,,,,,,,,,,,,,,,,,,,,,,,,,,,,,,,,,,,,,,,,,,,,,,,,,,,,,,,,,,,,,,,,,,,,,,,,,,,,,,,,,,,,,,,,,,,,,,,,,,,,,,,,,,,,,,,,,,,,,,,,,,,,,,,,,,,,,,,,,,,,,,,,,,,,,,,,,,
light,tt-cx-dj_washlight,1,1,330,1,0,0,0,0,1,0,0,0,0,0,,,,,,,,,,,,,,,,,,,,,,,,,,,,,,,,,,,,,,,,,,,,,,,,,,,,,,,,,,,,,,,,,,,,,,,,,,,,,,,,,,,,,,,,,,,,,,,,,,,,,,,,,,,,,,,,,,,,,,,,,,,,,,,,,,,,,,,,,,,,,,,,,,,,,,,,,,,,,,,,,,,,,,,,,,,,,,,,,,,,,,,,,,,,,,,,,,,,,,,,,,,,,,,,,,,,,,,,,,,,,,,,,,,,,,,,,,,,,,,,,,,,,,,,,,,,,
light,tt-cx-dj_washlight,1,1,331,1,0,0,0,0,1,0,0,0,0,0,,,,,,,,,,,,,,,,,,,,,,,,,,,,,,,,,,,,,,,,,,,,,,,,,,,,,,,,,,,,,,,,,,,,,,,,,,,,,,,,,,,,,,,,,,,,,,,,,,,,,,,,,,,,,,,,,,,,,,,,,,,,,,,,,,,,,,,,,,,,,,,,,,,,,,,,,,,,,,,,,,,,,,,,,,,,,,,,,,,,,,,,,,,,,,,,,,,,,,,,,,,,,,,,,,,,,,,,,,,,,,,,,,,,,,,,,,,,,,,,,,,,,,,,,,,,,
light,tt-cx-dj_washlight,1,1,332,1,0,0,0,0,1,0,0,0,0,0,,,,,,,,,,,,,,,,,,,,,,,,,,,,,,,,,,,,,,,,,,,,,,,,,,,,,,,,,,,,,,,,,,,,,,,,,,,,,,,,,,,,,,,,,,,,,,,,,,,,,,,,,,,,,,,,,,,,,,,,,,,,,,,,,,,,,,,,,,,,,,,,,,,,,,,,,,,,,,,,,,,,,,,,,,,,,,,,,,,,,,,,,,,,,,,,,,,,,,,,,,,,,,,,,,,,,,,,,,,,,,,,,,,,,,,,,,,,,,,,,,,,,,,,,,,,,
light,tt-cx-dj_washlight,1,1,333,1,0,0,0,0,1,0,0,0,0,0,,,,,,,,,,,,,,,,,,,,,,,,,,,,,,,,,,,,,,,,,,,,,,,,,,,,,,,,,,,,,,,,,,,,,,,,,,,,,,,,,,,,,,,,,,,,,,,,,,,,,,,,,,,,,,,,,,,,,,,,,,,,,,,,,,,,,,,,,,,,,,,,,,,,,,,,,,,,,,,,,,,,,,,,,,,,,,,,,,,,,,,,,,,,,,,,,,,,,,,,,,,,,,,,,,,,,,,,,,,,,,,,,,,,,,,,,,,,,,,,,,,,,,,,,,,,,
light,tt_face_Par,2,1,101,1,0,0,0,0,1,0,0,0,0,0,,,,,,,,,,,,,,,,,,,,,,,,,,,,,,,,,,,,,,,,,,,,,,,,,,,,,,,,,,,,,,,,,,,,,,,,,,,,,,,,,,,,,,,,,,,,,,,,,,,,,,,,,,,,,,,,,,,,,,,,,,,,,,,,,,,,,,,,,,,,,,,,,,,,,,,,,,,,,,,,,,,,,,,,,,,,,,,,,,,,,,,,,,,,,,,,,,,,,,,,,,,,,,,,,,,,,,,,,,,,,,,,,,,,,,,,,,,,,,,,,,,,,,,,,,,,,
light,tt_face_Par,2,1,102,1,0,0,0,0,1,0,0,0,0,0,,,,,,,,,,,,,,,,,,,,,,,,,,,,,,,,,,,,,,,,,,,,,,,,,,,,,,,,,,,,,,,,,,,,,,,,,,,,,,,,,,,,,,,,,,,,,,,,,,,,,,,,,,,,,,,,,,,,,,,,,,,,,,,,,,,,,,,,,,,,,,,,,,,,,,,,,,,,,,,,,,,,,,,,,,,,,,,,,,,,,,,,,,,,,,,,,,,,,,,,,,,,,,,,,,,,,,,,,,,,,,,,,,,,,,,,,,,,,,,,,,,,,,,,,,,,,
light,tt_face_Par,2,1,103,1,0,0,0,0,1,0,0,0,0,0,,,,,,,,,,,,,,,,,,,,,,,,,,,,,,,,,,,,,,,,,,,,,,,,,,,,,,,,,,,,,,,,,,,,,,,,,,,,,,,,,,,,,,,,,,,,,,,,,,,,,,,,,,,,,,,,,,,,,,,,,,,,,,,,,,,,,,,,,,,,,,,,,,,,,,,,,,,,,,,,,,,,,,,,,,,,,,,,,,,,,,,,,,,,,,,,,,,,,,,,,,,,,,,,,,,,,,,,,,,,,,,,,,,,,,,,,,,,,,,,,,,,,,,,,,,,,
light,tt_back_Par,3,2,413,1,0,0,0,0,1,0,0,0,0,0,,,,,,,,,,,,,,,,,,,,,,,,,,,,,,,,,,,,,,,,,,,,,,,,,,,,,,,,,,,,,,,,,,,,,,,,,,,,,,,,,,,,,,,,,,,,,,,,,,,,,,,,,,,,,,,,,,,,,,,,,,,,,,,,,,,,,,,,,,,,,,,,,,,,,,,,,,,,,,,,,,,,,,,,,,,,,,,,,,,,,,,,,,,,,,,,,,,,,,,,,,,,,,,,,,,,,,,,,,,,,,,,,,,,,,,,,,,,,,,,,,,,,,,,,,,,,
light,tt_back_Par,3,2,414,1,0,0,0,0,1,0,0,0,0,0,,,,,,,,,,,,,,,,,,,,,,,,,,,,,,,,,,,,,,,,,,,,,,,,,,,,,,,,,,,,,,,,,,,,,,,,,,,,,,,,,,,,,,,,,,,,,,,,,,,,,,,,,,,,,,,,,,,,,,,,,,,,,,,,,,,,,,,,,,,,,,,,,,,,,,,,,,,,,,,,,,,,,,,,,,,,,,,,,,,,,,,,,,,,,,,,,,,,,,,,,,,,,,,,,,,,,,,,,,,,,,,,,,,,,,,,,,,,,,,,,,,,,,,,,,,,,
light,JM_face_Par,4,1,218,1,0,0,0,0,1,0,0,0,0,0,,,,,,,,,,,,,,,,,,,,,,,,,,,,,,,,,,,,,,,,,,,,,,,,,,,,,,,,,,,,,,,,,,,,,,,,,,,,,,,,,,,,,,,,,,,,,,,,,,,,,,,,,,,,,,,,,,,,,,,,,,,,,,,,,,,,,,,,,,,,,,,,,,,,,,,,,,,,,,,,,,,,,,,,,,,,,,,,,,,,,,,,,,,,,,,,,,,,,,,,,,,,,,,,,,,,,,,,,,,,,,,,,,,,,,,,,,,,,,,,,,,,,,,,,,,,,
light,JM_face_Par,4,1,404,1,0,0,0,0,1,0,0,0,0,0,,,,,,,,,,,,,,,,,,,,,,,,,,,,,,,,,,,,,,,,,,,,,,,,,,,,,,,,,,,,,,,,,,,,,,,,,,,,,,,,,,,,,,,,,,,,,,,,,,,,,,,,,,,,,,,,,,,,,,,,,,,,,,,,,,,,,,,,,,,,,,,,,,,,,,,,,,,,,,,,,,,,,,,,,,,,,,,,,,,,,,,,,,,,,,,,,,,,,,,,,,,,,,,,,,,,,,,,,,,,,,,,,,,,,,,,,,,,,,,,,,,,,,,,,,,,,
light,JM_face_Par,4,2,416,1,0,0,0,0,1,0,0,0,0,0,,,,,,,,,,,,,,,,,,,,,,,,,,,,,,,,,,,,,,,,,,,,,,,,,,,,,,,,,,,,,,,,,,,,,,,,,,,,,,,,,,,,,,,,,,,,,,,,,,,,,,,,,,,,,,,,,,,,,,,,,,,,,,,,,,,,,,,,,,,,,,,,,,,,,,,,,,,,,,,,,,,,,,,,,,,,,,,,,,,,,,,,,,,,,,,,,,,,,,,,,,,,,,,,,,,,,,,,,,,,,,,,,,,,,,,,,,,,,,,,,,,,,,,,,,,,,
light,JM_down_MarcAura,5,2,1,25,0,0,0,13,2,1,3,4/5,6/7,9,,,,,,,,,,,,,,,,,,,,,,,,,,,,,,,,,,,,,,,,,,,,,,,,,,,,,,,,,,,,,,,,,,,,,,,,,,,,,,,,,,,,,,,,,,,,,,,,,,,,,,,,,,,,,,,,,,,,,,,,,,,,,,,,,,,,,,,,,,,,,,,,,,,,,,,,,,,,,,,,,,,,,,,,,,,,,,,,,,,,,,,,,,,,,,,,,,,,,,,,,,,,,,,,,,,,,,,,,,,,,,,,,,,,,,,,,,,,,,,,,,,,,,,,,,,,,
light,Cx-face,6,1,406,1,0,0,0,0,1,0,0,0,0,0,,,,,,,,,,,,,,,,,,,,,,,,,,,,,,,,,,,,,,,,,,,,,,,,,,,,,,,,,,,,,,,,,,,,,,,,,,,,,,,,,,,,,,,,,,,,,,,,,,,,,,,,,,,,,,,,,,,,,,,,,,,,,,,,,,,,,,,,,,,,,,,,,,,,,,,,,,,,,,,,,,,,,,,,,,,,,,,,,,,,,,,,,,,,,,,,,,,,,,,,,,,,,,,,,,,,,,,,,,,,,,,,,,,,,,,,,,,,,,,,,,,,,,,,,,,,,
light,La_face,17,1,407,1,0,0,0,0,1,0,0,0,0,0,,,,,,,,,,,,,,,,,,,,,,,,,,,,,,,,,,,,,,,,,,,,,,,,,,,,,,,,,,,,,,,,,,,,,,,,,,,,,,,,,,,,,,,,,,,,,,,,,,,,,,,,,,,,,,,,,,,,,,,,,,,,,,,,,,,,,,,,,,,,,,,,,,,,,,,,,,,,,,,,,,,,,,,,,,,,,,,,,,,,,,,,,,,,,,,,,,,,,,,,,,,,,,,,,,,,,,,,,,,,,,,,,,,,,,,,,,,,,,,,,,,,,,,,,,,,,
light,Cx-DJ_back_robin,7,2,26,40,0,0,0,0,37/38,36,30/31,1/2,3/4,7/8,,,,,,,,,,,,,,,,,,,,,,,,,,,,,,,,,,,,,,,,,,,,,,,,,,,,,,,,,,,,,,,,,,,,,,,,,,,,,,,,,,,,,,,,,,,,,,,,,,,,,,,,,,,,,,,,,,,,,,,,,,,,,,,,,,,,,,,,,,,,,,,,,,,,,,,,,,,,,,,,,,,,,,,,,,,,,,,,,,,,,,,,,,,,,,,,,,,,,,,,,,,,,,,,,,,,,,,,,,,,,,,,,,,,,,,,,,,,,,,,,,,,,,,,,,,,,
light,Cx-DJ_back_robin,7,2,26,40,0,0,0,0,37/38,36,30/31,1/2,3/4,7/8,,,,,,,,,,,,,,,,,,,,,,,,,,,,,,,,,,,,,,,,,,,,,,,,,,,,,,,,,,,,,,,,,,,,,,,,,,,,,,,,,,,,,,,,,,,,,,,,,,,,,,,,,,,,,,,,,,,,,,,,,,,,,,,,,,,,,,,,,,,,,,,,,,,,,,,,,,,,,,,,,,,,,,,,,,,,,,,,,,,,,,,,,,,,,,,,,,,,,,,,,,,,,,,,,,,,,,,,,,,,,,,,,,,,,,,,,,,,,,,,,,,,,,,,,,,,,
light,Cx-DJ_back_robin,7,2,26,40,0,0,0,0,37/38,36,30/31,1/2,3/4,7/8,,,,,,,,,,,,,,,,,,,,,,,,,,,,,,,,,,,,,,,,,,,,,,,,,,,,,,,,,,,,,,,,,,,,,,,,,,,,,,,,,,,,,,,,,,,,,,,,,,,,,,,,,,,,,,,,,,,,,,,,,,,,,,,,,,,,,,,,,,,,,,,,,,,,,,,,,,,,,,,,,,,,,,,,,,,,,,,,,,,,,,,,,,,,,,,,,,,,,,,,,,,,,,,,,,,,,,,,,,,,,,,,,,,,,,,,,,,,,,,,,,,,,,,,,,,,,
light,Cx-DJ_back_robin,7,2,26,40,0,0,0,0,37/38,36,30/31,1/2,3/4,7/8,,,,,,,,,,,,,,,,,,,,,,,,,,,,,,,,,,,,,,,,,,,,,,,,,,,,,,,,,,,,,,,,,,,,,,,,,,,,,,,,,,,,,,,,,,,,,,,,,,,,,,,,,,,,,,,,,,,,,,,,,,,,,,,,,,,,,,,,,,,,,,,,,,,,,,,,,,,,,,,,,,,,,,,,,,,,,,,,,,,,,,,,,,,,,,,,,,,,,,,,,,,,,,,,,,,,,,,,,,,,,,,,,,,,,,,,,,,,,,,,,,,,,,,,,,,,,
light,Cx_down_Par,8,1,416,1,0,0,0,0,1,0,0,0,0,0,,,,,,,,,,,,,,,,,,,,,,,,,,,,,,,,,,,,,,,,,,,,,,,,,,,,,,,,,,,,,,,,,,,,,,,,,,,,,,,,,,,,,,,,,,,,,,,,,,,,,,,,,,,,,,,,,,,,,,,,,,,,,,,,,,,,,,,,,,,,,,,,,,,,,,,,,,,,,,,,,,,,,,,,,,,,,,,,,,,,,,,,,,,,,,,,,,,,,,,,,,,,,,,,,,,,,,,,,,,,,,,,,,,,,,,,,,,,,,,,,,,,,,,,,,,,,
light,La_down_Par,18,1,417,1,0,0,0,0,1,0,0,0,0,0,,,,,,,,,,,,,,,,,,,,,,,,,,,,,,,,,,,,,,,,,,,,,,,,,,,,,,,,,,,,,,,,,,,,,,,,,,,,,,,,,,,,,,,,,,,,,,,,,,,,,,,,,,,,,,,,,,,,,,,,,,,,,,,,,,,,,,,,,,,,,,,,,,,,,,,,,,,,,,,,,,,,,,,,,,,,,,,,,,,,,,,,,,,,,,,,,,,,,,,,,,,,,,,,,,,,,,,,,,,,,,,,,,,,,,,,,,,,,,,,,,,,,,,,,,,,,
light,La_lat_Par,9,1,98,1,0,0,0,0,1,0,0,0,0,0,,,,,,,,,,,,,,,,,,,,,,,,,,,,,,,,,,,,,,,,,,,,,,,,,,,,,,,,,,,,,,,,,,,,,,,,,,,,,,,,,,,,,,,,,,,,,,,,,,,,,,,,,,,,,,,,,,,,,,,,,,,,,,,,,,,,,,,,,,,,,,,,,,,,,,,,,,,,,,,,,,,,,,,,,,,,,,,,,,,,,,,,,,,,,,,,,,,,,,,,,,,,,,,,,,,,,,,,,,,,,,,,,,,,,,,,,,,,,,,,,,,,,,,,,,,,,
light,La_lat_Par,9,1,84,1,0,0,0,0,1,0,0,0,0,0,,,,,,,,,,,,,,,,,,,,,,,,,,,,,,,,,,,,,,,,,,,,,,,,,,,,,,,,,,,,,,,,,,,,,,,,,,,,,,,,,,,,,,,,,,,,,,,,,,,,,,,,,,,,,,,,,,,,,,,,,,,,,,,,,,,,,,,,,,,,,,,,,,,,,,,,,,,,,,,,,,,,,,,,,,,,,,,,,,,,,,,,,,,,,,,,,,,,,,,,,,,,,,,,,,,,,,,,,,,,,,,,,,,,,,,,,,,,,,,,,,,,,,,,,,,,,
light,FV_face_Par_FV,10,2,412,1,0,0,0,0,1,0,0,0,0,0,,,,,,,,,,,,,,,,,,,,,,,,,,,,,,,,,,,,,,,,,,,,,,,,,,,,,,,,,,,,,,,,,,,,,,,,,,,,,,,,,,,,,,,,,,,,,,,,,,,,,,,,,,,,,,,,,,,,,,,,,,,,,,,,,,,,,,,,,,,,,,,,,,,,,,,,,,,,,,,,,,,,,,,,,,,,,,,,,,,,,,,,,,,,,,,,,,,,,,,,,,,,,,,,,,,,,,,,,,,,,,,,,,,,,,,,,,,,,,,,,,,,,,,,,,,,,
light,FV_face_Par_dte,11,1,104,1,0,0,0,0,1,0,0,0,0,0,,,,,,,,,,,,,,,,,,,,,,,,,,,,,,,,,,,,,,,,,,,,,,,,,,,,,,,,,,,,,,,,,,,,,,,,,,,,,,,,,,,,,,,,,,,,,,,,,,,,,,,,,,,,,,,,,,,,,,,,,,,,,,,,,,,,,,,,,,,,,,,,,,,,,,,,,,,,,,,,,,,,,,,,,,,,,,,,,,,,,,,,,,,,,,,,,,,,,,,,,,,,,,,,,,,,,,,,,,,,,,,,,,,,,,,,,,,,,,,,,,,,,,,,,,,,,
light,FV_face_Par_gche,12,1,90,1,0,0,0,0,1,0,0,0,0,0,,,,,,,,,,,,,,,,,,,,,,,,,,,,,,,,,,,,,,,,,,,,,,,,,,,,,,,,,,,,,,,,,,,,,,,,,,,,,,,,,,,,,,,,,,,,,,,,,,,,,,,,,,,,,,,,,,,,,,,,,,,,,,,,,,,,,,,,,,,,,,,,,,,,,,,,,,,,,,,,,,,,,,,,,,,,,,,,,,,,,,,,,,,,,,,,,,,,,,,,,,,,,,,,,,,,,,,,,,,,,,,,,,,,,,,,,,,,,,,,,,,,,,,,,,,,,
light,FV_face_Par_contre,13,1,85,1,0,0,0,0,1,0,0,0,0,0,,,,,,,,,,,,,,,,,,,,,,,,,,,,,,,,,,,,,,,,,,,,,,,,,,,,,,,,,,,,,,,,,,,,,,,,,,,,,,,,,,,,,,,,,,,,,,,,,,,,,,,,,,,,,,,,,,,,,,,,,,,,,,,,,,,,,,,,,,,,,,,,,,,,,,,,,,,,,,,,,,,,,,,,,,,,,,,,,,,,,,,,,,,,,,,,,,,,,,,,,,,,,,,,,,,,,,,,,,,,,,,,,,,,,,,,,,,,,,,,,,,,,,,,,,,,,
light,FV_down_Par,14,2,417,1,0,0,0,0,1,0,0,0,0,0,,,,,,,,,,,,,,,,,,,,,,,,,,,,,,,,,,,,,,,,,,,,,,,,,,,,,,,,,,,,,,,,,,,,,,,,,,,,,,,,,,,,,,,,,,,,,,,,,,,,,,,,,,,,,,,,,,,,,,,,,,,,,,,,,,,,,,,,,,,,,,,,,,,,,,,,,,,,,,,,,,,,,,,,,,,,,,,,,,,,,,,,,,,,,,,,,,,,,,,,,,,,,,,,,,,,,,,,,,,,,,,,,,,,,,,,,,,,,,,,,,,,,,,,,,,,,
light,DJ_face_Par,15,2,415,1,0,0,0,0,1,0,0,0,0,0,,,,,,,,,,,,,,,,,,,,,,,,,,,,,,,,,,,,,,,,,,,,,,,,,,,,,,,,,,,,,,,,,,,,,,,,,,,,,,,,,,,,,,,,,,,,,,,,,,,,,,,,,,,,,,,,,,,,,,,,,,,,,,,,,,,,,,,,,,,,,,,,,,,,,,,,,,,,,,,,,,,,,,,,,,,,,,,,,,,,,,,,,,,,,,,,,,,,,,,,,,,,,,,,,,,,,,,,,,,,,,,,,,,,,,,,,,,,,,,,,,,,,,,,,,,,,
light,DJ_face_AlphaProfile,16,2,66,41,1,2,3,5,8/9,7,27,31/32,33/34,10,,,,,,,,,,,,,,,,,,,,,,,,,,,,,,,,,,,,,,,,,,,,,,,,,,,,,,,,,,,,,,,,,,,,,,,,,,,,,,,,,,,,,,,,,,,,,,,,,,,,,,,,,,,,,,,,,,,,,,,,,,,,,,,,,,,,,,,,,,,,,,,,,,,,,,,,,,,,,,,,,,,,,,,,,,,,,,,,,,,,,,,,,,,,,,,,,,,,,,,,,,,,,,,,,,,,,,,,,,,,,,,,,,,,,,,,,,,,,,,,,,,,,,,,,,,,,
light,DJ_face_AlphaProfile,16,2,66,41,1,2,3,5,8/9,7,27,31/32,33/34,10,,,,,,,,,,,,,,,,,,,,,,,,,,,,,,,,,,,,,,,,,,,,,,,,,,,,,,,,,,,,,,,,,,,,,,,,,,,,,,,,,,,,,,,,,,,,,,,,,,,,,,,,,,,,,,,,,,,,,,,,,,,,,,,,,,,,,,,,,,,,,,,,,,,,,,,,,,,,,,,,,,,,,,,,,,,,,,,,,,,,,,,,,,,,,,,,,,,,,,,,,,,,,,,,,,,,,,,,,,,,,,,,,,,,,,,,,,,,,,,,,,,,,,,,,,,,,
light,DJ_face_AlphaProfile,16,2,66,41,1,2,3,5,8/9,7,27,31/32,33/34,10,,,,,,,,,,,,,,,,,,,,,,,,,,,,,,,,,,,,,,,,,,,,,,,,,,,,,,,,,,,,,,,,,,,,,,,,,,,,,,,,,,,,,,,,,,,,,,,,,,,,,,,,,,,,,,,,,,,,,,,,,,,,,,,,,,,,,,,,,,,,,,,,,,,,,,,,,,,,,,,,,,,,,,,,,,,,,,,,,,,,,,,,,,,,,,,,,,,,,,,,,,,,,,,,,,,,,,,,,,,,,,,,,,,,,,,,,,,,,,,,,,,,,,,,,,,,,
light,DJ_face_AlphaProfile,16,2,66,41,1,2,3,5,8/9,7,27,31/32,33/34,10,,,,,,,,,,,,,,,,,,,,,,,,,,,,,,,,,,,,,,,,,,,,,,,,,,,,,,,,,,,,,,,,,,,,,,,,,,,,,,,,,,,,,,,,,,,,,,,,,,,,,,,,,,,,,,,,,,,,,,,,,,,,,,,,,,,,,,,,,,,,,,,,,,,,,,,,,,,,,,,,,,,,,,,,,,,,,,,,,,,,,,,,,,,,,,,,,,,,,,,,,,,,,,,,,,,,,,,,,,,,,,,,,,,,,,,,,,,,,,,,,,,,,,,,,,,,,
/lights,,,,,,,,,,,,,,,,,,,,,,,,,,,,,,,,,,,,,,,,,,,,,,,,,,,,,,,,,,,,,,,,,,,,,,,,,,,,,,,,,,,,,,,,,,,,,,,,,,,,,,,,,,,,,,,,,,,,,,,,,,,,,,,,,,,,,,,,,,,,,,,,,,,,,,,,,,,,,,,,,,,,,,,,,,,,,,,,,,,,,,,,,,,,,,,,,,,,,,,,,,,,,,,,,,,,,,,,,,,,,,,,,,,,,,,,,,,,,,,,,,,,,,,,,,,,,,,,,,,,,,,,,,,,
