RANK,1,2,3,4,5,6,7,8,9,10,11,12,13,14,15,16,17,18,19,20,21,22,23,24,25,26,27,28,29,30,31,32,33,34,35,36,37,38,39,40,41,42,43,44,45,46,47,48,49,50,51,52,53,54,55,56,57,58,59,60,61,62,63,64,65,66,67,68,69,70,71,72,73,74,75,76,77,78,79,80,81,82,83,84,85,86,87,88,89,90,91,92,93,94,95,96,97,98,99,100,101,102,103,104,105,106,107,108,109,110,111,112,113,114,115,116,117,118,119,120,121,122,123,124,125,126,127,128,129,130,131,132,133,134,135,136,137,138,139,140,141,142,143,144,145,146,147,148,149,150,151,152,153,154,155,156,157,158,159,160,161,162,163,164,165,166,167,168,169,170,171,172,173,174,175,176,177,178,179,180,181,182,183,184,185,186,187,188,189,190,191,192,193,194,195,196,197,198,199,200,201,202,203,204
VERBATIM,auto_beat,auto_pulse,clear all Layers,clear CA,clear layer,current background capture,BG Subtraction on/off,mute screen,invert,snapshot onOff,cursor size,beat duration,master level,CA mix weight,ID comment,ClipArt mix weight,ID comment,Part mix weight,ID comment,track_levels,track_levels,CA Master weight,ID comment,ClipArt Master weight,ID comment,Part Master weight,ID comment,track_levels,track_levels,echo,ID comment,echo neg,ID comment,CA decay,CA decay pulse,part decay,ID comment,track_decays,track_decays,pen radius,pen radius pulse,pen position pulse,pen angle pulse,pen position dashed,palette for pen,palette for pen pulse,Grey level for pen,pen grey pulse,pen color alpha,pen color alpha pulse,pen brush,pen radius replay,pen radius replay pulse,pen saturation replay,pen saturation replay pulse,pen value replay,pen value replay pulse,pen hue replay,pen hue replay pulse,pen brush replay,current drawing track,current video track,current photo track,current mask track,tracks_set_up,tracks_set_up,tracks_set_up,tracks_set_up,part reinitialize,part image based acceleration,paths,paths,paths,paths,paths,part size,particle radius pulse,part acc,part acc pulse,part damp factor,ID comment,part gravity factor,ID comment,particle motion shift pulse,noise scale,ID comment,noise scale,ID comment,part field weight,ID comment,part damp target radius,part time to target,particle type,part move grid,part move rand,part exit mode,part stroke mode,part color mode,pixel acc,pixel acc pulse,pixel acc center-x,ID comment,pixel acc center-y,ID comment,pixel radius ,pixel radius pulse,pixel mode,repopuplating CA,ID comment,repopuplating Part,particle repop pulse,repopuplating BG (grid),ID comment,repopuplating Path,ID comment,prepop density for pixels,prepop density for particles,repop color mode for pixels,repop color mode for particles,repop_colorBG,repop_colorBG_pulse,repop_greyBG,repop_greyBG_pulse,repop_colorPart,repop_colorPart_pulse,repop_greyPart,repop_greyPart_pulse,repop_colorCA,repop_colorCA_pulse,repop_greyCA,repop_greyCA_pulse,activeClipArts,ClipArt stroke width,ClipArt stroke width pulse,ClipArt stroke _stroke_color_preset,ClipArt stroke _stroke_color_preset_pulse pulse,media_clip_arts,media_clip_arts,soundtrack no,CA,CA,CA 1 type,CA 1 type,CA 1 subtype,CA 2 type,CA 2 subtype,CA1/CA2 weight,Flash Part->CA freq, Flash track0->CA freq, Flash track1->CA freq, Flash track2->CA freq, Flash track3->CA freq,Flash CA->BG freq,Flash Part->BG freq, Flash track1->BG freq, Flash track2->BG freq, Flash track3->BG freq,Flash CA->Part freq,Flash Trk0->Part freq,Flash Trk1->Part freq,Flash Trk2->Part freq,Flash Trk3->Part freq,Flash particle init freq,Flash pixel freq,Flash pixel duration,master scale,master scale pulse,master scale ratio,master offsetX,master offsetY,CA,beat threshold,beat min duration (ms),input volume,Min input volume,pen pressure coef,pen angleH coef,pen angleV coef,tracks sync on/off,CA update step,fast vs slow CA color spreading,freeze on/off,sound enveloppe min,sound envelope max,adc weight (eg microphone),soundtrack_PA weight,soundtrack_PD weight,path_replay loop,master mask crop x,master mask crop y,master mask crop width,blur radius trk1,blur radius trk2,ID comment,ID comment,screen_drawing_no,Blend Transparency,master mask scale,master mask scale ratio,master mask offsetX,master mask offsetY,current light scene in Python,directRenderingwithoutMeshScreen1,Song_CA_color_mode
TYPE,bool,bool,bool,bool,bool,bool,bool,bool,bool,bool,int,float,float,float,float,float,float,float,float,float[0..PG_NB_TRACKS],float[0..PG_NB_TRACKS],float,float,float,float,float,float,float[0..PG_NB_TRACKS],float[0..PG_NB_TRACKS],float,float,float,float,float,float,float,float,float[0..PG_NB_TRACKS],float[0..PG_NB_TRACKS],float,float,float,float,int,float,float,float,float,float,float,int,float,float,float,float,float,float,float,float,int,int,int,int,int,float[0..PG_NB_TRACKS],float[0..PG_NB_TRACKS],float[0..PG_NB_TRACKS],float[0..PG_NB_TRACKS],int,int,bool[0..PG_NB_PATHS],bool[0..PG_NB_PATHS],bool[0..PG_NB_PATHS],bool[1..PG_NB_PATHS],int[1..PG_NB_PATHS],float,float,float,float,float,float,float,float,float,float,float,float,float,float,float,float,float,int,bool,bool,int,int,int,float,float,float,float,float,float,float,float,int,float,float,float,float,float,float,float,float,int,int,int,int,float,float,float,float,float,float,float,float,float,float,float,float,int,float,float,float,float,float[1..(PG_NB_CLIPART_LAYERS+1)],float[1..(PG_NB_CLIPART_LAYERS+1)],int,float[1..(PG_NB_CA_PARAMS+1)],float[1..(PG_NB_CA_PARAMS+1)],int,int,int,int,int,float,int,int,int,int,int,int,int,int,int,int,int,int,int,int,int,int,int,int,float,float,float,float,float,float[1..(PG_NB_MASTER_MASKS+1)],float,float,float,float,float,float,float,bool,int,bool,bool,float,float,float,float,float,bool,float,float,float,int,int,float,float,int,float,float,float,float,float,int,bool,bool
ID,auto_beat,auto_pulse,clearAllLayers,clearCA,clearLayer,reset_camera,camera_BG_subtr,mute_second_screen,invertAllLayers,take_snapshots,cursorSize,auto_beat_duration,master,CAMixingWeight,CAMixingWeight_pulse,ClipArtMixingWeight,ClipArtMixingWeight_pulse,PartMixingWeight,PartMixingWeight_pulse,trackMixingWeight,trackMixingWeight_pulse,CAMasterWeight,CAMasterWeight_pulse,ClipArtMasterWeight,ClipArtMasterWeight_pulse,PartMasterWeight,PartMasterWeight_pulse,trackMasterWeight,trackMasterWeight_pulse,echo,echo_pulse,echoNeg,echoNeg_pulse,CAdecay,CAdecay_pulse,partDecay,partDecay_pulse,trkDecay,trkDecay_pulse,pen_radius,pen_radius_pulse,pen_position_pulse,pen_angle_pulse,pen_position_dash,pen_color,pen_color_pulse,pen_grey,pen_grey_pulse,pen_color_a,pen_color_a_pulse,pen_brush,pen_radius_replay,pen_radius_replay_pulse,pen_saturation_replay,pen_saturation_replay_pulse,pen_value_replay,pen_value_replay_pulse,pen_hue_replay,pen_hue_replay_pulse,pen_brush_replay,currentDrawingTrack,currentVideoTrack,currentPhotoTrack,currentMaskTrack,track_x_transl,track_x_transl_pulse,track_y_transl,track_y_transl_pulse,part_initialization,part_image_acceleration,part_path_repop,part_path_follow,part_path_repulse,path_record,path_replay_trackNo,part_size,part_size_pulse,part_acc,part_acc_pulse,part_damp,part_damp_pulse,part_gravity,part_gravity_pulse,pulsed_part_Vshift,noiseUpdateScale,noiseUpdateScale_pulse,noiseParticleScale,noiseParticleScale_pulse,part_field_weight,part_field_weight_pulse,part_damp_targtRad,part_timeToTargt,particle_type,partMove_target,partMove_rand,partExit_mode,partStroke_mode,partColor_mode,pixel_acc,pixel_acc_pulse,pixel_acc_shiftX,pixel_acc_shiftX_pulse,pixel_acc_shiftY,pixel_acc_shiftY_pulse,pixel_radius,pixel_radius_pulse,pixel_mode,repop_CA,repop_CA_pulse,repop_part,repop_part_pulse,repop_BG,repop_BG_pulse,repop_path,repop_path_pulse,BG_CA_repop_density,Part_repop_density,BG_CA_repop_color_mode,Part_repop_color_mode,repop_colorBG,repop_colorBG_pulse,repop_greyBG,repop_greyBG_pulse,repop_colorPart,repop_colorPart_pulse,repop_greyPart,repop_greyPart_pulse,repop_colorCA,repop_colorCA_pulse,repop_greyCA,repop_greyCA_pulse,activeClipArts,ClipArt_width,ClipArt_width_pulse,ClipArt_stroke_color_preset,ClipArt_stroke_color_preset_pulse,ClipArt_layer_color_preset,ClipArt_layer_color_preset_pulse,playing_soundtrackNo,CAParams,CAParams_pulse,nb_CATypes,CA1Type,CA1SubType,CA2Type,CA2SubType,CA1_CA2_weight,flashPartCA_freq,flashTrkCA_freq_0,flashTrkCA_freq_1,flashTrkCA_freq_2,flashTrkCA_freq_3,flashCABG_freq,flashPartBG_freq,flashTrkBG_freq_1,flashTrkBG_freq_2,flashTrkBG_freq_3,flashCAPart_freq,flashTrkPart_freq_0,flashTrkPart_freq_1,flashTrkPart_freq_2,flashTrkPart_freq_3,flashParticleInit_freq,flashPixel_freq,flashPixel_duration,master_scale,master_scale_pulse,master_scale_ratio,master_offsetX,master_offsetY,master_mask_opacity,beat_threshold,beat_delay,sound_volume,sound_min,pen_radius_pressure_coef,pen_radius_angleHor_coef,pen_radius_angleVer_coef,tracksSync,CAstep,CAcolorSpread,freeze,sound_env_min,sound_env_max,audioInput_weight,soundtrack_PA_weight,soundtrack_PD_weight,path_replay_loop,master_crop_x,master_crop_y,master_crop_width,blurRadius_1,blurRadius_2,video_white,video_white_pulse,screen_drawing_no,master_mask,master_mask_scale,master_mask_scale_ratio,master_mask_offsetX,master_mask_offsetY,currentLightScene,directRenderingwithoutMeshScreen1,Song_CA_color_mode
FUNCTION,auto_beat_callBack,auto_pulse_callBack,clearAllLayers_callBack,clearCA_callBack,clearLayer_callBack,NULL,NULL,NULL,NULL,NULL,NULL,NULL,NULL,NULL,NULL,NULL,NULL,NULL,NULL,NULL,NULL,NULL,NULL,NULL,NULL,NULL,NULL,NULL,NULL,NULL,NULL,NULL,NULL,NULL,NULL,NULL,NULL,NULL,NULL,NULL,NULL,NULL,NULL,NULL,pen_color_callBack,NULL,NULL,NULL,NULL,NULL,pen_brush_callBack,NULL,NULL,NULL,NULL,NULL,NULL,NULL,NULL,NULL,NULL,NULL,NULL,NULL,NULL,NULL,NULL,NULL,part_initialization_callBack,NULL,NULL,part_path_follow_callBack,part_path_repulse_callBack,path_record_callBack,path_replay_trackNo_callBack,NULL,NULL,NULL,NULL,NULL,NULL,NULL,NULL,NULL,NULL,NULL,NULL,NULL,NULL,NULL,NULL,NULL,NULL,partMove_target_callBack,partMove_rand_callBack,NULL,NULL,NULL,NULL,NULL,NULL,NULL,NULL,NULL,NULL,NULL,NULL,NULL,NULL,NULL,NULL,NULL,NULL,NULL,NULL,NULL,NULL,NULL,NULL,NULL,NULL,NULL,NULL,NULL,NULL,NULL,NULL,NULL,NULL,NULL,NULL,NULL,NULL,NULL,NULL,NULL,NULL,NULL,playing_soundtrackNo_callBack,NULL,NULL,NULL,NULL,NULL,NULL,NULL,NULL,NULL,NULL,NULL,NULL,NULL,NULL,NULL,NULL,NULL,NULL,NULL,NULL,NULL,NULL,NULL,NULL,NULL,NULL,NULL,NULL,NULL,NULL,NULL,NULL,beat_threshold_callBack,beat_delay_callBack,NULL,NULL,NULL,NULL,NULL,NULL,NULL,NULL,NULL,sound_env_min_callBack,sound_env_max_callBack,audioInput_weight_callBack,soundtrack_PA_weight_callBack,soundtrack_PD_weight_callBack,NULL,NULL,NULL,NULL,NULL,NULL,NULL,NULL,NULL,NULL,NULL,NULL,NULL,NULL,currentLightScene_callBack,NULL,NULL
GUI,auto_beat,auto_pulse,clearAllLayers,clearCA,clearLayer,reset_camera,camera_BG_subtr,mute_second_screen,invertAllLayers,take_snapshots,cursorSize,auto_beat_duration,master,CAMixingWeight,CAMixingWeight_pulse,ClipArtMixingWeight,ClipArtMixingWeight_pulse,PartMixingWeight,PartMixingWeight_pulse,trackMixingWeight,trackMixingWeight_pulse,CAMasterWeight,CAMasterWeight_pulse,ClipArtMasterWeight,ClipArtMasterWeight_pulse,PartMasterWeight,PartMasterWeight_pulse,trackMasterWeight,trackMasterWeight_pulse,echo,echo_pulse,echoNeg,echoNeg_pulse,CAdecay,CAdecay_pulse,partDecay,partDecay_pulse,trkDecay,trkDecay_pulse,pen_radius,pen_radius_pulse,pen_position_pulse,pen_angle_pulse,pen_position_dash,pen_color,pen_color_pulse,pen_grey,pen_grey_pulse,pen_color_a,pen_color_a_pulse,pen_brush,pen_radius_replay,pen_radius_replay_pulse,pen_saturation_replay,pen_saturation_replay_pulse,pen_value_replay,pen_value_replay_pulse,pen_hue_replay,pen_hue_replay_pulse,pen_brush_replay,currentDrawingTrack,currentVideoTrack,currentPhotoTrack,currentMaskTrack,track_x_transl,track_x_transl_pulse,track_y_transl,track_y_transl_pulse,part_initialization,part_image_acceleration,part_path_repop,part_path_follow,part_path_repulse,path_record,path_replay_trackNo,part_size,part_size_pulse,part_acc,part_acc_pulse,part_damp,part_damp_pulse,part_gravity,part_gravity_pulse,pulsed_part_Vshift,noiseUpdateScale,noiseUpdateScale_pulse,noiseParticleScale,noiseParticleScale_pulse,part_field_weight,part_field_weight_pulse,part_damp_targtRad,part_timeToTargt,particle_type,partMove_target,partMove_rand,partExit_mode,partStroke_mode,partColor_mode,pixel_acc,pixel_acc_pulse,pixel_acc_shiftX,pixel_acc_shiftX_pulse,pixel_acc_shiftY,pixel_acc_shiftY_pulse,pixel_radius,pixel_radius_pulse,pixel_mode,repop_CA,repop_CA_pulse,repop_part,repop_part_pulse,repop_BG,repop_BG_pulse,repop_path,repop_path_pulse,BG_CA_repop_density,Part_repop_density,BG_CA_repop_color_mode,Part_repop_color_mode,repop_colorBG,repop_colorBG_pulse,repop_greyBG,repop_greyBG_pulse,repop_colorPart,repop_colorPart_pulse,repop_greyPart,repop_greyPart_pulse,repop_colorCA,repop_colorCA_pulse,repop_greyCA,repop_greyCA_pulse,activeClipArts,ClipArt_width,ClipArt_width_pulse,ClipArt_stroke_color_preset,ClipArt_stroke_color_preset_pulse,ClipArt_layer_color_preset,ClipArt_layer_color_preset_pulse,playing_soundtrackNo,CAParams,CAParams_pulse,nb_CATypes,CA1Type,CA1SubType,CA2Type,CA2SubType,CA1_CA2_weight,flashPartCA_freq,flashTrkCA_freq_0,flashTrkCA_freq_1,flashTrkCA_freq_2,flashTrkCA_freq_3,flashCABG_freq,flashPartBG_freq,flashTrkBG_freq_1,flashTrkBG_freq_2,flashTrkBG_freq_3,flashCAPart_freq,flashTrkPart_freq_0,flashTrkPart_freq_1,flashTrkPart_freq_2,flashTrkPart_freq_3,flashParticleInit_freq,flashPixel_freq,flashPixel_duration,master_scale,master_scale_pulse,master_scale_ratio,master_offsetX,master_offsetY,master_mask_opacity,beat_threshold,beat_delay,sound_volume,sound_min,pen_radius_pressure_coef,pen_radius_angleHor_coef,pen_radius_angleVer_coef,tracksSync,CAstep,CAcolorSpread,freeze,sound_env_min,sound_env_max,audioInput_weight,soundtrack_PA_weight,soundtrack_PD_weight,path_replay_loop,master_crop_x,master_crop_y,master_crop_width,blurRadius_1,blurRadius_2,video_white,video_white_pulse,screen_drawing_no,master_mask,master_mask_scale,master_mask_scale_ratio,master_mask_offsetX,master_mask_offsetY,currentLightScene,directRenderingwithoutMeshScreen1,Song_CA_color_mode
SHADER,*,*,*,*,*,*,Update_fs,Master_fs,Master_fs,*,Master_fs,*,Master_fs,Mixing_fs,*,Mixing_fs,*,Mixing_fs,*,Mixing_fs,*,Master_fs,*,Master_fs,*,Master_fs,*,Master_fs,*,Mixing_fs,*,Mixing_fs,*,Update_fs,*,ParticleAnimation_fs,*,Update_fs,*,*,*,*,*,*,*,*,*,*,*,*,*,*,*,*,*,*,*,*,*,*,Update_fs,Update_fs,Update_fs,Master_fs,*,*,*,*,ParticleAnimation_fs,ParticleAnimation_fs,*,ParticleAnimation_fs,ParticleAnimation_fs,*,Update_fs,ParticleAnimation_fs,*,ParticleAnimation_fs,*,ParticleAnimation_fs,*,ParticleAnimation_fs,*,*,Update_fs,*,ParticleAnimation_fs,*,ParticleAnimation_fs,*,ParticleAnimation_fs,ParticleAnimation_fs,*,ParticleAnimation_fs,ParticleAnimation_fs,ParticleAnimation_fs,ParticleAnimation_fs,ParticleAnimation_fs,Update_fs,*,Update_fs/ParticleAnimation_fs,*,Update_fs/ParticleAnimation_fs,*,Update_fs,*,Update_fs,Update_fs,*,ParticleAnimation_fs,*,Update_fs,*,ParticleAnimation_fs,*,Update_fs,ParticleAnimation_fs,Update_fs,ParticleAnimation_fs,*,*,*,*,*,*,*,*,*,*,*,*,*,*,*,*,*,*,*,*,Update_fs,*,*,*,*,*,*,*,*,*,*,*,*,*,*,*,*,*,*,*,*,*,*,*,*,*,Master_fs,Master_fs,Master_fs,Master_fs,Master_fs,Master_fs,*,*,*,*,*,*,*,*,Update_fs,Update_fs,Update_fs/ParticleAnimation_fs,*,*,*,*,*,*,Master_fs,Master_fs,Master_fs,*,*,Update_fs,*,*,Master_fs,Master_fs,Master_fs,Master_fs,Master_fs,*,*,Update_fs
PULSE,*,*,*,*,*,*,*,*,*,*,*,*,*,pulsed_uniform,*,pulsed_uniform,*,pulsed_uniform,*,pulsed_uniform,*,pulsed_uniform,*,pulsed_uniform,*,pulsed_uniform,*,pulsed_uniform,*,pulsed_absolute,*,pulsed_absolute,*,pulsed_uniform,*,pulsed_absolute,*,pulsed_absolute,*,pulsed_special,*,*,*,*,pulsed_special,*,pulsed_special,*,pulsed_special,*,*,pulsed_special,*,pulsed_special,*,pulsed_special,*,pulsed_special,*,*,*,*,*,*,pulsed_differential,*,pulsed_differential,*,*,*,*,*,*,*,*,pulsed_absolute,*,pulsed_absolute,*,pulsed_absolute,*,pulsed_absolute,*,*,pulsed_absolute,*,pulsed_absolute,*,pulsed_absolute,*,*,*,*,*,*,*,*,*,pulsed_absolute,*,pulsed_absolute,*,pulsed_absolute,*,pulsed_absolute,*,*,pulsed_absolute,*,pulsed_absolute,*,pulsed_absolute,*,pulsed_absolute,*,*,*,*,*,pulsed_special,*,pulsed_special,*,pulsed_special,*,pulsed_special,*,pulsed_special,*,pulsed_special,*,*,pulsed_absolute,*,pulsed_absolute,*,pulsed_absolute,*,*,pulsed_absolute,*,*,*,*,*,*,*,*,*,*,*,*,*,*,*,*,*,*,*,*,*,*,*,*,*,pulsed_absolute,*,*,*,*,*,*,*,*,*,*,*,*,*,*,*,*,*,*,*,*,*,*,*,*,*,*,*,pulsed_absolute,*,*,*,*,*,*,*,*,*,*
initial_values,,,,,,,,,,,,,,,,,,,,,,,,,,,,,,,,,,,,,,,,,,,,,,,,,,,,,,,,,,,,,,,,,,,,,,,,,,,,,,,,,,,,,,,,,,,,,,,,,,,,,,,,,,,,,,,,,,,,,,,,,,,,,,,,,,,,,,,,,,,,,,,,,,,,,,,,,,,,,,,,,,,,,,,,,,,,,,,,,,,,,,,,,,,,,,,,,,,,,,,,,,,,,,,,,,,,,,,,,,,,,,,,,,,,,,,,,,,,,,,,,,,,,,,,,,,,,,,,,,,,,,,,,,,,,,,,,,,,,,,,,,,,,,,,,,,,,,,,,,,,,,,,,,,,,,,
,0,0,0,1,1,0,1,0,0,1,2,1.000000,1.000000,0.000000,0.000000,0,0,0.000000,0.000000,1.000000/0.000000/0.000000/0.000000,0.000000/0.000000/0.000000/0.000000,1.000000,0.000000,0,0,0.000000,0.000000,0.000000/1.000000/1.000000/1.000000,0.000000/0.000000/0.000000/0.000000,0.999600,0.000000,0.978300,0.000000,0.054010,0.803440,0.000000,0.000000,0.000000/0.000000/0.000000/-0.001660,0.000000/0.000000/0.000000/0.000000,2.302570,0.000000,0.000000,0.000000,0,0.817530,0.000000,1.000000,0.000000,1.000000,0.000000,0,1,0,0.000000,0.000000,0.000000,0.000000,0.000000,0.000000,0,2,2,2,-1,0.000000/0.000000,0.000000/0.000000,0.000000/0.000000,0.000000/0.000000,-1,-1,0/0/0/0/0/0/0/0/0/0/0/0,0/0/0/0/0/0/0/0/0/0/0/0,0/0/0/0/0/0/0/0/0/0/0/0,0/0/0/0/0/0/0/0/0/0/0,-1/-1/-1/-1/-1/-1/-1/-1/-1/-1/-1,3.000000,0.000000,0.000000,0.000000,0.000000,0.000000,0.000000,0.000000,0.000000,0.040000,0.000000,0.040000,0.000000,0.000000,0.000000,0.000000,0.000000,0,0,0,0,0,1,0.000100,0.000000,0.000000,0.000000,0.000000,0.000000,0.000000,0.000000,1,0.000000,0.000000,0.000000,0.000000,0.000000,0.000000,0.000000,0.000000,1,-1,1,-1,0.428600,-0.200000,1.000000,0.000000,0.428600,0.100000,1.000000,0.000000,0.428600,-0.100000,1.000000,0.000000,0,0.1,0,-1,0,-1/-1/-1/-1/-1/-1/-1/-1,0/0/0/0/0/0/0/0,-1,0.393673/0.102449/0.535510/0.165306/0.196939/0.322857/0.307143/0.000000,0.000000/0.000000/0.000000/0.000000/0.000000/0.000000/0.000000/0.000000,7,1,1,0,0,1.000000,0,0,0,0,0,0,0,0,0,0,0,0,0,0,0,0,0,1,1.000000,0.000000,1.000000,0.000000,0.000000,0.000000/1.000000/0.000000/0.000000/0.000000,0.130000,150.000000,2.000000,0.000000,0.158920,0.000000,0.000000,0,1,1,0,40.000000,85.000000,1.000000,1.000000,1.000000,1,0.000000,1920.000000,0.000000,10,3,0.000000,0.000000,0,0.000000,1.000000,1.000000,0.000000,0.000000,-1,1,0
/initial_values,,,,,,,,,,,,,,,,,,,,,,,,,,,,,,,,,,,,,,,,,,,,,,,,,,,,,,,,,,,,,,,,,,,,,,,,,,,,,,,,,,,,,,,,,,,,,,,,,,,,,,,,,,,,,,,,,,,,,,,,,,,,,,,,,,,,,,,,,,,,,,,,,,,,,,,,,,,,,,,,,,,,,,,,,,,,,,,,,,,,,,,,,,,,,,,,,,,,,,,,,,,,,,,,,,,,,,,,,,,,,,,,,,,,,,,,,,,,,,,,,,,,,,,,,,,,,,,,,,,,,,,,,,,,,,,,,,,,,,,,,,,,,,,,,,,,,,,,,,,,,,,,,,,,,,,
scenario,3,,,,,,,,,,,,,,,,,,,,,,,,,,,,,,,,,,,,,,,,,,,,,,,,,,,,,,,,,,,,,,,,,,,,,,,,,,,,,,,,,,,,,,,,,,,,,,,,,,,,,,,,,,,,,,,,,,,,,,,,,,,,,,,,,,,,,,,,,,,,,,,,,,,,,,,,,,,,,,,,,,,,,,,,,,,,,,,,,,,,,,,,,,,,,,,,,,,,,,,,,,,,,,,,,,,,,,,,,,,,,,,,,,,,,,,,,,,,,,,,,,,,,,,,,,,,,,,,,,,,,,,,,,,,,,,,,,,,,,,,,,,,,,,,,,,,,,,,,,,,,,,,,,,,,,
scene,3_Chute_ArbreInverse,120,prolong_when_ends,,,,,,,,,,,,,,,,,,,,,,,,,,,,,,,,,,,,,,,,,,,,,,,,,,,,,,,,,,,,,,,,,,,,,,,,,,,,,,,,,,,,,,,,,,,,,,,,,,,,,,,,,,,,,,,,,,,,,,,,,,,,,,,,,,,,,,,,,,,,,,,,,,,,,,,,,,,,,,,,,,,,,,,,,,,,,,,,,,,,,,,,,,,,,,,,,,,,,,,,,,,,,,,,,,,,,,,,,,,,,,,,,,,,,,,,,,,,,,,,,,,,,,,,,,,,,,,,,,,,,,,,,,,,,,,,,,,,,,,,,,,,,,,,,,,,,,,,,,,,,,,,,,,,
1,3_Chute_ArbreInverse,3_ChuteArbreInverse,3_ChuteArbreInverse,3_ChuteArbreInverse,3_ChuteArbreInverse,3_ChuteArbreInverse,3_ChuteArbreInverse,3_ChuteArbreInverse,3_ChuteArbreInverse,3_ChuteArbreInverse,3_ChuteArbreInverse,3_ChuteArbreInverse,3_ChuteArbreInverse,3_ChuteArbreInverse,3_ChuteArbreInverse,3_ChuteArbreInverse,3_ChuteArbreInverse,3_ChuteArbreInverse,3_ChuteArbreInverse,3_ChuteArbreInverse,3_ChuteArbreInverse,3_ChuteArbreInverse,3_ChuteArbreInverse,3_ChuteArbreInverse,3_ChuteArbreInverse,3_ChuteArbreInverse,3_ChuteArbreInverse,3_ChuteArbreInverse,3_ChuteArbreInverse,3_ChuteArbreInverse,3_ChuteArbreInverse,3_ChuteArbreInverse,3_ChuteArbreInverse,3_ChuteArbreInverse,3_ChuteArbreInverse,3_ChuteArbreInverse,3_ChuteArbreInverse,3_ChuteArbreInverse,3_ChuteArbreInverse,3_ChuteArbreInverse,3_ChuteArbreInverse,3_ChuteArbreInverse,3_ChuteArbreInverse,3_ChuteArbreInverse,3_ChuteArbreInverse,3_ChuteArbreInverse,3_ChuteArbreInverse,3_ChuteArbreInverse,3_ChuteArbreInverse,3_ChuteArbreInverse,3_ChuteArbreInverse,3_ChuteArbreInverse,3_ChuteArbreInverse,3_ChuteArbreInverse,3_ChuteArbreInverse,3_ChuteArbreInverse,3_ChuteArbreInverse,3_ChuteArbreInverse,3_ChuteArbreInverse,3_ChuteArbreInverse,3_ChuteArbreInverse,3_ChuteArbreInverse,3_ChuteArbreInverse,3_ChuteArbreInverse,3_ChuteArbreInverse,3_ChuteArbreInverse,3_ChuteArbreInverse,3_ChuteArbreInverse,3_ChuteArbreInverse,3_ChuteArbreInverse,3_ChuteArbreInverse,3_ChuteArbreInverse,3_ChuteArbreInverse,3_ChuteArbreInverse,3_ChuteArbreInverse,3_ChuteArbreInverse,3_ChuteArbreInverse,3_ChuteArbreInverse,3_ChuteArbreInverse,3_ChuteArbreInverse,3_ChuteArbreInverse,3_ChuteArbreInverse,3_ChuteArbreInverse,3_ChuteArbreInverse,3_ChuteArbreInverse,3_ChuteArbreInverse,3_ChuteArbreInverse,3_ChuteArbreInverse,3_ChuteArbreInverse,3_ChuteArbreInverse,3_ChuteArbreInverse,3_ChuteArbreInverse,3_ChuteArbreInverse,3_ChuteArbreInverse,3_ChuteArbreInverse,3_ChuteArbreInverse,3_ChuteArbreInverse,3_ChuteArbreInverse,3_ChuteArbreInverse,3_ChuteArbreInverse,3_ChuteArbreInverse,3_ChuteArbreInverse,3_ChuteArbreInverse,3_ChuteArbreInverse,3_ChuteArbreInverse,3_ChuteArbreInverse,3_ChuteArbreInverse,3_ChuteArbreInverse,3_ChuteArbreInverse,3_ChuteArbreInverse,3_ChuteArbreInverse,3_ChuteArbreInverse,3_ChuteArbreInverse,3_ChuteArbreInverse,3_ChuteArbreInverse,3_ChuteArbreInverse,3_ChuteArbreInverse,3_ChuteArbreInverse,3_ChuteArbreInverse,3_ChuteArbreInverse,3_ChuteArbreInverse,3_ChuteArbreInverse,3_ChuteArbreInverse,3_ChuteArbreInverse,3_ChuteArbreInverse,3_ChuteArbreInverse,3_ChuteArbreInverse,3_ChuteArbreInverse,3_ChuteArbreInverse,3_ChuteArbreInverse,3_ChuteArbreInverse,3_ChuteArbreInverse,3_ChuteArbreInverse,3_ChuteArbreInverse,3_ChuteArbreInverse,3_ChuteArbreInverse,3_ChuteArbreInverse,3_ChuteArbreInverse,3_ChuteArbreInverse,3_ChuteArbreInverse,3_ChuteArbreInverse,3_ChuteArbreInverse,3_ChuteArbreInverse,3_ChuteArbreInverse,3_ChuteArbreInverse,3_ChuteArbreInverse,3_ChuteArbreInverse,3_ChuteArbreInverse,3_ChuteArbreInverse,3_ChuteArbreInverse,3_ChuteArbreInverse,3_ChuteArbreInverse,3_ChuteArbreInverse,3_ChuteArbreInverse,3_ChuteArbreInverse,3_ChuteArbreInverse,3_ChuteArbreInverse,3_ChuteArbreInverse,3_ChuteArbreInverse,3_ChuteArbreInverse,3_ChuteArbreInverse,3_ChuteArbreInverse,3_ChuteArbreInverse,3_ChuteArbreInverse,3_ChuteArbreInverse,3_ChuteArbreInverse,3_ChuteArbreInverse,3_ChuteArbreInverse,3_ChuteArbreInverse,3_ChuteArbreInverse,3_ChuteArbreInverse,3_ChuteArbreInverse,3_ChuteArbreInverse,3_ChuteArbreInverse,3_ChuteArbreInverse,3_ChuteArbreInverse,3_ChuteArbreInverse,3_ChuteArbreInverse,3_ChuteArbreInverse,3_ChuteArbreInverse,3_ChuteArbreInverse,3_ChuteArbreInverse,3_ChuteArbreInverse,3_ChuteArbreInverse,3_ChuteArbreInverse,3_ChuteArbreInverse,3_ChuteArbreInverse,3_ChuteArbreInverse,3_ChuteArbreInverse,3_ChuteArbreInverse,3_ChuteArbreInverse,3_ChuteArbreInverse,3_ChuteArbreInverse,3_ChuteArbreInverse,3_ChuteArbreInverse,3_ChuteArbreInverse,3_ChuteArbreInverse,3_ChuteArbreInverse,3_ChuteArbreInverse,3_ChuteArbreInverse,3_ChuteArbreInverse,3_ChuteArbreInverse,3_ChuteArbreInverse,3_ChuteArbreInverse
ID,auto_beat,auto_pulse,clearAllLayers,clearCA,clearLayer,reset_camera,camera_BG_subtr,mute_second_screen,invertAllLayers,take_snapshots,cursorSize,auto_beat_duration,master,CAMixingWeight,CAMixingWeight_pulse,ClipArtMixingWeight,ClipArtMixingWeight_pulse,PartMixingWeight,PartMixingWeight_pulse,trackMixingWeight_0,trackMixingWeight_0_pulse,CAMasterWeight,CAMasterWeight_pulse,ClipArtMasterWeight,ClipArtMasterWeight_pulse,PartMasterWeight,PartMasterWeight_pulse,trackMasterWeight_0,trackMasterWeight_0_pulse,echo,echo_pulse,echoNeg,echoNeg_pulse,CAdecay,CAdecay_pulse,partDecay,partDecay_pulse,trkDecay_0,trkDecay_0_pulse,pen_radius,pen_radius_pulse,pen_position_pulse,pen_angle_pulse,pen_position_dash,pen_color,pen_color_pulse,pen_grey,pen_grey_pulse,pen_color_a,pen_color_a_pulse,pen_brush,pen_radius_replay,pen_radius_replay_pulse,pen_saturation_replay,pen_saturation_replay_pulse,pen_value_replay,pen_value_replay_pulse,pen_hue_replay,pen_hue_replay_pulse,pen_brush_replay,currentDrawingTrack,currentVideoTrack,currentPhotoTrack,currentMaskTrack,track_x_transl_0,track_x_transl_0_pulse,track_y_transl_0,track_y_transl_0_pulse,part_initialization,part_image_acceleration,part_path_repop_0,part_path_follow_0,part_path_repulse_0,path_record_1,path_replay_trackNo_1,part_size,part_size_pulse,part_acc,part_acc_pulse,part_damp,part_damp_pulse,part_gravity,part_gravity_pulse,pulsed_part_Vshift,noiseUpdateScale,noiseUpdateScale_pulse,noiseParticleScale,noiseParticleScale_pulse,part_field_weight,part_field_weight_pulse,part_damp_targtRad,part_timeToTargt,particle_type,partMove_target,partMove_rand,partExit_mode,partStroke_mode,partColor_mode,pixel_acc,pixel_acc_pulse,pixel_acc_shiftX,pixel_acc_shiftX_pulse,pixel_acc_shiftY,pixel_acc_shiftY_pulse,pixel_radius,pixel_radius_pulse,pixel_mode,repop_CA,repop_CA_pulse,repop_part,repop_part_pulse,repop_BG,repop_BG_pulse,repop_path,repop_path_pulse,BG_CA_repop_density,Part_repop_density,BG_CA_repop_color_mode,Part_repop_color_mode,repop_colorBG,repop_colorBG_pulse,repop_greyBG,repop_greyBG_pulse,repop_colorPart,repop_colorPart_pulse,repop_greyPart,repop_greyPart_pulse,repop_colorCA,repop_colorCA_pulse,repop_greyCA,repop_greyCA_pulse,activeClipArts,ClipArt_width,ClipArt_width_pulse,ClipArt_stroke_color_preset,ClipArt_stroke_color_preset_pulse,ClipArt_layer_1_color_preset,ClipArt_layer_1_color_preset_pulse,playing_soundtrackNo,CAParams1,CAParams1_pulse,nb_CATypes,CA1Type,CA1SubType,CA2Type,CA2SubType,CA1_CA2_weight,flashPartCA_freq,flashTrkCA_freq_0,flashTrkCA_freq_1,flashTrkCA_freq_2,flashTrkCA_freq_3,flashCABG_freq,flashPartBG_freq,flashTrkBG_freq_1,flashTrkBG_freq_2,flashTrkBG_freq_3,flashCAPart_freq,flashTrkPart_freq_0,flashTrkPart_freq_1,flashTrkPart_freq_2,flashTrkPart_freq_3,flashParticleInit_freq,flashPixel_freq,flashPixel_duration,master_scale,master_scale_pulse,master_scale_ratio,master_offsetX,master_offsetY,master_mask_opacity_1,beat_threshold,beat_delay,sound_volume,sound_min,pen_radius_pressure_coef,pen_radius_angleHor_coef,pen_radius_angleVer_coef,tracksSync,CAstep,CAcolorSpread,freeze,sound_env_min,sound_env_max,audioInput_weight,soundtrack_PA_weight,soundtrack_PD_weight,path_replay_loop,master_crop_x,master_crop_y,master_crop_width,blurRadius_1,blurRadius_2,video_white,video_white_pulse,screen_drawing_no,master_mask,master_mask_scale,master_mask_scale_ratio,master_mask_offsetX,master_mask_offsetY,currentLightScene,directRenderingwithoutMeshScreen1,Song_CA_color_mode
,0,0,0,1,1,0,1,0,0,1,2,1.000000,1.000000,0.000000,0.000000,0,0,0.000000,0.000000,1.000000/0.000000/0.000000/0.000000,0.000000/0.000000/0.000000/0.000000,1.000000,0.000000,0,0,0.000000,0.000000,0.000000/1.000000/1.000000/1.000000,0.000000/0.000000/0.000000/0.000000,0.999600,0.000000,0.978300,0.000000,0.054010,0.803440,0.000000,0.000000,0.000000/0.000000/0.000000/-0.001660,0.000000/0.000000/0.000000/0.000000,2.302570,0.000000,0.000000,0.000000,0,0.817530,0.000000,1.000000,0.000000,1.000000,0.000000,0,1,0,0.000000,0.000000,0.000000,0.000000,0.000000,0.000000,0,2,2,2,-1,0.000000/0.000000,0.000000/0.000000,0.000000/0.000000,0.000000/0.000000,-1,-1,0/0/0/0/0/0/0/0/0/0/0/0,0/0/0/0/0/0/0/0/0/0/0/0,0/0/0/0/0/0/0/0/0/0/0/0,0/0/0/0/0/0/0/0/0/0/0,-1/-1/-1/-1/-1/-1/-1/-1/-1/-1/-1,3.000000,0.000000,0.000000,0.000000,0.000000,0.000000,0.000000,0.000000,0.000000,0.040000,0.000000,0.040000,0.000000,0.000000,0.000000,0.000000,0.000000,0,0,0,0,0,1,0.000100,0.000000,0.000000,0.000000,0.000000,0.000000,0.000000,0.000000,1,0.000000,0.000000,0.000000,0.000000,0.000000,0.000000,0.000000,0.000000,1,-1,1,-1,0.428600,-0.200000,1.000000,0.000000,0.428600,0.100000,1.000000,0.000000,0.428600,-0.100000,1.000000,0.000000,0,0.1,0,-1,0,-1/-1/-1/-1/-1/-1/-1/-1,0/0/0/0/0/0/0/0,-1,0.393673/0.102449/0.535510/0.165306/0.196939/0.322857/0.307143/0.000000,0.000000/0.000000/0.000000/0.000000/0.000000/0.000000/0.000000/0.000000,7,1,1,0,0,1.000000,0,0,0,0,0,0,0,0,0,0,0,0,0,0,0,0,0,1,1.000000,0.000000,1.000000,0.000000,0.000000,0.000000/1.000000/0.000000/0.000000/0.000000,0.130000,150.000000,2.000000,0.000000,0.158920,0.000000,0.000000,0,1,1,0,40.000000,85.000000,1.000000,1.000000,1.000000,1,0.000000,1920.000000,0.000000,10,3,0.000000,0.000000,0,0.000000,1.000000,1.000000,0.000000,0.000000,-1,1,0
,0,0,0,1,1,0,1,0,0,1,2,1.000000,1.000000,0.000000,0.000000,0,0,0.000000,0.000000,1.000000/0.000000/0.000000/0.000000,0.000000/0.000000/0.000000/0.000000,1.000000,0.000000,0,0,0.000000,0.000000,0.000000/1.000000/1.000000/1.000000,0.000000/0.000000/0.000000/0.000000,0.999600,0.000000,0.978300,0.000000,0.054010,0.803440,0.000000,0.000000,0.000000/0.000000/0.000000/-0.001660,0.000000/0.000000/0.000000/0.000000,2.302570,0.000000,0.000000,0.000000,0,0.817530,0.000000,1.000000,0.000000,1.000000,0.000000,0,1,0,0.000000,0.000000,0.000000,0.000000,0.000000,0.000000,0,2,2,2,-1,0.000000/0.000000,0.000000/0.000000,0.000000/0.000000,0.000000/0.000000,-1,-1,0/0/0/0/0/0/0/0/0/0/0/0,0/0/0/0/0/0/0/0/0/0/0/0,0/0/0/0/0/0/0/0/0/0/0/0,0/0/0/0/0/0/0/0/0/0/0,-1/-1/-1/-1/-1/-1/-1/-1/-1/-1/-1,3.000000,0.000000,0.000000,0.000000,0.000000,0.000000,0.000000,0.000000,0.000000,0.040000,0.000000,0.040000,0.000000,0.000000,0.000000,0.000000,0.000000,0,0,0,0,0,1,0.000100,0.000000,0.000000,0.000000,0.000000,0.000000,0.000000,0.000000,1,0.000000,0.000000,0.000000,0.000000,0.000000,0.000000,0.000000,0.000000,1,-1,1,-1,0.428600,-0.200000,1.000000,0.000000,0.428600,0.100000,1.000000,0.000000,0.428600,-0.100000,1.000000,0.000000,0,0.1,0,-1,0,-1/-1/-1/-1/-1/-1/-1/-1,0/0/0/0/0/0/0/0,-1,0.393673/0.102449/0.535510/0.165306/0.196939/0.322857/0.307143/0.000000,0.000000/0.000000/0.000000/0.000000/0.000000/0.000000/0.000000/0.000000,7,1,1,0,0,1.000000,0,0,0,0,0,0,0,0,0,0,0,0,0,0,0,0,0,1,1.000000,0.000000,1.000000,0.000000,0.000000,0.000000/1.000000/0.000000/0.000000/0.000000,0.130000,150.000000,2.000000,0.000000,0.158920,0.000000,0.000000,0,1,1,0,40.000000,85.000000,1.000000,1.000000,1.000000,1,0.000000,1920.000000,0.000000,10,3,0.000000,0.000000,0,0.000000,1.000000,1.000000,0.000000,0.000000,-1,1,0
,k,k,s,s,s,s,s,s,s,s,s,s,s,s,s,s,s,s,s,s,s,s,s,s,s,s,s,s,s,s,s,s,s,s,s,s,s,s,s,s,s,s,s,s,s,s,s,s,s,s,s,s,s,s,s,s,s,s,s,s,s,s,s,s,s,s,s,s,s,s,s,s,s,s,s,l,s,l,s,s,s,s,s,s,s,s,s,s,s,s,s,s,s,s,s,s,s,s,s,s,s,s,s,s,s,s,s,s,s,s,s,s,s,s,s,s,s,s,s,s,s,s,s,s,s,s,s,s,s,s,s,s,s,s,s,s,s,s,s,s,s,s,s,s,s,s,s,s,s,s,s,s,s,s,s,s,s,s,s,s,s,s,s,s,s,s,s,s,s,s,s,k,k,k,k,s,s,s,s,s,s,s,s,s,s,s,s,s,s,s,s,s,s,s,s,s,s,s,s,s,s,s,s,s
/scene,,,,,,,,,,,,,,,,,,,,,,,,,,,,,,,,,,,,,,,,,,,,,,,,,,,,,,,,,,,,,,,,,,,,,,,,,,,,,,,,,,,,,,,,,,,,,,,,,,,,,,,,,,,,,,,,,,,,,,,,,,,,,,,,,,,,,,,,,,,,,,,,,,,,,,,,,,,,,,,,,,,,,,,,,,,,,,,,,,,,,,,,,,,,,,,,,,,,,,,,,,,,,,,,,,,,,,,,,,,,,,,,,,,,,,,,,,,,,,,,,,,,,,,,,,,,,,,,,,,,,,,,,,,,,,,,,,,,,,,,,,,,,,,,,,,,,,,,,,,,,,,,,,,,,,,
scene,3_CouleurDuCorps,120,prolong_when_ends,,,,,,,,,,,,,,,,,,,,,,,,,,,,,,,,,,,,,,,,,,,,,,,,,,,,,,,,,,,,,,,,,,,,,,,,,,,,,,,,,,,,,,,,,,,,,,,,,,,,,,,,,,,,,,,,,,,,,,,,,,,,,,,,,,,,,,,,,,,,,,,,,,,,,,,,,,,,,,,,,,,,,,,,,,,,,,,,,,,,,,,,,,,,,,,,,,,,,,,,,,,,,,,,,,,,,,,,,,,,,,,,,,,,,,,,,,,,,,,,,,,,,,,,,,,,,,,,,,,,,,,,,,,,,,,,,,,,,,,,,,,,,,,,,,,,,,,,,,,,,,,,,,,,
2,3_CouleurDuCorps,3_CouleurDuCorps,3_CouleurDuCorps,3_CouleurDuCorps,3_CouleurDuCorps,3_CouleurDuCorps,3_CouleurDuCorps,3_CouleurDuCorps,3_CouleurDuCorps,3_CouleurDuCorps,3_CouleurDuCorps,3_CouleurDuCorps,3_CouleurDuCorps,3_CouleurDuCorps,3_CouleurDuCorps,3_CouleurDuCorps,3_CouleurDuCorps,3_CouleurDuCorps,3_CouleurDuCorps,3_CouleurDuCorps,3_CouleurDuCorps,3_CouleurDuCorps,3_CouleurDuCorps,3_CouleurDuCorps,3_CouleurDuCorps,3_CouleurDuCorps,3_CouleurDuCorps,3_CouleurDuCorps,3_CouleurDuCorps,3_CouleurDuCorps,3_CouleurDuCorps,3_CouleurDuCorps,3_CouleurDuCorps,3_CouleurDuCorps,3_CouleurDuCorps,3_CouleurDuCorps,3_CouleurDuCorps,3_CouleurDuCorps,3_CouleurDuCorps,3_CouleurDuCorps,3_CouleurDuCorps,3_CouleurDuCorps,3_CouleurDuCorps,3_CouleurDuCorps,3_CouleurDuCorps,3_CouleurDuCorps,3_CouleurDuCorps,3_CouleurDuCorps,3_CouleurDuCorps,3_CouleurDuCorps,3_CouleurDuCorps,3_CouleurDuCorps,3_CouleurDuCorps,3_CouleurDuCorps,3_CouleurDuCorps,3_CouleurDuCorps,3_CouleurDuCorps,3_CouleurDuCorps,3_CouleurDuCorps,3_CouleurDuCorps,3_CouleurDuCorps,3_CouleurDuCorps,3_CouleurDuCorps,3_CouleurDuCorps,3_CouleurDuCorps,3_CouleurDuCorps,3_CouleurDuCorps,3_CouleurDuCorps,3_CouleurDuCorps,3_CouleurDuCorps,3_CouleurDuCorps,3_CouleurDuCorps,3_CouleurDuCorps,3_CouleurDuCorps,3_CouleurDuCorps,3_CouleurDuCorps,3_CouleurDuCorps,3_CouleurDuCorps,3_CouleurDuCorps,3_CouleurDuCorps,3_CouleurDuCorps,3_CouleurDuCorps,3_CouleurDuCorps,3_CouleurDuCorps,3_CouleurDuCorps,3_CouleurDuCorps,3_CouleurDuCorps,3_CouleurDuCorps,3_CouleurDuCorps,3_CouleurDuCorps,3_CouleurDuCorps,3_CouleurDuCorps,3_CouleurDuCorps,3_CouleurDuCorps,3_CouleurDuCorps,3_CouleurDuCorps,3_CouleurDuCorps,3_CouleurDuCorps,3_CouleurDuCorps,3_CouleurDuCorps,3_CouleurDuCorps,3_CouleurDuCorps,3_CouleurDuCorps,3_CouleurDuCorps,3_CouleurDuCorps,3_CouleurDuCorps,3_CouleurDuCorps,3_CouleurDuCorps,3_CouleurDuCorps,3_CouleurDuCorps,3_CouleurDuCorps,3_CouleurDuCorps,3_CouleurDuCorps,3_CouleurDuCorps,3_CouleurDuCorps,3_CouleurDuCorps,3_CouleurDuCorps,3_CouleurDuCorps,3_CouleurDuCorps,3_CouleurDuCorps,3_CouleurDuCorps,3_CouleurDuCorps,3_CouleurDuCorps,3_CouleurDuCorps,3_CouleurDuCorps,3_CouleurDuCorps,3_CouleurDuCorps,3_CouleurDuCorps,3_CouleurDuCorps,3_CouleurDuCorps,3_CouleurDuCorps,3_CouleurDuCorps,3_CouleurDuCorps,3_CouleurDuCorps,3_CouleurDuCorps,3_CouleurDuCorps,3_CouleurDuCorps,3_CouleurDuCorps,3_CouleurDuCorps,3_CouleurDuCorps,3_CouleurDuCorps,3_CouleurDuCorps,3_CouleurDuCorps,3_CouleurDuCorps,3_CouleurDuCorps,3_CouleurDuCorps,3_CouleurDuCorps,3_CouleurDuCorps,3_CouleurDuCorps,3_CouleurDuCorps,3_CouleurDuCorps,3_CouleurDuCorps,3_CouleurDuCorps,3_CouleurDuCorps,3_CouleurDuCorps,3_CouleurDuCorps,3_CouleurDuCorps,3_CouleurDuCorps,3_CouleurDuCorps,3_CouleurDuCorps,3_CouleurDuCorps,3_CouleurDuCorps,3_CouleurDuCorps,3_CouleurDuCorps,3_CouleurDuCorps,3_CouleurDuCorps,3_CouleurDuCorps,3_CouleurDuCorps,3_CouleurDuCorps,3_CouleurDuCorps,3_CouleurDuCorps,3_CouleurDuCorps,3_CouleurDuCorps,3_CouleurDuCorps,3_CouleurDuCorps,3_CouleurDuCorps,3_CouleurDuCorps,3_CouleurDuCorps,3_CouleurDuCorps,3_CouleurDuCorps,3_CouleurDuCorps,3_CouleurDuCorps,3_CouleurDuCorps,3_CouleurDuCorps,3_CouleurDuCorps,3_CouleurDuCorps,3_CouleurDuCorps,3_CouleurDuCorps,3_CouleurDuCorps,3_CouleurDuCorps,3_CouleurDuCorps,3_CouleurDuCorps,3_CouleurDuCorps,3_CouleurDuCorps,3_CouleurDuCorps,3_CouleurDuCorps,3_CouleurDuCorps,3_CouleurDuCorps,3_CouleurDuCorps,3_CouleurDuCorps,3_CouleurDuCorps,3_CouleurDuCorps,3_CouleurDuCorps,3_CouleurDuCorps
ID,auto_beat,auto_pulse,clearAllLayers,clearCA,clearLayer,reset_camera,camera_BG_subtr,mute_second_screen,invertAllLayers,take_snapshots,cursorSize,auto_beat_duration,master,CAMixingWeight,CAMixingWeight_pulse,ClipArtMixingWeight,ClipArtMixingWeight_pulse,PartMixingWeight,PartMixingWeight_pulse,trackMixingWeight_0,trackMixingWeight_0_pulse,CAMasterWeight,CAMasterWeight_pulse,ClipArtMasterWeight,ClipArtMasterWeight_pulse,PartMasterWeight,PartMasterWeight_pulse,trackMasterWeight_0,trackMasterWeight_0_pulse,echo,echo_pulse,echoNeg,echoNeg_pulse,CAdecay,CAdecay_pulse,partDecay,partDecay_pulse,trkDecay_0,trkDecay_0_pulse,pen_radius,pen_radius_pulse,pen_position_pulse,pen_angle_pulse,pen_position_dash,pen_color,pen_color_pulse,pen_grey,pen_grey_pulse,pen_color_a,pen_color_a_pulse,pen_brush,pen_radius_replay,pen_radius_replay_pulse,pen_saturation_replay,pen_saturation_replay_pulse,pen_value_replay,pen_value_replay_pulse,pen_hue_replay,pen_hue_replay_pulse,pen_brush_replay,currentDrawingTrack,currentVideoTrack,currentPhotoTrack,currentMaskTrack,track_x_transl_0,track_x_transl_0_pulse,track_y_transl_0,track_y_transl_0_pulse,part_initialization,part_image_acceleration,part_path_repop_0,part_path_follow_0,part_path_repulse_0,path_record_1,path_replay_trackNo_1,part_size,part_size_pulse,part_acc,part_acc_pulse,part_damp,part_damp_pulse,part_gravity,part_gravity_pulse,pulsed_part_Vshift,noiseUpdateScale,noiseUpdateScale_pulse,noiseParticleScale,noiseParticleScale_pulse,part_field_weight,part_field_weight_pulse,part_damp_targtRad,part_timeToTargt,particle_type,partMove_target,partMove_rand,partExit_mode,partStroke_mode,partColor_mode,pixel_acc,pixel_acc_pulse,pixel_acc_shiftX,pixel_acc_shiftX_pulse,pixel_acc_shiftY,pixel_acc_shiftY_pulse,pixel_radius,pixel_radius_pulse,pixel_mode,repop_CA,repop_CA_pulse,repop_part,repop_part_pulse,repop_BG,repop_BG_pulse,repop_path,repop_path_pulse,BG_CA_repop_density,Part_repop_density,BG_CA_repop_color_mode,Part_repop_color_mode,repop_colorBG,repop_colorBG_pulse,repop_greyBG,repop_greyBG_pulse,repop_colorPart,repop_colorPart_pulse,repop_greyPart,repop_greyPart_pulse,repop_colorCA,repop_colorCA_pulse,repop_greyCA,repop_greyCA_pulse,activeClipArts,ClipArt_width,ClipArt_width_pulse,ClipArt_stroke_color_preset,ClipArt_stroke_color_preset_pulse,ClipArt_layer_1_color_preset,ClipArt_layer_1_color_preset_pulse,playing_soundtrackNo,CAParams1,CAParams1_pulse,nb_CATypes,CA1Type,CA1SubType,CA2Type,CA2SubType,CA1_CA2_weight,flashPartCA_freq,flashTrkCA_freq_0,flashTrkCA_freq_1,flashTrkCA_freq_2,flashTrkCA_freq_3,flashCABG_freq,flashPartBG_freq,flashTrkBG_freq_1,flashTrkBG_freq_2,flashTrkBG_freq_3,flashCAPart_freq,flashTrkPart_freq_0,flashTrkPart_freq_1,flashTrkPart_freq_2,flashTrkPart_freq_3,flashParticleInit_freq,flashPixel_freq,flashPixel_duration,master_scale,master_scale_pulse,master_scale_ratio,master_offsetX,master_offsetY,master_mask_opacity_1,beat_threshold,beat_delay,sound_volume,sound_min,pen_radius_pressure_coef,pen_radius_angleHor_coef,pen_radius_angleVer_coef,tracksSync,CAstep,CAcolorSpread,freeze,sound_env_min,sound_env_max,audioInput_weight,soundtrack_PA_weight,soundtrack_PD_weight,path_replay_loop,master_crop_x,master_crop_y,master_crop_width,blurRadius_1,blurRadius_2,video_white,video_white_pulse,screen_drawing_no,master_mask,master_mask_scale,master_mask_scale_ratio,master_mask_offsetX,master_mask_offsetY,currentLightScene,directRenderingwithoutMeshScreen1,Song_CA_color_mode
,0,0,0,0,0,0,1,0,0,1,2,1.000000,1.000000,0.000000,0.000000,0,0,0.000000,0.000000,1.000000/0.000000/0.000000/0.000000,0.000000/0.000000/0.000000/0.000000,1.000000,0.000000,0,0,0.000000,0.000000,0.000000/1.000000/1.000000/1.000000,0.000000/0.000000/0.000000/0.000000,0.999600,0.000000,0.978300,0.000000,0.054010,0.803440,0.000000,0.000000,0.000000/0.000000/0.000000/-0.001660,0.000000/0.000000/0.000000/0.000000,45,0.000000,0.000000,0.000000,0,0.165930,0.000000,0.000000,0.000000,0.191800,0.000000,0,1,0,0.000000,0.000000,0.000000,0.000000,0.000000,0.000000,0,2,2,2,-1,0.000000/0.000000,0.000000/0.000000,0.000000/0.000000,0.000000/0.000000,-1,-1,0/0/0/0/0/0/0/0/0/0/0/0,0/0/0/0/0/0/0/0/0/0/0/0,0/0/0/0/0/0/0/0/0/0/0/0,0/0/0/0/0/0/0/0/0/0/0,-1/-1/-1/-1/-1/-1/-1/-1/-1/-1/-1,3.000000,0.000000,0.000000,0.000000,0.000000,0.000000,0.000000,0.000000,0.000000,0.040000,0.000000,0.040000,0.000000,0.000000,0.000000,0.000000,0.000000,0,0,0,0,0,1,0.000100,0.000000,0.000000,0.000000,0.000000,0.000000,0.000000,0.000000,1,0.000000,0.000000,0.000000,0.000000,0.000000,0.000000,0.000000,0.000000,1,-1,1,-1,0.428600,-0.200000,1.000000,0.000000,0.428600,0.100000,1.000000,0.000000,0.428600,-0.100000,1.000000,0.000000,0,0.1,0,-1,0,-1/-1/-1/-1/-1/-1/-1/-1,0/0/0/0/0/0/0/0,-1,0.393673/0.102449/0.535510/0.165306/0.196939/0.322857/0.307143/0.000000,0.000000/0.000000/0.000000/0.000000/0.000000/0.000000/0.000000/0.000000,7,1,1,0,0,1.000000,0,0,0,0,0,0,0,0,0,0,0,0,0,0,0,0,0,1,1.000000,0.000000,1.000000,0.000000,0.000000,0.000000/1.000000/0.000000/0.000000/0.000000,0.130000,150.000000,2.000000,0.000000,0.158920,0.000000,0.000000,0,1,1,0,40.000000,85.000000,1.000000,1.000000,1.000000,1,0.000000,1920.000000,0.000000,10,3,0.000000,0.000000,0,0.000000,1.000000,1.000000,0.000000,0.000000,-1,1,0
,0,0,0,0,0,0,1,0,0,1,2,1.000000,1.000000,0.000000,0.000000,0,0,0.000000,0.000000,1.000000/0.000000/0.000000/0.000000,0.000000/0.000000/0.000000/0.000000,1.000000,0.000000,0,0,0.000000,0.000000,0.000000/1.000000/1.000000/1.000000,0.000000/0.000000/0.000000/0.000000,0.999600,0.000000,0.978300,0.000000,0.054010,0.803440,0.000000,0.000000,0.000000/0.000000/0.000000/-0.001660,0.000000/0.000000/0.000000/0.000000,45,0.000000,0.000000,0.000000,0,0.165930,0.000000,0.000000,0.000000,0.191800,0.000000,0,1,0,0.000000,0.000000,0.000000,0.000000,0.000000,0.000000,0,2,2,2,-1,0.000000/0.000000,0.000000/0.000000,0.000000/0.000000,0.000000/0.000000,-1,-1,0/0/0/0/0/0/0/0/0/0/0/0,0/0/0/0/0/0/0/0/0/0/0/0,0/0/0/0/0/0/0/0/0/0/0/0,0/0/0/0/0/0/0/0/0/0/0,-1/-1/-1/-1/-1/-1/-1/-1/-1/-1/-1,3.000000,0.000000,0.000000,0.000000,0.000000,0.000000,0.000000,0.000000,0.000000,0.040000,0.000000,0.040000,0.000000,0.000000,0.000000,0.000000,0.000000,0,0,0,0,0,1,0.000100,0.000000,0.000000,0.000000,0.000000,0.000000,0.000000,0.000000,1,0.000000,0.000000,0.000000,0.000000,0.000000,0.000000,0.000000,0.000000,1,-1,1,-1,0.428600,-0.200000,1.000000,0.000000,0.428600,0.100000,1.000000,0.000000,0.428600,-0.100000,1.000000,0.000000,0,0.1,0,-1,0,-1/-1/-1/-1/-1/-1/-1/-1,0/0/0/0/0/0/0/0,-1,0.393673/0.102449/0.535510/0.165306/0.196939/0.322857/0.307143/0.000000,0.000000/0.000000/0.000000/0.000000/0.000000/0.000000/0.000000/0.000000,7,1,1,0,0,1.000000,0,0,0,0,0,0,0,0,0,0,0,0,0,0,0,0,0,1,1.000000,0.000000,1.000000,0.000000,0.000000,0.000000/1.000000/0.000000/0.000000/0.000000,0.130000,150.000000,2.000000,0.000000,0.158920,0.000000,0.000000,0,1,1,0,40.000000,85.000000,1.000000,1.000000,1.000000,1,0.000000,1920.000000,0.000000,10,3,0.000000,0.000000,0,0.000000,1.000000,1.000000,0.000000,0.000000,-1,1,0
,k,k,s,s,s,s,s,s,s,s,s,s,s,s,s,s,s,s,s,s,s,s,s,s,s,s,s,s,s,s,s,s,s,s,s,s,s,s,s,s,s,s,s,s,s,s,s,s,s,s,s,s,s,s,s,s,s,s,s,s,s,s,s,s,s,s,s,s,s,s,s,s,s,s,s,l,s,l,s,s,s,s,s,s,s,s,s,s,s,s,s,s,s,s,s,s,s,s,s,s,s,s,s,s,s,s,s,s,s,s,s,s,s,s,s,s,s,s,s,s,s,s,s,s,s,s,s,s,s,s,s,s,s,s,s,s,s,s,s,s,s,s,s,s,s,s,s,s,s,s,s,s,s,s,s,s,s,s,s,s,s,s,s,s,s,s,s,s,s,s,s,k,k,k,k,s,s,s,s,s,s,s,s,s,s,s,s,s,s,s,s,s,s,s,s,s,s,s,s,s,s,s,s,s
/scene,,,,,,,,,,,,,,,,,,,,,,,,,,,,,,,,,,,,,,,,,,,,,,,,,,,,,,,,,,,,,,,,,,,,,,,,,,,,,,,,,,,,,,,,,,,,,,,,,,,,,,,,,,,,,,,,,,,,,,,,,,,,,,,,,,,,,,,,,,,,,,,,,,,,,,,,,,,,,,,,,,,,,,,,,,,,,,,,,,,,,,,,,,,,,,,,,,,,,,,,,,,,,,,,,,,,,,,,,,,,,,,,,,,,,,,,,,,,,,,,,,,,,,,,,,,,,,,,,,,,,,,,,,,,,,,,,,,,,,,,,,,,,,,,,,,,,,,,,,,,,,,,,,,,,,,
scene,3_Grenades,120,prolong_when_ends,,,,,,,,,,,,,,,,,,,,,,,,,,,,,,,,,,,,,,,,,,,,,,,,,,,,,,,,,,,,,,,,,,,,,,,,,,,,,,,,,,,,,,,,,,,,,,,,,,,,,,,,,,,,,,,,,,,,,,,,,,,,,,,,,,,,,,,,,,,,,,,,,,,,,,,,,,,,,,,,,,,,,,,,,,,,,,,,,,,,,,,,,,,,,,,,,,,,,,,,,,,,,,,,,,,,,,,,,,,,,,,,,,,,,,,,,,,,,,,,,,,,,,,,,,,,,,,,,,,,,,,,,,,,,,,,,,,,,,,,,,,,,,,,,,,,,,,,,,,,,,,,,,,,
3,3_Grenades,3_Grenades,3_Grenades,3_Grenades,3_Grenades,3_Grenades,3_Grenades,3_Grenades,3_Grenades,3_Grenades,3_Grenades,3_Grenades,3_Grenades,3_Grenades,3_Grenades,3_Grenades,3_Grenades,3_Grenades,3_Grenades,3_Grenades,3_Grenades,3_Grenades,3_Grenades,3_Grenades,3_Grenades,3_Grenades,3_Grenades,3_Grenades,3_Grenades,3_Grenades,3_Grenades,3_Grenades,3_Grenades,3_Grenades,3_Grenades,3_Grenades,3_Grenades,3_Grenades,3_Grenades,3_Grenades,3_Grenades,3_Grenades,3_Grenades,3_Grenades,3_Grenades,3_Grenades,3_Grenades,3_Grenades,3_Grenades,3_Grenades,3_Grenades,3_Grenades,3_Grenades,3_Grenades,3_Grenades,3_Grenades,3_Grenades,3_Grenades,3_Grenades,3_Grenades,3_Grenades,3_Grenades,3_Grenades,3_Grenades,3_Grenades,3_Grenades,3_Grenades,3_Grenades,3_Grenades,3_Grenades,3_Grenades,3_Grenades,3_Grenades,3_Grenades,3_Grenades,3_Grenades,3_Grenades,3_Grenades,3_Grenades,3_Grenades,3_Grenades,3_Grenades,3_Grenades,3_Grenades,3_Grenades,3_Grenades,3_Grenades,3_Grenades,3_Grenades,3_Grenades,3_Grenades,3_Grenades,3_Grenades,3_Grenades,3_Grenades,3_Grenades,3_Grenades,3_Grenades,3_Grenades,3_Grenades,3_Grenades,3_Grenades,3_Grenades,3_Grenades,3_Grenades,3_Grenades,3_Grenades,3_Grenades,3_Grenades,3_Grenades,3_Grenades,3_Grenades,3_Grenades,3_Grenades,3_Grenades,3_Grenades,3_Grenades,3_Grenades,3_Grenades,3_Grenades,3_Grenades,3_Grenades,3_Grenades,3_Grenades,3_Grenades,3_Grenades,3_Grenades,3_Grenades,3_Grenades,3_Grenades,3_Grenades,3_Grenades,3_Grenades,3_Grenades,3_Grenades,3_Grenades,3_Grenades,3_Grenades,3_Grenades,3_Grenades,3_Grenades,3_Grenades,3_Grenades,3_Grenades,3_Grenades,3_Grenades,3_Grenades,3_Grenades,3_Grenades,3_Grenades,3_Grenades,3_Grenades,3_Grenades,3_Grenades,3_Grenades,3_Grenades,3_Grenades,3_Grenades,3_Grenades,3_Grenades,3_Grenades,3_Grenades,3_Grenades,3_Grenades,3_Grenades,3_Grenades,3_Grenades,3_Grenades,3_Grenades,3_Grenades,3_Grenades,3_Grenades,3_Grenades,3_Grenades,3_Grenades,3_Grenades,3_Grenades,3_Grenades,3_Grenades,3_Grenades,3_Grenades,3_Grenades,3_Grenades,3_Grenades,3_Grenades,3_Grenades,3_Grenades,3_Grenades,3_Grenades,3_Grenades,3_Grenades,3_Grenades,3_Grenades,3_Grenades,3_Grenades,3_Grenades,3_Grenades,3_Grenades,3_Grenades,3_Grenades,3_Grenades,3_Grenades,3_Grenades,3_Grenades
ID,auto_beat,auto_pulse,clearAllLayers,clearCA,clearLayer,reset_camera,camera_BG_subtr,mute_second_screen,invertAllLayers,take_snapshots,cursorSize,auto_beat_duration,master,CAMixingWeight,CAMixingWeight_pulse,ClipArtMixingWeight,ClipArtMixingWeight_pulse,PartMixingWeight,PartMixingWeight_pulse,trackMixingWeight_0,trackMixingWeight_0_pulse,CAMasterWeight,CAMasterWeight_pulse,ClipArtMasterWeight,ClipArtMasterWeight_pulse,PartMasterWeight,PartMasterWeight_pulse,trackMasterWeight_0,trackMasterWeight_0_pulse,echo,echo_pulse,echoNeg,echoNeg_pulse,CAdecay,CAdecay_pulse,partDecay,partDecay_pulse,trkDecay_0,trkDecay_0_pulse,pen_radius,pen_radius_pulse,pen_position_pulse,pen_angle_pulse,pen_position_dash,pen_color,pen_color_pulse,pen_grey,pen_grey_pulse,pen_color_a,pen_color_a_pulse,pen_brush,pen_radius_replay,pen_radius_replay_pulse,pen_saturation_replay,pen_saturation_replay_pulse,pen_value_replay,pen_value_replay_pulse,pen_hue_replay,pen_hue_replay_pulse,pen_brush_replay,currentDrawingTrack,currentVideoTrack,currentPhotoTrack,currentMaskTrack,track_x_transl_0,track_x_transl_0_pulse,track_y_transl_0,track_y_transl_0_pulse,part_initialization,part_image_acceleration,part_path_repop_0,part_path_follow_0,part_path_repulse_0,path_record_1,path_replay_trackNo_1,part_size,part_size_pulse,part_acc,part_acc_pulse,part_damp,part_damp_pulse,part_gravity,part_gravity_pulse,pulsed_part_Vshift,noiseUpdateScale,noiseUpdateScale_pulse,noiseParticleScale,noiseParticleScale_pulse,part_field_weight,part_field_weight_pulse,part_damp_targtRad,part_timeToTargt,particle_type,partMove_target,partMove_rand,partExit_mode,partStroke_mode,partColor_mode,pixel_acc,pixel_acc_pulse,pixel_acc_shiftX,pixel_acc_shiftX_pulse,pixel_acc_shiftY,pixel_acc_shiftY_pulse,pixel_radius,pixel_radius_pulse,pixel_mode,repop_CA,repop_CA_pulse,repop_part,repop_part_pulse,repop_BG,repop_BG_pulse,repop_path,repop_path_pulse,BG_CA_repop_density,Part_repop_density,BG_CA_repop_color_mode,Part_repop_color_mode,repop_colorBG,repop_colorBG_pulse,repop_greyBG,repop_greyBG_pulse,repop_colorPart,repop_colorPart_pulse,repop_greyPart,repop_greyPart_pulse,repop_colorCA,repop_colorCA_pulse,repop_greyCA,repop_greyCA_pulse,activeClipArts,ClipArt_width,ClipArt_width_pulse,ClipArt_stroke_color_preset,ClipArt_stroke_color_preset_pulse,ClipArt_layer_1_color_preset,ClipArt_layer_1_color_preset_pulse,playing_soundtrackNo,CAParams1,CAParams1_pulse,nb_CATypes,CA1Type,CA1SubType,CA2Type,CA2SubType,CA1_CA2_weight,flashPartCA_freq,flashTrkCA_freq_0,flashTrkCA_freq_1,flashTrkCA_freq_2,flashTrkCA_freq_3,flashCABG_freq,flashPartBG_freq,flashTrkBG_freq_1,flashTrkBG_freq_2,flashTrkBG_freq_3,flashCAPart_freq,flashTrkPart_freq_0,flashTrkPart_freq_1,flashTrkPart_freq_2,flashTrkPart_freq_3,flashParticleInit_freq,flashPixel_freq,flashPixel_duration,master_scale,master_scale_pulse,master_scale_ratio,master_offsetX,master_offsetY,master_mask_opacity_1,beat_threshold,beat_delay,sound_volume,sound_min,pen_radius_pressure_coef,pen_radius_angleHor_coef,pen_radius_angleVer_coef,tracksSync,CAstep,CAcolorSpread,freeze,sound_env_min,sound_env_max,audioInput_weight,soundtrack_PA_weight,soundtrack_PD_weight,path_replay_loop,master_crop_x,master_crop_y,master_crop_width,blurRadius_1,blurRadius_2,video_white,video_white_pulse,screen_drawing_no,master_mask,master_mask_scale,master_mask_scale_ratio,master_mask_offsetX,master_mask_offsetY,currentLightScene,directRenderingwithoutMeshScreen1,Song_CA_color_mode
,0,0,0,0,0,0,1,0,0,1,8,1.000000,1.000000,0.000000,0.000000,0,0,0.000000,0.000000,1.000000/0.000000/0.000000/0.000000,0.000000/0.000000/0.000000/0.000000,0,0.000000,0,0,0.000000,0.000000,0.000000/1.000000/1.000000/1.000000,0.000000/0.000000/0.000000/0.000000,0.999600,0.000000,0.978300,0.000000,0.252700,-1.000000,0.000000,0.000000,0.000000/0.000410/0.000000/-0.001660,0.000000/0.000000/0.000000/0.000000,20,0.000000,0.000000,0.000000,0,0.357260,0.033,0.000000,0.000000,0.191800,0.000000,0,1,0,0.000000,0.000000,0.000000,0.000000,0.000000,0.000000,0,1,2,2,-1,0.000000/0.000000,0.000000/0.000000,0.000000/0.000000,0.000000/0.000000,-1,-1,0/0/0/0/0/0/0/0/0/0/0/0,0/0/0/0/0/0/0/0/0/0/0/0,0/0/0/0/0/0/0/0/0/0/0/0,0/0/0/0/0/0/0/0/0/0/0,-1/-1/-1/-1/-1/-1/-1/-1/-1/-1/-1,3.000000,0.000000,0.000000,0.000000,0.000000,0.000000,0.000000,0.000000,0.000000,0.040000,0.000000,0.040000,0.000000,0.000000,0.000000,0.000000,0.000000,0,0,0,0,0,1,0.000100,0.000000,0.000000,0.000000,0.000000,0.000000,0.000000,0.000000,1,0.000000,0.000000,0.000000,0.000000,0.000000,0.000000,0.000000,0.000000,1,-1,1,-1,0.428600,-0.200000,1.000000,0.000000,0.428600,0.100000,1.000000,0.000000,0.428600,-0.100000,1.000000,0.000000,0,0.1,0,-1,0,-1/-1/-1/-1/-1/-1/-1/-1,0/0/0/0/0/0/0/0,-1,0.708950/0.618920/0.464060/0.309210/0.618020/0.286700/0.308310/0.000000,-1.000000/0.112180/-0.824150/0.570990/-1.000000/0.000000/0.000000/0.000000,7,2,1,0,0,1.000000,0,0,9,0,0,0,0,0,0,0,0,0,0,0,0,0,0,1,1.000000,0.000000,1.000000,0.000000,0.000000,0.000000/1.000000/0.000000/0.000000/0.000000,0.130000,150.000000,2.000000,0.000000,0.158920,0.000000,0.000000,0,1,1,0,40.000000,85.000000,1.000000,1.000000,1.000000,1,0.000000,1920.000000,0.000000,10,3,0.000000,0.000000,0,0.000000,1.000000,1.000000,0.000000,0.000000,-1,1,1
,0,0,0,0,0,0,1,0,0,1,8,1.000000,1.000000,0.000000,0.000000,0,0,0.000000,0.000000,1.000000/0.000000/0.000000/0.000000,0.000000/0.000000/0.000000/0.000000,1,0.000000,0,0,0.000000,0.000000,0.000000/1.000000/1.000000/1.000000,0.000000/0.000000/0.000000/0.000000,0.999600,0.000000,0.978300,0.000000,0.252700,-1.000000,0.000000,0.000000,0.000000/0.000410/0.000000/-0.001660,0.000000/0.000000/0.000000/0.000000,20,0.000000,0.000000,0.000000,0,0.357260,0.033,0.000000,0.000000,0.191800,0.000000,0,1,0,0.000000,0.000000,0.000000,0.000000,0.000000,0.000000,0,1,2,2,-1,0.000000/0.000000,0.000000/0.000000,0.000000/0.000000,0.000000/0.000000,-1,-1,0/0/0/0/0/0/0/0/0/0/0/0,0/0/0/0/0/0/0/0/0/0/0/0,0/0/0/0/0/0/0/0/0/0/0/0,0/0/0/0/0/0/0/0/0/0/0,-1/-1/-1/-1/-1/-1/-1/-1/-1/-1/-1,3.000000,0.000000,0.000000,0.000000,0.000000,0.000000,0.000000,0.000000,0.000000,0.040000,0.000000,0.040000,0.000000,0.000000,0.000000,0.000000,0.000000,0,0,0,0,0,1,0.000100,0.000000,0.000000,0.000000,0.000000,0.000000,0.000000,0.000000,1,0.000000,0.000000,0.000000,0.000000,0.000000,0.000000,0.000000,0.000000,1,-1,1,-1,0.428600,-0.200000,1.000000,0.000000,0.428600,0.100000,1.000000,0.000000,0.428600,-0.100000,1.000000,0.000000,0,0.1,0,-1,0,-1/-1/-1/-1/-1/-1/-1/-1,0/0/0/0/0/0/0/0,-1,0.708950/0.618920/0.464060/0.309210/0.618020/0.286700/0.308310/0.000000,-1.000000/0.112180/-0.824150/0.570990/-1.000000/0.000000/0.000000/0.000000,7,2,1,0,0,1.000000,0,0,9,0,0,0,0,0,0,0,0,0,0,0,0,0,0,1,1.000000,0.000000,1.000000,0.000000,0.000000,0.000000/1.000000/0.000000/0.000000/0.000000,0.130000,150.000000,2.000000,0.000000,0.158920,0.000000,0.000000,0,1,1,0,40.000000,85.000000,1.000000,1.000000,1.000000,1,0.000000,1920.000000,0.000000,10,3,0.000000,0.000000,0,0.000000,1.000000,1.000000,0.000000,0.000000,-1,1,1
,k,k,s,s,s,s,s,s,s,s,s,s,s,s,s,s,s,s,s,s,s,L 20.s 25.s,s,s,s,s,s,s,s,s,s,s,s,s,s,s,s,s,s,s,s,s,s,s,s,s,s,s,s,s,s,s,s,s,s,s,s,s,s,s,s,s,s,s,s,s,s,s,s,s,s,s,s,s,s,l,s,l,s,s,s,s,s,s,s,s,s,s,s,s,s,s,s,s,s,s,s,s,s,s,s,s,s,s,s,s,s,s,s,s,s,s,s,s,s,s,s,s,s,s,s,s,s,s,s,s,s,s,s,s,s,s,s,s,s,s,s,s,s,s,s,s,s,s,s,s,s,s,s,s,s,s,s,s,s,s,s,s,s,s,s,s,s,s,s,s,s,s,s,s,s,k,k,k,k,s,s,s,s,s,s,s,s,s,s,s,s,s,s,s,s,s,s,s,s,s,s,s,s,s,s,s,s,s
/scene,,,,,,,,,,,,,,,,,,,,,,,,,,,,,,,,,,,,,,,,,,,,,,,,,,,,,,,,,,,,,,,,,,,,,,,,,,,,,,,,,,,,,,,,,,,,,,,,,,,,,,,,,,,,,,,,,,,,,,,,,,,,,,,,,,,,,,,,,,,,,,,,,,,,,,,,,,,,,,,,,,,,,,,,,,,,,,,,,,,,,,,,,,,,,,,,,,,,,,,,,,,,,,,,,,,,,,,,,,,,,,,,,,,,,,,,,,,,,,,,,,,,,,,,,,,,,,,,,,,,,,,,,,,,,,,,,,,,,,,,,,,,,,,,,,,,,,,,,,,,,,,,,,,,,,,
/scenario,,,,,,,,,,,,,,,,,,,,,,,,,,,,,,,,,,,,,,,,,,,,,,,,,,,,,,,,,,,,,,,,,,,,,,,,,,,,,,,,,,,,,,,,,,,,,,,,,,,,,,,,,,,,,,,,,,,,,,,,,,,,,,,,,,,,,,,,,,,,,,,,,,,,,,,,,,,,,,,,,,,,,,,,,,,,,,,,,,,,,,,,,,,,,,,,,,,,,,,,,,,,,,,,,,,,,,,,,,,,,,,,,,,,,,,,,,,,,,,,,,,,,,,,,,,,,,,,,,,,,,,,,,,,,,,,,,,,,,,,,,,,,,,,,,,,,,,,,,,,,,,,,,,,,,,
videos,0,,,,,,,,,,,,,,,,,,,,,,,,,,,,,,,,,,,,,,,,,,,,,,,,,,,,,,,,,,,,,,,,,,,,,,,,,,,,,,,,,,,,,,,,,,,,,,,,,,,,,,,,,,,,,,,,,,,,,,,,,,,,,,,,,,,,,,,,,,,,,,,,,,,,,,,,,,,,,,,,,,,,,,,,,,,,,,,,,,,,,,,,,,,,,,,,,,,,,,,,,,,,,,,,,,,,,,,,,,,,,,,,,,,,,,,,,,,,,,,,,,,,,,,,,,,,,,,,,,,,,,,,,,,,,,,,,,,,,,,,,,,,,,,,,,,,,,,,,,,,,,,,,,,,,,
/videos,,,,,,,,,,,,,,,,,,,,,,,,,,,,,,,,,,,,,,,,,,,,,,,,,,,,,,,,,,,,,,,,,,,,,,,,,,,,,,,,,,,,,,,,,,,,,,,,,,,,,,,,,,,,,,,,,,,,,,,,,,,,,,,,,,,,,,,,,,,,,,,,,,,,,,,,,,,,,,,,,,,,,,,,,,,,,,,,,,,,,,,,,,,,,,,,,,,,,,,,,,,,,,,,,,,,,,,,,,,,,,,,,,,,,,,,,,,,,,,,,,,,,,,,,,,,,,,,,,,,,,,,,,,,,,,,,,,,,,,,,,,,,,,,,,,,,,,,,,,,,,,,,,,,,,,
clips,0,width,height,cropped_width,cropped_height,,,,,,,,,,,,,,,,,,,,,,,,,,,,,,,,,,,,,,,,,,,,,,,,,,,,,,,,,,,,,,,,,,,,,,,,,,,,,,,,,,,,,,,,,,,,,,,,,,,,,,,,,,,,,,,,,,,,,,,,,,,,,,,,,,,,,,,,,,,,,,,,,,,,,,,,,,,,,,,,,,,,,,,,,,,,,,,,,,,,,,,,,,,,,,,,,,,,,,,,,,,,,,,,,,,,,,,,,,,,,,,,,,,,,,,,,,,,,,,,,,,,,,,,,,,,,,,,,,,,,,,,,,,,,,,,,,,,,,,,,,,,,,,,,,,,,,,,,,,,,,,,,,
/clips,,,,,,,,,,,,,,,,,,,,,,,,,,,,,,,,,,,,,,,,,,,,,,,,,,,,,,,,,,,,,,,,,,,,,,,,,,,,,,,,,,,,,,,,,,,,,,,,,,,,,,,,,,,,,,,,,,,,,,,,,,,,,,,,,,,,,,,,,,,,,,,,,,,,,,,,,,,,,,,,,,,,,,,,,,,,,,,,,,,,,,,,,,,,,,,,,,,,,,,,,,,,,,,,,,,,,,,,,,,,,,,,,,,,,,,,,,,,,,,,,,,,,,,,,,,,,,,,,,,,,,,,,,,,,,,,,,,,,,,,,,,,,,,,,,,,,,,,,,,,,,,,,,,,,,,
photos,1, ,,,,,,,,,,,,,,,,,,,,,,,,,,,,,,,,,,,,,,,,,,,,,,,,,,,,,,,,,,,,,,,,,,,,,,,,,,,,,,,,,,,,,,,,,,,,,,,,,,,,,,,,,,,,,,,,,,,,,,,,,,,,,,,,,,,,,,,,,,,,,,,,,,,,,,,,,,,,,,,,,,,,,,,,,,,,,,,,,,,,,,,,,,,,,,,,,,,,,,,,,,,,,,,,,,,,,,,,,,,,,,,,,,,,,,,,,,,,,,,,,,,,,,,,,,,,,,,,,,,,,,,,,,,,,,,,,,,,,,,,,,,,,,,,,,,,,,,,,,,,,,,,,,,,,
album,images/Song/,,,,,,,,,,,,,,,,,,,,,,,,,,,,,,,,,,,,,,,,,,,,,,,,,,,,,,,,,,,,,,,,,,,,,,,,,,,,,,,,,,,,,,,,,,,,,,,,,,,,,,,,,,,,,,,,,,,,,,,,,,,,,,,,,,,,,,,,,,,,,,,,,,,,,,,,,,,,,,,,,,,,,,,,,,,,,,,,,,,,,,,,,,,,,,,,,,,,,,,,,,,,,,,,,,,,,,,,,,,,,,,,,,,,,,,,,,,,,,,,,,,,,,,,,,,,,,,,,,,,,,,,,,,,,,,,,,,,,,,,,,,,,,,,,,,,,,,,,,,,,,,,,,,,,,
/photos,,,,,,,,,,,,,,,,,,,,,,,,,,,,,,,,,,,,,,,,,,,,,,,,,,,,,,,,,,,,,,,,,,,,,,,,,,,,,,,,,,,,,,,,,,,,,,,,,,,,,,,,,,,,,,,,,,,,,,,,,,,,,,,,,,,,,,,,,,,,,,,,,,,,,,,,,,,,,,,,,,,,,,,,,,,,,,,,,,,,,,,,,,,,,,,,,,,,,,,,,,,,,,,,,,,,,,,,,,,,,,,,,,,,,,,,,,,,,,,,,,,,,,,,,,,,,,,,,,,,,,,,,,,,,,,,,,,,,,,,,,,,,,,,,,,,,,,,,,,,,,,,,,,,,,,
soundtracks,0,,,,,,,,,,,,,,,,,,,,,,,,,,,,,,,,,,,,,,,,,,,,,,,,,,,,,,,,,,,,,,,,,,,,,,,,,,,,,,,,,,,,,,,,,,,,,,,,,,,,,,,,,,,,,,,,,,,,,,,,,,,,,,,,,,,,,,,,,,,,,,,,,,,,,,,,,,,,,,,,,,,,,,,,,,,,,,,,,,,,,,,,,,,,,,,,,,,,,,,,,,,,,,,,,,,,,,,,,,,,,,,,,,,,,,,,,,,,,,,,,,,,,,,,,,,,,,,,,,,,,,,,,,,,,,,,,,,,,,,,,,,,,,,,,,,,,,,,,,,,,,,,,,,,,,
/soundtracks,,,,,,,,,,,,,,,,,,,,,,,,,,,,,,,,,,,,,,,,,,,,,,,,,,,,,,,,,,,,,,,,,,,,,,,,,,,,,,,,,,,,,,,,,,,,,,,,,,,,,,,,,,,,,,,,,,,,,,,,,,,,,,,,,,,,,,,,,,,,,,,,,,,,,,,,,,,,,,,,,,,,,,,,,,,,,,,,,,,,,,,,,,,,,,,,,,,,,,,,,,,,,,,,,,,,,,,,,,,,,,,,,,,,,,,,,,,,,,,,,,,,,,,,,,,,,,,,,,,,,,,,,,,,,,,,,,,,,,,,,,,,,,,,,,,,,,,,,,,,,,,,,,,,,,,
svg_paths,0,path_No,track_No,radius,color_r,color_g,color_b,readSpeedScale,,,,,,,,,,,,,,,,,,,,,,,,,,,,,,,,,,,,,,,,,,,,,,,,,,,,,,,,,,,,,,,,,,,,,,,,,,,,,,,,,,,,,,,,,,,,,,,,,,,,,,,,,,,,,,,,,,,,,,,,,,,,,,,,,,,,,,,,,,,,,,,,,,,,,,,,,,,,,,,,,,,,,,,,,,,,,,,,,,,,,,,,,,,,,,,,,,,,,,,,,,,,,,,,,,,,,,,,,,,,,,,,,,,,,,,,,,,,,,,,,,,,,,,,,,,,,,,,,,,,,,,,,,,,,,,,,,,,,,,,,,,,,,,,,,,,,,,,,,,,,,,
/svg_paths,,,,,,,,,,,,,,,,,,,,,,,,,,,,,,,,,,,,,,,,,,,,,,,,,,,,,,,,,,,,,,,,,,,,,,,,,,,,,,,,,,,,,,,,,,,,,,,,,,,,,,,,,,,,,,,,,,,,,,,,,,,,,,,,,,,,,,,,,,,,,,,,,,,,,,,,,,,,,,,,,,,,,,,,,,,,,,,,,,,,,,,,,,,,,,,,,,,,,,,,,,,,,,,,,,,,,,,,,,,,,,,,,,,,,,,,,,,,,,,,,,,,,,,,,,,,,,,,,,,,,,,,,,,,,,,,,,,,,,,,,,,,,,,,,,,,,,,,,,,,,,,,,,,,,,,
clip_arts,1,nb_layers,scale,translation_x,translation_y,rotation,color,,,,,,,,,,,,,,,,,,,,,,,,,,,,,,,,,,,,,,,,,,,,,,,,,,,,,,,,,,,,,,,,,,,,,,,,,,,,,,,,,,,,,,,,,,,,,,,,,,,,,,,,,,,,,,,,,,,,,,,,,,,,,,,,,,,,,,,,,,,,,,,,,,,,,,,,,,,,,,,,,,,,,,,,,,,,,,,,,,,,,,,,,,,,,,,,,,,,,,,,,,,,,,,,,,,,,,,,,,,,,,,,,,,,,,,,,,,,,,,,,,,,,,,,,,,,,,,,,,,,,,,,,,,,,,,,,,,,,,,,,,,,,,,,,,,,,,,,,,,,,,,,
clip_art,Song/SoS_wall_8_paths.svg,8,3.75,0,0,0,white,,,,,,,,,,,,,,,,,,,,,,,,,,,,,,,,,,,,,,,,,,,,,,,,,,,,,,,,,,,,,,,,,,,,,,,,,,,,,,,,,,,,,,,,,,,,,,,,,,,,,,,,,,,,,,,,,,,,,,,,,,,,,,,,,,,,,,,,,,,,,,,,,,,,,,,,,,,,,,,,,,,,,,,,,,,,,,,,,,,,,,,,,,,,,,,,,,,,,,,,,,,,,,,,,,,,,,,,,,,,,,,,,,,,,,,,,,,,,,,,,,,,,,,,,,,,,,,,,,,,,,,,,,,,,,,,,,,,,,,,,,,,,,,,,,,,,,,,,,,,,,,,
/clip_arts,,,,,,,,,,,,,,,,,,,,,,,,,,,,,,,,,,,,,,,,,,,,,,,,,,,,,,,,,,,,,,,,,,,,,,,,,,,,,,,,,,,,,,,,,,,,,,,,,,,,,,,,,,,,,,,,,,,,,,,,,,,,,,,,,,,,,,,,,,,,,,,,,,,,,,,,,,,,,,,,,,,,,,,,,,,,,,,,,,,,,,,,,,,,,,,,,,,,,,,,,,,,,,,,,,,,,,,,,,,,,,,,,,,,,,,,,,,,,,,,,,,,,,,,,,,,,,,,,,,,,,,,,,,,,,,,,,,,,,,,,,,,,,,,,,,,,,,,,,,,,,,,,,,,,,,
textures,12,suffix,usage,rank,dimension,nb_3D_textures,size_x,size_y,nb_bytes_per_pixel,is_rectangle,invert,,,,,,,,,,,,,,,,,,,,,,,,,,,,,,,,,,,,,,,,,,,,,,,,,,,,,,,,,,,,,,,,,,,,,,,,,,,,,,,,,,,,,,,,,,,,,,,,,,,,,,,,,,,,,,,,,,,,,,,,,,,,,,,,,,,,,,,,,,,,,,,,,,,,,,,,,,,,,,,,,,,,,,,,,,,,,,,,,,,,,,,,,,,,,,,,,,,,,,,,,,,,,,,,,,,,,,,,,,,,,,,,,,,,,,,,,,,,,,,,,,,,,,,,,,,,,,,,,,,,,,,,,,,,,,,,,,,,,,,,,,,,,,,,,,,,,,,,,,,,
texture,Foret/master_mask,.png,master_mask,1,2,1,1920,1080,4,TRUE,FALSE,,,,,,,,,,,,,,,,,,,,,,,,,,,,,,,,,,,,,,,,,,,,,,,,,,,,,,,,,,,,,,,,,,,,,,,,,,,,,,,,,,,,,,,,,,,,,,,,,,,,,,,,,,,,,,,,,,,,,,,,,,,,,,,,,,,,,,,,,,,,,,,,,,,,,,,,,,,,,,,,,,,,,,,,,,,,,,,,,,,,,,,,,,,,,,,,,,,,,,,,,,,,,,,,,,,,,,,,,,,,,,,,,,,,,,,,,,,,,,,,,,,,,,,,,,,,,,,,,,,,,,,,,,,,,,,,,,,,,,,,,,,,,,,,,,,,,,,,,,,,
texture,Noise_core_3D,.png,noise,1,3,2,2048,2048,4,TRUE,TRUE,,,,,,,,,,,,,,,,,,,,,,,,,,,,,,,,,,,,,,,,,,,,,,,,,,,,,,,,,,,,,,,,,,,,,,,,,,,,,,,,,,,,,,,,,,,,,,,,,,,,,,,,,,,,,,,,,,,,,,,,,,,,,,,,,,,,,,,,,,,,,,,,,,,,,,,,,,,,,,,,,,,,,,,,,,,,,,,,,,,,,,,,,,,,,,,,,,,,,,,,,,,,,,,,,,,,,,,,,,,,,,,,,,,,,,,,,,,,,,,,,,,,,,,,,,,,,,,,,,,,,,,,,,,,,,,,,,,,,,,,,,,,,,,,,,,,,,,,,,,,
texture,brushes/Pen_effe_3D,.png,brush,1,3,4,2048,2048,4,TRUE,TRUE,,,,,,,,,,,,,,,,,,,,,,,,,,,,,,,,,,,,,,,,,,,,,,,,,,,,,,,,,,,,,,,,,,,,,,,,,,,,,,,,,,,,,,,,,,,,,,,,,,,,,,,,,,,,,,,,,,,,,,,,,,,,,,,,,,,,,,,,,,,,,,,,,,,,,,,,,,,,,,,,,,,,,,,,,,,,,,,,,,,,,,,,,,,,,,,,,,,,,,,,,,,,,,,,,,,,,,,,,,,,,,,,,,,,,,,,,,,,,,,,,,,,,,,,,,,,,,,,,,,,,,,,,,,,,,,,,,,,,,,,,,,,,,,,,,,,,,,,,,,,
texture,sensor.v2,.png,sensor,1,2,1,100,100,4,TRUE,FALSE,,,,,,,,,,,,,,,,,,,,,,,,,,,,,,,,,,,,,,,,,,,,,,,,,,,,,,,,,,,,,,,,,,,,,,,,,,,,,,,,,,,,,,,,,,,,,,,,,,,,,,,,,,,,,,,,,,,,,,,,,,,,,,,,,,,,,,,,,,,,,,,,,,,,,,,,,,,,,,,,,,,,,,,,,,,,,,,,,,,,,,,,,,,,,,,,,,,,,,,,,,,,,,,,,,,,,,,,,,,,,,,,,,,,,,,,,,,,,,,,,,,,,,,,,,,,,,,,,,,,,,,,,,,,,,,,,,,,,,,,,,,,,,,,,,,,,,,,,,,,
texture,comet,.png,curve_particle,1,2,1,512,256,4,FALSE,FALSE,,,,,,,,,,,,,,,,,,,,,,,,,,,,,,,,,,,,,,,,,,,,,,,,,,,,,,,,,,,,,,,,,,,,,,,,,,,,,,,,,,,,,,,,,,,,,,,,,,,,,,,,,,,,,,,,,,,,,,,,,,,,,,,,,,,,,,,,,,,,,,,,,,,,,,,,,,,,,,,,,,,,,,,,,,,,,,,,,,,,,,,,,,,,,,,,,,,,,,,,,,,,,,,,,,,,,,,,,,,,,,,,,,,,,,,,,,,,,,,,,,,,,,,,,,,,,,,,,,,,,,,,,,,,,,,,,,,,,,,,,,,,,,,,,,,,,,,,,,,,
texture,blurredDisk,.png,splat_particle,1,2,1,256,256,4,FALSE,FALSE,,,,,,,,,,,,,,,,,,,,,,,,,,,,,,,,,,,,,,,,,,,,,,,,,,,,,,,,,,,,,,,,,,,,,,,,,,,,,,,,,,,,,,,,,,,,,,,,,,,,,,,,,,,,,,,,,,,,,,,,,,,,,,,,,,,,,,,,,,,,,,,,,,,,,,,,,,,,,,,,,,,,,,,,,,,,,,,,,,,,,,,,,,,,,,,,,,,,,,,,,,,,,,,,,,,,,,,,,,,,,,,,,,,,,,,,,,,,,,,,,,,,,,,,,,,,,,,,,,,,,,,,,,,,,,,,,,,,,,,,,,,,,,,,,,,,,,,,,,,,
texture,etoiles/tycho,.png,part_init,1,2,1,1920,1080,4,TRUE,TRUE,,,,,,,,,,,,,,,,,,,,,,,,,,,,,,,,,,,,,,,,,,,,,,,,,,,,,,,,,,,,,,,,,,,,,,,,,,,,,,,,,,,,,,,,,,,,,,,,,,,,,,,,,,,,,,,,,,,,,,,,,,,,,,,,,,,,,,,,,,,,,,,,,,,,,,,,,,,,,,,,,,,,,,,,,,,,,,,,,,,,,,,,,,,,,,,,,,,,,,,,,,,,,,,,,,,,,,,,,,,,,,,,,,,,,,,,,,,,,,,,,,,,,,,,,,,,,,,,,,,,,,,,,,,,,,,,,,,,,,,,,,,,,,,,,,,,,,,,,,,,
texture,etoiles/SN1006,.png,part_init,2,2,1,1920,1080,4,TRUE,TRUE,,,,,,,,,,,,,,,,,,,,,,,,,,,,,,,,,,,,,,,,,,,,,,,,,,,,,,,,,,,,,,,,,,,,,,,,,,,,,,,,,,,,,,,,,,,,,,,,,,,,,,,,,,,,,,,,,,,,,,,,,,,,,,,,,,,,,,,,,,,,,,,,,,,,,,,,,,,,,,,,,,,,,,,,,,,,,,,,,,,,,,,,,,,,,,,,,,,,,,,,,,,,,,,,,,,,,,,,,,,,,,,,,,,,,,,,,,,,,,,,,,,,,,,,,,,,,,,,,,,,,,,,,,,,,,,,,,,,,,,,,,,,,,,,,,,,,,,,,,,,
texture,Song/Sky,.png,repop_density,1,2,1,1920,1080,4,TRUE,TRUE,,,,,,,,,,,,,,,,,,,,,,,,,,,,,,,,,,,,,,,,,,,,,,,,,,,,,,,,,,,,,,,,,,,,,,,,,,,,,,,,,,,,,,,,,,,,,,,,,,,,,,,,,,,,,,,,,,,,,,,,,,,,,,,,,,,,,,,,,,,,,,,,,,,,,,,,,,,,,,,,,,,,,,,,,,,,,,,,,,,,,,,,,,,,,,,,,,,,,,,,,,,,,,,,,,,,,,,,,,,,,,,,,,,,,,,,,,,,,,,,,,,,,,,,,,,,,,,,,,,,,,,,,,,,,,,,,,,,,,,,,,,,,,,,,,,,,,,,,,,,
texture,Song/keefe,.png,repop_density,2,2,1,1920,1080,4,TRUE,TRUE,,,,,,,,,,,,,,,,,,,,,,,,,,,,,,,,,,,,,,,,,,,,,,,,,,,,,,,,,,,,,,,,,,,,,,,,,,,,,,,,,,,,,,,,,,,,,,,,,,,,,,,,,,,,,,,,,,,,,,,,,,,,,,,,,,,,,,,,,,,,,,,,,,,,,,,,,,,,,,,,,,,,,,,,,,,,,,,,,,,,,,,,,,,,,,,,,,,,,,,,,,,,,,,,,,,,,,,,,,,,,,,,,,,,,,,,,,,,,,,,,,,,,,,,,,,,,,,,,,,,,,,,,,,,,,,,,,,,,,,,,,,,,,,,,,,,,,,,,,,,
texture,Foret/tree_density,.png,part_acc,1,2,1,1920,1080,4,TRUE,TRUE,,,,,,,,,,,,,,,,,,,,,,,,,,,,,,,,,,,,,,,,,,,,,,,,,,,,,,,,,,,,,,,,,,,,,,,,,,,,,,,,,,,,,,,,,,,,,,,,,,,,,,,,,,,,,,,,,,,,,,,,,,,,,,,,,,,,,,,,,,,,,,,,,,,,,,,,,,,,,,,,,,,,,,,,,,,,,,,,,,,,,,,,,,,,,,,,,,,,,,,,,,,,,,,,,,,,,,,,,,,,,,,,,,,,,,,,,,,,,,,,,,,,,,,,,,,,,,,,,,,,,,,,,,,,,,,,,,,,,,,,,,,,,,,,,,,,,,,,,,,,
texture,Core/Core-multilayer-v1,.tif,multilayer_master_mask,1,3,6,2048,2048,4,true,FALSE,,,,,,,,,,,,,,,,,,,,,,,,,,,,,,,,,,,,,,,,,,,,,,,,,,,,,,,,,,,,,,,,,,,,,,,,,,,,,,,,,,,,,,,,,,,,,,,,,,,,,,,,,,,,,,,,,,,,,,,,,,,,,,,,,,,,,,,,,,,,,,,,,,,,,,,,,,,,,,,,,,,,,,,,,,,,,,,,,,,,,,,,,,,,,,,,,,,,,,,,,,,,,,,,,,,,,,,,,,,,,,,,,,,,,,,,,,,,,,,,,,,,,,,,,,,,,,,,,,,,,,,,,,,,,,,,,,,,,,,,,,,,,,,,,,,,,,,,,,,,
/textures,,,,,,,,,,,,,,,,,,,,,,,,,,,,,,,,,,,,,,,,,,,,,,,,,,,,,,,,,,,,,,,,,,,,,,,,,,,,,,,,,,,,,,,,,,,,,,,,,,,,,,,,,,,,,,,,,,,,,,,,,,,,,,,,,,,,,,,,,,,,,,,,,,,,,,,,,,,,,,,,,,,,,,,,,,,,,,,,,,,,,,,,,,,,,,,,,,,,,,,,,,,,,,,,,,,,,,,,,,,,,,,,,,,,,,,,,,,,,,,,,,,,,,,,,,,,,,,,,,,,,,,,,,,,,,,,,,,,,,,,,,,,,,,,,,,,,,,,,,,,,,,,,,,,,,,
palette_colors,7,red_low,green_low,blue_low,red_medium,green_medium,blue_medium,red_high,green_high,blue_high,,,,,,,,,,,,,,,,,,,,,,,,,,,,,,,,,,,,,,,,,,,,,,,,,,,,,,,,,,,,,,,,,,,,,,,,,,,,,,,,,,,,,,,,,,,,,,,,,,,,,,,,,,,,,,,,,,,,,,,,,,,,,,,,,,,,,,,,,,,,,,,,,,,,,,,,,,,,,,,,,,,,,,,,,,,,,,,,,,,,,,,,,,,,,,,,,,,,,,,,,,,,,,,,,,,,,,,,,,,,,,,,,,,,,,,,,,,,,,,,,,,,,,,,,,,,,,,,,,,,,,,,,,,,,,,,,,,,,,,,,,,,,,,,,,,,,,,,,,,,,
palette,red_grenade_fruit,247,93,57,205,42,23,232,91,107,,,,,,,,,,,,,,,,,,,,,,,,,,,,,,,,,,,,,,,,,,,,,,,,,,,,,,,,,,,,,,,,,,,,,,,,,,,,,,,,,,,,,,,,,,,,,,,,,,,,,,,,,,,,,,,,,,,,,,,,,,,,,,,,,,,,,,,,,,,,,,,,,,,,,,,,,,,,,,,,,,,,,,,,,,,,,,,,,,,,,,,,,,,,,,,,,,,,,,,,,,,,,,,,,,,,,,,,,,,,,,,,,,,,,,,,,,,,,,,,,,,,,,,,,,,,,,,,,,,,,,,,,,,,,,,,,,,,,,,,,,,,,,,,,,,,,,,,,,,,,
palette,sun,237,222,16,247,78,9,222,80,103,,,,,,,,,,,,,,,,,,,,,,,,,,,,,,,,,,,,,,,,,,,,,,,,,,,,,,,,,,,,,,,,,,,,,,,,,,,,,,,,,,,,,,,,,,,,,,,,,,,,,,,,,,,,,,,,,,,,,,,,,,,,,,,,,,,,,,,,,,,,,,,,,,,,,,,,,,,,,,,,,,,,,,,,,,,,,,,,,,,,,,,,,,,,,,,,,,,,,,,,,,,,,,,,,,,,,,,,,,,,,,,,,,,,,,,,,,,,,,,,,,,,,,,,,,,,,,,,,,,,,,,,,,,,,,,,,,,,,,,,,,,,,,,,,,,,,,,,,,,,,
palette,green_leaves,81,200,12,161,217,45,249,160,32,,,,,,,,,,,,,,,,,,,,,,,,,,,,,,,,,,,,,,,,,,,,,,,,,,,,,,,,,,,,,,,,,,,,,,,,,,,,,,,,,,,,,,,,,,,,,,,,,,,,,,,,,,,,,,,,,,,,,,,,,,,,,,,,,,,,,,,,,,,,,,,,,,,,,,,,,,,,,,,,,,,,,,,,,,,,,,,,,,,,,,,,,,,,,,,,,,,,,,,,,,,,,,,,,,,,,,,,,,,,,,,,,,,,,,,,,,,,,,,,,,,,,,,,,,,,,,,,,,,,,,,,,,,,,,,,,,,,,,,,,,,,,,,,,,,,,,,,,,,,,
palette,purples,200,51,255,98,17,209,183,47,66,,,,,,,,,,,,,,,,,,,,,,,,,,,,,,,,,,,,,,,,,,,,,,,,,,,,,,,,,,,,,,,,,,,,,,,,,,,,,,,,,,,,,,,,,,,,,,,,,,,,,,,,,,,,,,,,,,,,,,,,,,,,,,,,,,,,,,,,,,,,,,,,,,,,,,,,,,,,,,,,,,,,,,,,,,,,,,,,,,,,,,,,,,,,,,,,,,,,,,,,,,,,,,,,,,,,,,,,,,,,,,,,,,,,,,,,,,,,,,,,,,,,,,,,,,,,,,,,,,,,,,,,,,,,,,,,,,,,,,,,,,,,,,,,,,,,,,,,,,,,,
palette,oranges,255,85,33,255,52,19,218,0,77,,,,,,,,,,,,,,,,,,,,,,,,,,,,,,,,,,,,,,,,,,,,,,,,,,,,,,,,,,,,,,,,,,,,,,,,,,,,,,,,,,,,,,,,,,,,,,,,,,,,,,,,,,,,,,,,,,,,,,,,,,,,,,,,,,,,,,,,,,,,,,,,,,,,,,,,,,,,,,,,,,,,,,,,,,,,,,,,,,,,,,,,,,,,,,,,,,,,,,,,,,,,,,,,,,,,,,,,,,,,,,,,,,,,,,,,,,,,,,,,,,,,,,,,,,,,,,,,,,,,,,,,,,,,,,,,,,,,,,,,,,,,,,,,,,,,,,,,,,,,,
palette,greens,11,255,123,0,176,119,64,218,255,,,,,,,,,,,,,,,,,,,,,,,,,,,,,,,,,,,,,,,,,,,,,,,,,,,,,,,,,,,,,,,,,,,,,,,,,,,,,,,,,,,,,,,,,,,,,,,,,,,,,,,,,,,,,,,,,,,,,,,,,,,,,,,,,,,,,,,,,,,,,,,,,,,,,,,,,,,,,,,,,,,,,,,,,,,,,,,,,,,,,,,,,,,,,,,,,,,,,,,,,,,,,,,,,,,,,,,,,,,,,,,,,,,,,,,,,,,,,,,,,,,,,,,,,,,,,,,,,,,,,,,,,,,,,,,,,,,,,,,,,,,,,,,,,,,,,,,,,,,,,
palette,blue_abyss,21,37,159,87,66,167,4,134,255,,,,,,,,,,,,,,,,,,,,,,,,,,,,,,,,,,,,,,,,,,,,,,,,,,,,,,,,,,,,,,,,,,,,,,,,,,,,,,,,,,,,,,,,,,,,,,,,,,,,,,,,,,,,,,,,,,,,,,,,,,,,,,,,,,,,,,,,,,,,,,,,,,,,,,,,,,,,,,,,,,,,,,,,,,,,,,,,,,,,,,,,,,,,,,,,,,,,,,,,,,,,,,,,,,,,,,,,,,,,,,,,,,,,,,,,,,,,,,,,,,,,,,,,,,,,,,,,,,,,,,,,,,,,,,,,,,,,,,,,,,,,,,,,,,,,,,,,,,,,,
/palette_colors,,,,,,,,,,,,,,,,,,,,,,,,,,,,,,,,,,,,,,,,,,,,,,,,,,,,,,,,,,,,,,,,,,,,,,,,,,,,,,,,,,,,,,,,,,,,,,,,,,,,,,,,,,,,,,,,,,,,,,,,,,,,,,,,,,,,,,,,,,,,,,,,,,,,,,,,,,,,,,,,,,,,,,,,,,,,,,,,,,,,,,,,,,,,,,,,,,,,,,,,,,,,,,,,,,,,,,,,,,,,,,,,,,,,,,,,,,,,,,,,,,,,,,,,,,,,,,,,,,,,,,,,,,,,,,,,,,,,,,,,,,,,,,,,,,,,,,,,,,,,,,,,,,,,,,,
color_presets,20,color,grey,alpha,,,,,,,,,,,,,,,,,,,,,,,,,,,,,,,,,,,,,,,,,,,,,,,,,,,,,,,,,,,,,,,,,,,,,,,,,,,,,,,,,,,,,,,,,,,,,,,,,,,,,,,,,,,,,,,,,,,,,,,,,,,,,,,,,,,,,,,,,,,,,,,,,,,,,,,,,,,,,,,,,,,,,,,,,,,,,,,,,,,,,,,,,,,,,,,,,,,,,,,,,,,,,,,,,,,,,,,,,,,,,,,,,,,,,,,,,,,,,,,,,,,,,,,,,,,,,,,,,,,,,,,,,,,,,,,,,,,,,,,,,,,,,,,,,,,,,,,,,,,,,,,,,,,
preset,black,0.0,0,0.0,,,,,,,,,,,,,,,,,,,,,,,,,,,,,,,,,,,,,,,,,,,,,,,,,,,,,,,,,,,,,,,,,,,,,,,,,,,,,,,,,,,,,,,,,,,,,,,,,,,,,,,,,,,,,,,,,,,,,,,,,,,,,,,,,,,,,,,,,,,,,,,,,,,,,,,,,,,,,,,,,,,,,,,,,,,,,,,,,,,,,,,,,,,,,,,,,,,,,,,,,,,,,,,,,,,,,,,,,,,,,,,,,,,,,,,,,,,,,,,,,,,,,,,,,,,,,,,,,,,,,,,,,,,,,,,,,,,,,,,,,,,,,,,,,,,,,,,,,,,,,,,,,,,
preset,red,0.0,0,1.0,,,,,,,,,,,,,,,,,,,,,,,,,,,,,,,,,,,,,,,,,,,,,,,,,,,,,,,,,,,,,,,,,,,,,,,,,,,,,,,,,,,,,,,,,,,,,,,,,,,,,,,,,,,,,,,,,,,,,,,,,,,,,,,,,,,,,,,,,,,,,,,,,,,,,,,,,,,,,,,,,,,,,,,,,,,,,,,,,,,,,,,,,,,,,,,,,,,,,,,,,,,,,,,,,,,,,,,,,,,,,,,,,,,,,,,,,,,,,,,,,,,,,,,,,,,,,,,,,,,,,,,,,,,,,,,,,,,,,,,,,,,,,,,,,,,,,,,,,,,,,,,,,,,
preset,sun,0.125,0,1.0,,,,,,,,,,,,,,,,,,,,,,,,,,,,,,,,,,,,,,,,,,,,,,,,,,,,,,,,,,,,,,,,,,,,,,,,,,,,,,,,,,,,,,,,,,,,,,,,,,,,,,,,,,,,,,,,,,,,,,,,,,,,,,,,,,,,,,,,,,,,,,,,,,,,,,,,,,,,,,,,,,,,,,,,,,,,,,,,,,,,,,,,,,,,,,,,,,,,,,,,,,,,,,,,,,,,,,,,,,,,,,,,,,,,,,,,,,,,,,,,,,,,,,,,,,,,,,,,,,,,,,,,,,,,,,,,,,,,,,,,,,,,,,,,,,,,,,,,,,,,,,,,,,,
preset,green_leaves,0.250,0,1.0,,,,,,,,,,,,,,,,,,,,,,,,,,,,,,,,,,,,,,,,,,,,,,,,,,,,,,,,,,,,,,,,,,,,,,,,,,,,,,,,,,,,,,,,,,,,,,,,,,,,,,,,,,,,,,,,,,,,,,,,,,,,,,,,,,,,,,,,,,,,,,,,,,,,,,,,,,,,,,,,,,,,,,,,,,,,,,,,,,,,,,,,,,,,,,,,,,,,,,,,,,,,,,,,,,,,,,,,,,,,,,,,,,,,,,,,,,,,,,,,,,,,,,,,,,,,,,,,,,,,,,,,,,,,,,,,,,,,,,,,,,,,,,,,,,,,,,,,,,,,,,,,,,,
preset,purples,0.375,0,1.0,,,,,,,,,,,,,,,,,,,,,,,,,,,,,,,,,,,,,,,,,,,,,,,,,,,,,,,,,,,,,,,,,,,,,,,,,,,,,,,,,,,,,,,,,,,,,,,,,,,,,,,,,,,,,,,,,,,,,,,,,,,,,,,,,,,,,,,,,,,,,,,,,,,,,,,,,,,,,,,,,,,,,,,,,,,,,,,,,,,,,,,,,,,,,,,,,,,,,,,,,,,,,,,,,,,,,,,,,,,,,,,,,,,,,,,,,,,,,,,,,,,,,,,,,,,,,,,,,,,,,,,,,,,,,,,,,,,,,,,,,,,,,,,,,,,,,,,,,,,,,,,,,,,
preset,oranges,0.5,0,1.0,,,,,,,,,,,,,,,,,,,,,,,,,,,,,,,,,,,,,,,,,,,,,,,,,,,,,,,,,,,,,,,,,,,,,,,,,,,,,,,,,,,,,,,,,,,,,,,,,,,,,,,,,,,,,,,,,,,,,,,,,,,,,,,,,,,,,,,,,,,,,,,,,,,,,,,,,,,,,,,,,,,,,,,,,,,,,,,,,,,,,,,,,,,,,,,,,,,,,,,,,,,,,,,,,,,,,,,,,,,,,,,,,,,,,,,,,,,,,,,,,,,,,,,,,,,,,,,,,,,,,,,,,,,,,,,,,,,,,,,,,,,,,,,,,,,,,,,,,,,,,,,,,,,
preset,greens,0.625,0,1.0,,,,,,,,,,,,,,,,,,,,,,,,,,,,,,,,,,,,,,,,,,,,,,,,,,,,,,,,,,,,,,,,,,,,,,,,,,,,,,,,,,,,,,,,,,,,,,,,,,,,,,,,,,,,,,,,,,,,,,,,,,,,,,,,,,,,,,,,,,,,,,,,,,,,,,,,,,,,,,,,,,,,,,,,,,,,,,,,,,,,,,,,,,,,,,,,,,,,,,,,,,,,,,,,,,,,,,,,,,,,,,,,,,,,,,,,,,,,,,,,,,,,,,,,,,,,,,,,,,,,,,,,,,,,,,,,,,,,,,,,,,,,,,,,,,,,,,,,,,,,,,,,,,,
preset,blue_abyss,0.75,0,1.0,,,,,,,,,,,,,,,,,,,,,,,,,,,,,,,,,,,,,,,,,,,,,,,,,,,,,,,,,,,,,,,,,,,,,,,,,,,,,,,,,,,,,,,,,,,,,,,,,,,,,,,,,,,,,,,,,,,,,,,,,,,,,,,,,,,,,,,,,,,,,,,,,,,,,,,,,,,,,,,,,,,,,,,,,,,,,,,,,,,,,,,,,,,,,,,,,,,,,,,,,,,,,,,,,,,,,,,,,,,,,,,,,,,,,,,,,,,,,,,,,,,,,,,,,,,,,,,,,,,,,,,,,,,,,,,,,,,,,,,,,,,,,,,,,,,,,,,,,,,,,,,,,,,
preset,blue2,0.875,0,1.0,,,,,,,,,,,,,,,,,,,,,,,,,,,,,,,,,,,,,,,,,,,,,,,,,,,,,,,,,,,,,,,,,,,,,,,,,,,,,,,,,,,,,,,,,,,,,,,,,,,,,,,,,,,,,,,,,,,,,,,,,,,,,,,,,,,,,,,,,,,,,,,,,,,,,,,,,,,,,,,,,,,,,,,,,,,,,,,,,,,,,,,,,,,,,,,,,,,,,,,,,,,,,,,,,,,,,,,,,,,,,,,,,,,,,,,,,,,,,,,,,,,,,,,,,,,,,,,,,,,,,,,,,,,,,,,,,,,,,,,,,,,,,,,,,,,,,,,,,,,,,,,,,,,
preset,black,0.19061,0,0.0,,,,,,,,,,,,,,,,,,,,,,,,,,,,,,,,,,,,,,,,,,,,,,,,,,,,,,,,,,,,,,,,,,,,,,,,,,,,,,,,,,,,,,,,,,,,,,,,,,,,,,,,,,,,,,,,,,,,,,,,,,,,,,,,,,,,,,,,,,,,,,,,,,,,,,,,,,,,,,,,,,,,,,,,,,,,,,,,,,,,,,,,,,,,,,,,,,,,,,,,,,,,,,,,,,,,,,,,,,,,,,,,,,,,,,,,,,,,,,,,,,,,,,,,,,,,,,,,,,,,,,,,,,,,,,,,,,,,,,,,,,,,,,,,,,,,,,,,,,,,,,,,,,,
preset,sun1,0.19061,0,0.125,,,,,,,,,,,,,,,,,,,,,,,,,,,,,,,,,,,,,,,,,,,,,,,,,,,,,,,,,,,,,,,,,,,,,,,,,,,,,,,,,,,,,,,,,,,,,,,,,,,,,,,,,,,,,,,,,,,,,,,,,,,,,,,,,,,,,,,,,,,,,,,,,,,,,,,,,,,,,,,,,,,,,,,,,,,,,,,,,,,,,,,,,,,,,,,,,,,,,,,,,,,,,,,,,,,,,,,,,,,,,,,,,,,,,,,,,,,,,,,,,,,,,,,,,,,,,,,,,,,,,,,,,,,,,,,,,,,,,,,,,,,,,,,,,,,,,,,,,,,,,,,,,,,
preset,sun2,0.19061,0,0.250,,,,,,,,,,,,,,,,,,,,,,,,,,,,,,,,,,,,,,,,,,,,,,,,,,,,,,,,,,,,,,,,,,,,,,,,,,,,,,,,,,,,,,,,,,,,,,,,,,,,,,,,,,,,,,,,,,,,,,,,,,,,,,,,,,,,,,,,,,,,,,,,,,,,,,,,,,,,,,,,,,,,,,,,,,,,,,,,,,,,,,,,,,,,,,,,,,,,,,,,,,,,,,,,,,,,,,,,,,,,,,,,,,,,,,,,,,,,,,,,,,,,,,,,,,,,,,,,,,,,,,,,,,,,,,,,,,,,,,,,,,,,,,,,,,,,,,,,,,,,,,,,,,,
preset,sun3,0.19061,0,0.375,,,,,,,,,,,,,,,,,,,,,,,,,,,,,,,,,,,,,,,,,,,,,,,,,,,,,,,,,,,,,,,,,,,,,,,,,,,,,,,,,,,,,,,,,,,,,,,,,,,,,,,,,,,,,,,,,,,,,,,,,,,,,,,,,,,,,,,,,,,,,,,,,,,,,,,,,,,,,,,,,,,,,,,,,,,,,,,,,,,,,,,,,,,,,,,,,,,,,,,,,,,,,,,,,,,,,,,,,,,,,,,,,,,,,,,,,,,,,,,,,,,,,,,,,,,,,,,,,,,,,,,,,,,,,,,,,,,,,,,,,,,,,,,,,,,,,,,,,,,,,,,,,,,
preset,sun4,0.19061,0,0.5,,,,,,,,,,,,,,,,,,,,,,,,,,,,,,,,,,,,,,,,,,,,,,,,,,,,,,,,,,,,,,,,,,,,,,,,,,,,,,,,,,,,,,,,,,,,,,,,,,,,,,,,,,,,,,,,,,,,,,,,,,,,,,,,,,,,,,,,,,,,,,,,,,,,,,,,,,,,,,,,,,,,,,,,,,,,,,,,,,,,,,,,,,,,,,,,,,,,,,,,,,,,,,,,,,,,,,,,,,,,,,,,,,,,,,,,,,,,,,,,,,,,,,,,,,,,,,,,,,,,,,,,,,,,,,,,,,,,,,,,,,,,,,,,,,,,,,,,,,,,,,,,,,,
preset,sun5,0.19061,0,0.625,,,,,,,,,,,,,,,,,,,,,,,,,,,,,,,,,,,,,,,,,,,,,,,,,,,,,,,,,,,,,,,,,,,,,,,,,,,,,,,,,,,,,,,,,,,,,,,,,,,,,,,,,,,,,,,,,,,,,,,,,,,,,,,,,,,,,,,,,,,,,,,,,,,,,,,,,,,,,,,,,,,,,,,,,,,,,,,,,,,,,,,,,,,,,,,,,,,,,,,,,,,,,,,,,,,,,,,,,,,,,,,,,,,,,,,,,,,,,,,,,,,,,,,,,,,,,,,,,,,,,,,,,,,,,,,,,,,,,,,,,,,,,,,,,,,,,,,,,,,,,,,,,,,
preset,sun6,0.19061,0,0.75,,,,,,,,,,,,,,,,,,,,,,,,,,,,,,,,,,,,,,,,,,,,,,,,,,,,,,,,,,,,,,,,,,,,,,,,,,,,,,,,,,,,,,,,,,,,,,,,,,,,,,,,,,,,,,,,,,,,,,,,,,,,,,,,,,,,,,,,,,,,,,,,,,,,,,,,,,,,,,,,,,,,,,,,,,,,,,,,,,,,,,,,,,,,,,,,,,,,,,,,,,,,,,,,,,,,,,,,,,,,,,,,,,,,,,,,,,,,,,,,,,,,,,,,,,,,,,,,,,,,,,,,,,,,,,,,,,,,,,,,,,,,,,,,,,,,,,,,,,,,,,,,,,,
preset,sun7,0.19061,0,0.875,,,,,,,,,,,,,,,,,,,,,,,,,,,,,,,,,,,,,,,,,,,,,,,,,,,,,,,,,,,,,,,,,,,,,,,,,,,,,,,,,,,,,,,,,,,,,,,,,,,,,,,,,,,,,,,,,,,,,,,,,,,,,,,,,,,,,,,,,,,,,,,,,,,,,,,,,,,,,,,,,,,,,,,,,,,,,,,,,,,,,,,,,,,,,,,,,,,,,,,,,,,,,,,,,,,,,,,,,,,,,,,,,,,,,,,,,,,,,,,,,,,,,,,,,,,,,,,,,,,,,,,,,,,,,,,,,,,,,,,,,,,,,,,,,,,,,,,,,,,,,,,,,,,
preset,sun,0.19061,0,1.0,,,,,,,,,,,,,,,,,,,,,,,,,,,,,,,,,,,,,,,,,,,,,,,,,,,,,,,,,,,,,,,,,,,,,,,,,,,,,,,,,,,,,,,,,,,,,,,,,,,,,,,,,,,,,,,,,,,,,,,,,,,,,,,,,,,,,,,,,,,,,,,,,,,,,,,,,,,,,,,,,,,,,,,,,,,,,,,,,,,,,,,,,,,,,,,,,,,,,,,,,,,,,,,,,,,,,,,,,,,,,,,,,,,,,,,,,,,,,,,,,,,,,,,,,,,,,,,,,,,,,,,,,,,,,,,,,,,,,,,,,,,,,,,,,,,,,,,,,,,,,,,,,,,
preset,black,0.0,1.0,0.0,,,,,,,,,,,,,,,,,,,,,,,,,,,,,,,,,,,,,,,,,,,,,,,,,,,,,,,,,,,,,,,,,,,,,,,,,,,,,,,,,,,,,,,,,,,,,,,,,,,,,,,,,,,,,,,,,,,,,,,,,,,,,,,,,,,,,,,,,,,,,,,,,,,,,,,,,,,,,,,,,,,,,,,,,,,,,,,,,,,,,,,,,,,,,,,,,,,,,,,,,,,,,,,,,,,,,,,,,,,,,,,,,,,,,,,,,,,,,,,,,,,,,,,,,,,,,,,,,,,,,,,,,,,,,,,,,,,,,,,,,,,,,,,,,,,,,,,,,,,,,,,,,,,
preset,white,0.0,1.0,1.0,,,,,,,,,,,,,,,,,,,,,,,,,,,,,,,,,,,,,,,,,,,,,,,,,,,,,,,,,,,,,,,,,,,,,,,,,,,,,,,,,,,,,,,,,,,,,,,,,,,,,,,,,,,,,,,,,,,,,,,,,,,,,,,,,,,,,,,,,,,,,,,,,,,,,,,,,,,,,,,,,,,,,,,,,,,,,,,,,,,,,,,,,,,,,,,,,,,,,,,,,,,,,,,,,,,,,,,,,,,,,,,,,,,,,,,,,,,,,,,,,,,,,,,,,,,,,,,,,,,,,,,,,,,,,,,,,,,,,,,,,,,,,,,,,,,,,,,,,,,,,,,,,,,
/color_presets,,,,,,,,,,,,,,,,,,,,,,,,,,,,,,,,,,,,,,,,,,,,,,,,,,,,,,,,,,,,,,,,,,,,,,,,,,,,,,,,,,,,,,,,,,,,,,,,,,,,,,,,,,,,,,,,,,,,,,,,,,,,,,,,,,,,,,,,,,,,,,,,,,,,,,,,,,,,,,,,,,,,,,,,,,,,,,,,,,,,,,,,,,,,,,,,,,,,,,,,,,,,,,,,,,,,,,,,,,,,,,,,,,,,,,,,,,,,,,,,,,,,,,,,,,,,,,,,,,,,,,,,,,,,,,,,,,,,,,,,,,,,,,,,,,,,,,,,,,,,,,,,,,,,,,,
lights,0,group,port,address,channels,red,green,blue,grey,dimmer,strobe,zoom,pan,tilt,hue,,,,,,,,,,,,,,,,,,,,,,,,,,,,,,,,,,,,,,,,,,,,,,,,,,,,,,,,,,,,,,,,,,,,,,,,,,,,,,,,,,,,,,,,,,,,,,,,,,,,,,,,,,,,,,,,,,,,,,,,,,,,,,,,,,,,,,,,,,,,,,,,,,,,,,,,,,,,,,,,,,,,,,,,,,,,,,,,,,,,,,,,,,,,,,,,,,,,,,,,,,,,,,,,,,,,,,,,,,,,,,,,,,,,,,,,,,,,,,,,,,,,,,,,,,,,,,,,,,,,,,,,,,,,,,,,,,,,,,,,,,,,,,,,,,,,,,,,
/lights,,,,,,,,,,,,,,,,,,,,,,,,,,,,,,,,,,,,,,,,,,,,,,,,,,,,,,,,,,,,,,,,,,,,,,,,,,,,,,,,,,,,,,,,,,,,,,,,,,,,,,,,,,,,,,,,,,,,,,,,,,,,,,,,,,,,,,,,,,,,,,,,,,,,,,,,,,,,,,,,,,,,,,,,,,,,,,,,,,,,,,,,,,,,,,,,,,,,,,,,,,,,,,,,,,,,,,,,,,,,,,,,,,,,,,,,,,,,,,,,,,,,,,,,,,,,,,,,,,,,,,,,,,,,,,,,,,,,,,,,,,,,,,,,,,,,,,,,,,,,,,,,,,,,,,,
