RANK,1,2,3,4,5,6,7,8,9,10,11,12,13,14,15,16,17,18,19,20,21,22,23,24,25,26,27,28,29,30,31,32,33,34,35,36,37,38,39,40,41,42,43,44,45,46,47,48,49,50,51,52,53,54,55,56,57,58,59,60,61,62,63,64,65,66,67,68,69,70,71,72,73,74,75,76,77,78,79,80,81,82,83,84,85,86,87,88,89,90,91,92,93,94,95,96,97,98,99,100,101,102,103,104,105,106,107,108,109,110,111,112,113,114,115,116,117,118,119,120,121,122,123,124,125,126,127,128,129,130,131,132,133,134,135,136,137,138,139,140,141,142,143,144,145,146,147,148,149,150,151,152,153,154,155,156,157,158,159,160,161,162,163,164,165,166,167,168,169,170,171,172,173,174,175,176,177,178,179,180,181
VERBATIM,auto_beat,auto_pulse,clear all Layers,clearCA,clear layer,current background capture,BG Subtraction on/off,BG Subtraction on/off,mute screen,invert,snapshot onOff,cursor size,beat duration,Blend Transparency,CA mixing weight,ID comment,track_levels,track_levels,CA Master weight,ID comment,track_levels,track_levels,echo,ID comment,echo neg,ID comment,CA decay,CA decay pulse,track_decays,track_decays,pen_radius,pen radius pulse,palette for pen,palette for pen,Grey level for pen,ID comment,A color,ID comment,pen brush,pen radius replay,pen radius replay pulse,pen_color_replay,pen_color_replay_pulse,pen saturation replay,pen saturation replay pulse,pen value replay,pen value replay pulse,pen hue replay,pen hue replay pulse,pen brush replay,current drawing track,current video track,current photo track,ID comment,ID comment,ID comment,ID comment,ID comment,ID comment,ID comment,ID comment,ID comment,particle motion shift pulse,noise scale,ID comment,noise scale,ID comment,pixel acc,pixel acc pulse,pixel acc center-x,ID comment,pixel acc center-y,ID comment,radius pixel,pixel radius pulse,pixel mode,repopuplating CA,ID comment,repopuplating track0,ID comment,repopuplating Path,ID comment,repop_colorBG,repop_colorBG_pulse,repop_greyBG,repop_greyBG_pulse,repop_colorPart,repop_colorPart_pulse,repop_greyPart,repop_greyPart_pulse,repop_colorCA,repop_colorCA_pulse,repop_greyCA,repop_greyCA_pulse,camera white balance red,camera white balance blue,camera exposure,camera gain,cameraBrightness,camera saturation,camera contrast,camera gamma,camera capture frequency,camera gamma,camera contrast,photo diaporama index,photo diaporama fade dur,photo diaporama plateau dur,soundtrack on/off,camera threshold,ID comment,camera Weight,ID comment,Sobel camera,ID comment,ID comment,video saturation ,video saturation pulse,ID comment,ID comment,photo weight,ID comment,photo satur,photo satur pulse,photo value,photo value pulse,photo gamma,photo gamma pulse,photo_threshold,photo_threshold_pulse,photo jitter amplitude,mask jitter amplitude,photo scale,mask scale,photo contrast,mask contrast,CA,CA,Nb CA Types,CA 1 type,CA 1 subtype,CA 2 type,CA 2 subtype,CA1/CA2 weight, Flash track0->CA freq,Flash CA->BG freq,Flash pixel freq,Flash pixel duration,camera flash length (in frames),camera flash bright (in frames),camera flash beat no,beat threshold,beat min duration (ms),input volume,Min input volume,pen pressure coef,pen angleH coef,pen angleV coef,tracks sync on/off,cumul video,CA update step,color interface display,fast vs slow CA color spreading,master scale,master scale pulse,master scale ratio,master offsetX,master offsetY,freeze on/off,sound enveloppe min,sound envelope max,adc weight (eg microphone),soundtrack weight,soundtrack weight,sample setUp,sensor spatial pattern,sensor activation,sensor volume,camera no,CA table,GenerativeNights_planes
TYPE,bool,bool,bool,bool,bool,bool,bool,bool,bool,bool,bool,int,float,float,float,float,float[0..PG_NB_TRACKS],float[0..PG_NB_TRACKS],float,float,float[0..PG_NB_TRACKS],float[0..PG_NB_TRACKS],float,float,float,float,float,float,float[0..PG_NB_TRACKS],float[0..PG_NB_TRACKS],float,float,float,float,float,float,float,float,int,float,float,float,float,float,float,float,float,float,float,int,int,int,int,float,float,float,float,float,float,float,float,float,float,float,float,float,float,float,float,float,float,float,float,float,float,int,float,float,float,float,float,float,float,float,float,float,float,float,float,float,float,float,float,float,float,float,float,float,float,float,float,float,float,float,float,int,float,float,int,float,float,float,float,float,float,bool,float,float,float,float,float,float,float,float,float,float,float,float,float,float,float,float,float,float,float,float,float[1..(PG_NB_CA_PARAMS+1)],float[1..(PG_NB_CA_PARAMS+1)],int,int,int,int,int,float,int,int,int,int,float,float,int,float,float,float,float,float,float,float,bool,int,int,bool,bool,float,float,float,float,float,bool,float,float,float,float,float,float,int,int,float,int,bool,bool
ID,auto_beat,auto_pulse,clearAllLayers,clearCA,clearLayer,reset_camera,camera_BG_subtr,camera_BG_ini_subtr,mute_second_screen,invertAllLayers,take_snapshots,cursorSize,auto_beat_duration,master,CAMixingWeight,CAMixingWeight_pulse,trackMixingWeight,trackMixingWeight_pulse,CAMasterWeight,CAMasterWeight_pulse,trackMasterWeight,trackMasterWeight_pulse,echo,echo_pulse,echoNeg,echoNeg_pulse,CAdecay,CAdecay_pulse,trkDecay,trkDecay_pulse,pen_radius,pen_radius_pulse,pen_color,pen_color_pulse,pen_grey,pen_grey_pulse,pen_color_a,pen_color_a_pulse,pen_brush,pen_radius_replay,pen_radius_replay_pulse,pen_color_replay,pen_color_replay_pulse,pen_saturation_replay,pen_saturation_replay_pulse,pen_value_replay,pen_value_replay_pulse,pen_hue_replay,pen_hue_replay_pulse,pen_brush_replay,currentDrawingTrack,currentVideoTrack,currentPhotoTrack,track_x_transl_0,track_x_transl_0_pulse,track_y_transl_0,track_y_transl_0_pulse,track_x_transl_1,track_x_transl_1_pulse,track_y_transl_1,track_y_transl_1_pulse,pulsed_part_Hshift,pulsed_part_Vshift,noiseUpdateScale,noiseUpdateScale_pulse,noiseParticleScale,noiseParticleScale_pulse,pixel_acc,pixel_acc_pulse,pixel_acc_shiftX,pixel_acc_shiftX_pulse,pixel_acc_shiftY,pixel_acc_shiftY_pulse,pixel_radius,pixel_radius_pulse,pixel_mode,repop_CA,repop_CA_pulse,repop_BG,repop_BG_pulse,repop_path,repop_path_pulse,repop_colorBG,repop_colorBG_pulse,repop_greyBG,repop_greyBG_pulse,repop_colorPart,repop_colorPart_pulse,repop_greyPart,repop_greyPart_pulse,repop_colorCA,repop_colorCA_pulse,repop_greyCA,repop_greyCA_pulse,cameraWB_R,cameraWB_B,cameraExposure,cameraGain,cameraBrightness,cameraSaturation,cameraContrast,cameraGamma,cameraCaptFreq,camera_gamma,camera_contrast,photo_diaporama,photo_diaporama_fade,photo_diaporama_plateau,playing_soundtrackNo,cameraThreshold,cameraThreshold_pulse,cameraWeight,cameraWeight_pulse,cameraSobel,cameraSobel_pulse,invertCamera,video_satur,video_satur_pulse,video_value,video_value_pulse,photoWeight,photoWeight_pulse,photo_satur,photo_satur_pulse,photo_value,photo_value_pulse,photo_gamma,photo_gamma_pulse,photo_threshold,photo_threshold_pulse,photoJitterAmpl,maskJitterAmpl,photo_scale,mask_scale,photo_contrast,mask_contrast,CAParams,CAParams_pulse,nb_CATypes,CA1Type,CA1SubType,CA2Type,CA2SubType,CA1_CA2_weight,flashTrkCA_freq_0,flashCABG_freq,flashPixel_freq,flashPixel_duration,flashCameraTrkLength,flashCameraTrkBright,flashCameraTrkBeat,beat_threshold,beat_delay,sound_volume,sound_min,pen_radius_pressure_coef,pen_radius_angleHor_coef,pen_radius_angleVer_coef,tracksSync,cameraCumul,CAstep,interfaceOnScreen,CAcolorSpread,master_scale,master_scale_pulse,master_scale_ratio,master_offsetX,master_offsetY,freeze,sound_env_min,sound_env_max,audioInput_weight,soundtrack_PA_weight,soundtrack_PD_weight,sensor_sample_setUp,sensor_layout,sensor_activation,sensor_vol,cameraNo,CATable,GenerativeNights_planes
FUNCTION,auto_beat_callBack,auto_pulse_callBack,clearAllLayers_callBack,clearCA_callBack,clearLayer_callBack,NULL,NULL,NULL,NULL,NULL,NULL,NULL,NULL,NULL,NULL,NULL,NULL,NULL,NULL,NULL,NULL,NULL,NULL,NULL,NULL,NULL,NULL,NULL,NULL,NULL,NULL,NULL,pen_color_callBack,NULL,NULL,NULL,NULL,NULL,pen_brush_callBack,NULL,NULL,NULL,NULL,NULL,NULL,NULL,NULL,NULL,NULL,NULL,NULL,NULL,NULL,NULL,NULL,NULL,NULL,NULL,NULL,NULL,NULL,NULL,NULL,NULL,NULL,NULL,NULL,NULL,NULL,NULL,NULL,NULL,NULL,NULL,NULL,NULL,NULL,NULL,NULL,NULL,NULL,NULL,NULL,NULL,NULL,NULL,NULL,NULL,NULL,NULL,NULL,NULL,NULL,NULL,cameraWB_R_callBack,cameraWB_B_callBack,cameraExposure_callBack,cameraGain_callBack,cameraBrightness_callBack,cameraSaturation_callBack,cameraContrast_callBack,cameraGamma_callBack,NULL,NULL,NULL,photo_diaporama_callBack,NULL,NULL,playing_soundtrackNo_callBack,NULL,NULL,NULL,NULL,NULL,NULL,NULL,NULL,NULL,NULL,NULL,NULL,NULL,NULL,NULL,NULL,NULL,NULL,NULL,NULL,NULL,NULL,NULL,NULL,NULL,NULL,NULL,NULL,NULL,NULL,NULL,NULL,NULL,NULL,NULL,NULL,NULL,NULL,NULL,flashCameraTrkLength_callBack,NULL,NULL,beat_threshold_callBack,beat_delay_callBack,NULL,NULL,NULL,NULL,NULL,NULL,NULL,NULL,NULL,NULL,NULL,NULL,NULL,NULL,NULL,NULL,sound_env_min_callBack,sound_env_max_callBack,audioInput_weight_callBack,soundtrack_PA_weight_callBack,soundtrack_PD_weight_callBack,sensor_sample_setUp_callBack,sensor_layout_callBack,sensor_activation_callBack,NULL,cameraNo_callBack,NULL,NULL
GUI,auto_beat,auto_pulse,clearAllLayers,clearCA,clearLayer,reset_camera,camera_BG_subtr,camera_BG_ini_subtr,mute_second_screen,invertAllLayers,take_snapshots,cursorSize,auto_beat_duration,master,CAMixingWeight,CAMixingWeight_pulse,trackMixingWeight,trackMixingWeight_pulse,CAMasterWeight,CAMasterWeight_pulse,trackMasterWeight,trackMasterWeight_pulse,echo,echo_pulse,echoNeg,echoNeg_pulse,CAdecay,CAdecay_pulse,trkDecay,trkDecay_pulse,pen_radius,pen_radius_pulse,pen_color,pen_color_pulse,pen_grey,pen_grey_pulse,pen_color_a,pen_color_a_pulse,pen_brush,pen_radius_replay,pen_radius_replay_pulse,pen_color_replay,pen_color_replay_pulse,pen_saturation_replay,pen_saturation_replay_pulse,pen_value_replay,pen_value_replay_pulse,pen_hue_replay,pen_hue_replay_pulse,pen_brush_replay,currentDrawingTrack,currentVideoTrack,currentPhotoTrack,track_x_transl_0,track_x_transl_0_pulse,track_y_transl_0,track_y_transl_0_pulse,track_x_transl_1,track_x_transl_1_pulse,track_y_transl_1,track_y_transl_1_pulse,pulsed_part_Hshift,pulsed_part_Vshift,noiseUpdateScale,noiseUpdateScale_pulse,noiseParticleScale,noiseParticleScale_pulse,pixel_acc,pixel_acc_pulse,pixel_acc_shiftX,pixel_acc_shiftX_pulse,pixel_acc_shiftY,pixel_acc_shiftY_pulse,pixel_radius,pixel_radius_pulse,pixel_mode,repop_CA,repop_CA_pulse,repop_BG,repop_BG_pulse,repop_path,repop_path_pulse,repop_colorBG,repop_colorBG_pulse,repop_greyBG,repop_greyBG_pulse,repop_colorPart,repop_colorPart_pulse,repop_greyPart,repop_greyPart_pulse,repop_colorCA,repop_colorCA_pulse,repop_greyCA,repop_greyCA_pulse,cameraWB_R,cameraWB_B,cameraExposure,cameraGain,cameraBrightness,cameraSaturation,cameraContrast,cameraGamma,cameraCaptFreq,camera_gamma,camera_contrast,photo_diaporama,photo_diaporama_fade,photo_diaporama_plateau,playing_soundtrackNo,cameraThreshold,cameraThreshold_pulse,cameraWeight,cameraWeight_pulse,cameraSobel,cameraSobel_pulse,invertCamera,video_satur,video_satur_pulse,video_value,video_value_pulse,photoWeight,photoWeight_pulse,photo_satur,photo_satur_pulse,photo_value,photo_value_pulse,photo_gamma,photo_gamma_pulse,photo_threshold,photo_threshold_pulse,photoJitterAmpl,maskJitterAmpl,photo_scale,mask_scale,photo_contrast,mask_contrast,CAParams,CAParams_pulse,nb_CATypes,CA1Type,CA1SubType,CA2Type,CA2SubType,CA1_CA2_weight,flashTrkCA_freq_0,flashCABG_freq,flashPixel_freq,flashPixel_duration,flashCameraTrkLength,flashCameraTrkBright,flashCameraTrkBeat,beat_threshold,beat_delay,sound_volume,sound_min,pen_radius_pressure_coef,pen_radius_angleHor_coef,pen_radius_angleVer_coef,tracksSync,cameraCumul,CAstep,interfaceOnScreen,CAcolorSpread,master_scale,master_scale_pulse,master_scale_ratio,master_offsetX,master_offsetY,freeze,sound_env_min,sound_env_max,audioInput_weight,soundtrack_PA_weight,soundtrack_PD_weight,sensor_sample_setUp,sensor_layout,sensor_activation,sensor_vol,cameraNo,CATable,GenerativeNights_planes
SHADER,*,*,*,*,*,*,Update_fs,*,Master_fs,Master_fs,*,Master_fs,*,Master_fs,Mixing_fs,*,Mixing_fs,*,Master_fs,*,Master_fs,*,Mixing_fs,*,Mixing_fs,*,Update_fs,*,Update_fs,*,*,*,*,*,*,*,*,*,*,*,*,*,*,*,*,*,*,*,*,*,Update_fs,Update_fs,Update_fs,*,*,*,*,*,*,*,*,*,*,Update_fs,*,ParticleAnimation_fs,*,Update_fs,*,Update_fs/ParticleAnimation_fs,*,Update_fs/ParticleAnimation_fs,*,Update_fs,*,Update_fs,Update_fs,*,Update_fs,*,ParticleAnimation_fs,*,*,*,*,*,*,*,*,*,*,*,*,*,*,*,*,*,*,*,*,Update_fs,*,Update_fs,Update_fs,*,*,*,*,Update_fs,*,Update_fs,*,Update_fs,*,Update_fs,Update_fs,*,Update_fs,*,Update_fs,*,Update_fs,*,Update_fs,*,Update_fs,*,Update_fs,*,*,*,Update_fs,Update_fs,Update_fs,Update_fs,Update_fs,*,*,*,*,*,*,*,*,*,*,*,*,*,*,*,*,*,*,*,*,*,*,Update_fs,Update_fs,Master_fs,Update_fs,Master_fs,Master_fs,Master_fs,Master_fs,Master_fs,Update_fs/ParticleAnimation_fs,*,*,*,*,*,*,*,*,*,*,*,*
PULSE,*,*,*,*,*,*,*,*,*,*,*,*,*,*,pulsed_uniform,*,pulsed_uniform,*,pulsed_uniform,*,pulsed_uniform,*,pulsed_absolute,*,pulsed_absolute,*,pulsed_uniform,*,pulsed_absolute,*,pulsed_special,*,pulsed_special,*,pulsed_special,*,pulsed_special,*,*,pulsed_special,*,pulsed_special,*,pulsed_special,*,pulsed_special,*,pulsed_special,*,*,*,*,*,pulsed_differential,*,pulsed_differential,*,pulsed_differential,*,pulsed_differential,*,*,*,pulsed_absolute,*,pulsed_absolute,*,pulsed_absolute,*,pulsed_absolute,*,pulsed_absolute,*,pulsed_absolute,*,*,pulsed_absolute,*,pulsed_absolute,*,pulsed_absolute,*,pulsed_special,*,pulsed_special,*,pulsed_special,*,pulsed_special,*,pulsed_special,*,pulsed_special,*,*,*,*,*,*,*,*,*,*,*,*,*,*,*,*,pulsed_absolute,*,pulsed_absolute,*,pulsed_absolute,*,*,pulsed_absolute,*,pulsed_absolute,*,pulsed_absolute,*,pulsed_absolute,*,pulsed_absolute,*,pulsed_absolute,*,pulsed_absolute,*,*,*,*,*,*,*,pulsed_absolute,*,*,*,*,*,*,*,*,*,*,*,*,*,*,*,*,*,*,*,*,*,*,*,*,*,*,pulsed_absolute,*,*,*,*,*,*,*,*,*,*,*,*,*,*,*,*,*
initial_values,,,,,,,,,,,,,,,,,,,,,,,,,,,,,,,,,,,,,,,,,,,,,,,,,,,,,,,,,,,,,,,,,,,,,,,,,,,,,,,,,,,,,,,,,,,,,,,,,,,,,,,,,,,,,,,,,,,,,,,,,,,,,,,,,,,,,,,,,,,,,,,,,,,,,,,,,,,,,,,,,,,,,,,,,,,,,,,,,,,,,,,,,,,,,,,,,,,,,,,,,,,,,,,,,,,,,
,1,0,0,0,0,1,1,1,0,0,1,3,0.5,1,1,0,1/0/0/0,0/0/0/0,0,0,1/0/0/0,0/0/0/0,0,0,0,0,0,0,0/0/0/0,0/0/0/0,1,0,0,0,1,0,1,0,0,1,0,0,0,0,0,0,0,0,0,0,0,1,1,0,0,0,0,0,0,0,0,0,0,0.614285714,0,0.614285714,0,0,0,0.5,0,0.5,0,0,0,0,0,0,0,0,0,0,0,0,0,0,0,0,0,0,0,0,0,0,-1,5000,-8,0,84,0,243,22,24,2.43,0,-1,0.2,10,-1,0.3132,0,0,0,0,0,0,0,0,0,0,0,0,0,0,1,0,1,0,0,0,0,0,1,1,0,0,0/0/0.5/0.571/0.306/0/0.236/0,0/0/0/0/0/0/0/0,8,3,3,0,0,1,4,0,0,0,2,1,-1,1000,500,1,0,0,0,0,0,0,15,0,1,1,0,1,0,0,0,40,85,1,1,1,0,0,0,1,-1,1,1
/initial_values,,,,,,,,,,,,,,,,,,,,,,,,,,,,,,,,,,,,,,,,,,,,,,,,,,,,,,,,,,,,,,,,,,,,,,,,,,,,,,,,,,,,,,,,,,,,,,,,,,,,,,,,,,,,,,,,,,,,,,,,,,,,,,,,,,,,,,,,,,,,,,,,,,,,,,,,,,,,,,,,,,,,,,,,,,,,,,,,,,,,,,,,,,,,,,,,,,,,,,,,,,,,,,,,,,,,,
scenario,8,,,,,,,,,,,,,,,,,,,,,,,,,,,,,,,,,,,,,,,,,,,,,,,,,,,,,,,,,,,,,,,,,,,,,,,,,,,,,,,,,,,,,,,,,,,,,,,,,,,,,,,,,,,,,,,,,,,,,,,,,,,,,,,,,,,,,,,,,,,,,,,,,,,,,,,,,,,,,,,,,,,,,,,,,,,,,,,,,,,,,,,,,,,,,,,,,,,,,,,,,,,,,,,,,,,,
scene,S0_start,60,prolong_when_ends,9_to_6:40_________Lines_Radius_1,to_End_________Scenes_Radius_3,,,,,,,,,,,,,,,,,,,,,,,,,,,,,,,,,,,,,,,,,,,,,,,,,,,,,,,,,,,,,,,,,,,,,,,,,,,,,,,,,,,,,,,,,,,,,,,,,,,,,,,,,,,,,,,,,,,,,,,,,,,,,,,,,,,,,,,,,,,,,,,,,,,,,,,,,,,,,,,,,,,,,,,,,,,,,,,,,,,,,,,,,,,,,,,,,,,,,,,,,,,,,,,,
1,S0_start,S0_start,S0_start,S0_start,S0_start,S0_start,S0_start,S0_start,S0_start,S0_start,S0_start,S0_start,S0_start,S0_start,S0_start,S0_start,S0_start,S0_start,S0_start,S0_start,S0_start,S0_start,S0_start,S0_start,S0_start,S0_start,S0_start,S0_start,S0_start,S0_start,S0_start,S0_start,S0_start,S0_start,S0_start,S0_start,S0_start,S0_start,S0_start,S0_start,S0_start,S0_start,S0_start,S0_start,S0_start,S0_start,S0_start,S0_start,S0_start,S0_start,S0_start,S0_start,S0_start,S0_start,S0_start,S0_start,S0_start,S0_start,S0_start,S0_start,S0_start,S0_start,S0_start,S0_start,S0_start,S0_start,S0_start,S0_start,S0_start,S0_start,S0_start,S0_start,S0_start,S0_start,S0_start,S0_start,S0_start,S0_start,S0_start,S0_start,S0_start,S0_start,S0_start,S0_start,S0_start,S0_start,S0_start,S0_start,S0_start,S0_start,S0_start,S0_start,S0_start,S0_start,S0_start,S0_start,S0_start,S0_start,S0_start,S0_start,S0_start,S0_start,S0_start,S0_start,S0_start,S0_start,S0_start,S0_start,S0_start,S0_start,S0_start,S0_start,S0_start,S0_start,S0_start,S0_start,S0_start,S0_start,S0_start,S0_start,S0_start,S0_start,S0_start,S0_start,S0_start,S0_start,S0_start,S0_start,S0_start,S0_start,S0_start,S0_start,S0_start,S0_start,S0_start,S0_start,S0_start,S0_start,S0_start,S0_start,S0_start,S0_start,S0_start,S0_start,S0_start,S0_start,S0_start,S0_start,S0_start,S0_start,S0_start,S0_start,S0_start,S0_start,S0_start,S0_start,S0_start,S0_start,S0_start,S0_start,S0_start,S0_start,S0_start,S0_start,S0_start,S0_start,S0_start,S0_start,S0_start,S0_start,S0_start,S0_start,S0_start,S0_start,S0_start,S0_start,S0_start,S0_start,S0_start,S0_start,S0_start
ID,auto_beat,auto_pulse,clearAllLayers,clearCA,clearLayer,reset_camera,camera_BG_subtr,camera_BG_ini_subtr,mute_second_screen,invertAllLayers,take_snapshots,cursorSize,auto_beat_duration,master,CAMixingWeight,CAMixingWeight_pulse,trackMixingWeight_0,trackMixingWeight_0_pulse,CAMasterWeight,CAMasterWeight_pulse,trackMasterWeight_0,trackMasterWeight_0_pulse,echo,echo_pulse,echoNeg,echoNeg_pulse,CAdecay,CAdecay_pulse,trkDecay_0,trkDecay_0_pulse,pen_radius,pen_radius_pulse,pen_color,pen_color_pulse,pen_grey,pen_grey_pulse,pen_color_a,pen_color_a_pulse,pen_brush,pen_radius_replay,pen_radius_replay_pulse,pen_color_replay,pen_color_replay_pulse,pen_saturation_replay,pen_saturation_replay_pulse,pen_value_replay,pen_value_replay_pulse,pen_hue_replay,pen_hue_replay_pulse,pen_brush_replay,currentDrawingTrack,currentVideoTrack,currentPhotoTrack,track_x_transl_0,track_x_transl_0_pulse,track_y_transl_0,track_y_transl_0_pulse,track_x_transl_1,track_x_transl_1_pulse,track_y_transl_1,track_y_transl_1_pulse,pulsed_part_Hshift,pulsed_part_Vshift,noiseUpdateScale,noiseUpdateScale_pulse,noiseParticleScale,noiseParticleScale_pulse,pixel_acc,pixel_acc_pulse,pixel_acc_shiftX,pixel_acc_shiftX_pulse,pixel_acc_shiftY,pixel_acc_shiftY_pulse,pixel_radius,pixel_radius_pulse,pixel_mode,repop_CA,repop_CA_pulse,repop_BG,repop_BG_pulse,repop_path,repop_path_pulse,repop_colorBG,repop_colorBG_pulse,repop_greyBG,repop_greyBG_pulse,repop_colorPart,repop_colorPart_pulse,repop_greyPart,repop_greyPart_pulse,repop_colorCA,repop_colorCA_pulse,repop_greyCA,repop_greyCA_pulse,cameraWB_R,cameraWB_B,cameraExposure,cameraGain,cameraBrightness,cameraSaturation,cameraContrast,cameraGamma,cameraCaptFreq,camera_gamma,camera_contrast,photo_diaporama,photo_diaporama_fade,photo_diaporama_plateau,playing_soundtrackNo,cameraThreshold,cameraThreshold_pulse,cameraWeight,cameraWeight_pulse,cameraSobel,cameraSobel_pulse,invertCamera,video_satur,video_satur_pulse,video_value,video_value_pulse,photoWeight,photoWeight_pulse,photo_satur,photo_satur_pulse,photo_value,photo_value_pulse,photo_gamma,photo_gamma_pulse,photo_threshold,photo_threshold_pulse,photoJitterAmpl,maskJitterAmpl,photo_scale,mask_scale,photo_contrast,mask_contrast,CAParams1,CAParams1_pulse,nb_CATypes,CA1Type,CA1SubType,CA2Type,CA2SubType,CA1_CA2_weight,flashTrkCA_freq_0,flashCABG_freq,flashPixel_freq,flashPixel_duration,flashCameraTrkLength,flashCameraTrkBright,flashCameraTrkBeat,beat_threshold,beat_delay,sound_volume,sound_min,pen_radius_pressure_coef,pen_radius_angleHor_coef,pen_radius_angleVer_coef,tracksSync,cameraCumul,CAstep,interfaceOnScreen,CAcolorSpread,master_scale,master_scale_pulse,master_scale_ratio,master_offsetX,master_offsetY,freeze,sound_env_min,sound_env_max,audioInput_weight,soundtrack_PA_weight,soundtrack_PD_weight,sensor_sample_setUp,sensor_layout,sensor_activation,sensor_vol,cameraNo,CATable,GenerativeNights_planes
,1,0,0,0,0,1,1,1,0,0,1,3,0.5,1,1,0,1/0/0/0,0/0/0/0,0,0,1/0/0/0,0/0/0/0,0,0,0,0,0,0,0/0/0/0,0/0/0/0,1,0,0,0,1,0,1,0,0,1,0,0,0,0,0,0,0,0,0,0,0,1,1,0,0,0,0,0,0,0,0,0,0,0.614285714,0,0.614285714,0,0,0,0.5,0,0.5,0,0,0,0,0,0,0,0,0,0,0,0,0,0,0,0,0,0,0,0,0,0,-1,5000,-8,0,84,0,243,22,24,2.43,0,-1,0.2,10,-1,0.3132,0,0,0,0,0,0,0,0,0,0,0,0,0,0,1,0,1,0,0,0,0,0,1,1,0,0,0/0/0.5/0.571/0.306/0/0.236/0,0/0/0/0/0/0/0/0,8,3,3,0,0,1,4,0,0,0,2,1,-1,1000,500,1,0,0,0,0,0,0,15,0,1,1,0,1,0,0,0,40,85,1,1,1,0,0,0,1,-1,1,1
,1,0,0,0,0,1,1,1,0,0,1,3,0.5,1,1,0,1/0/0/0,0/0/0/0,0,0,1/0/0/0,0/0/0/0,0,0,0,0,0,0,0/0/0/0,0/0/0/0,1,0,0,0,1,0,1,0,0,1,0,0,0,0,0,0,0,0,0,0,0,1,1,0,0,0,0,0,0,0,0,0,0,0.614285714,0,0.614285714,0,0,0,0.5,0,0.5,0,0,0,0,0,0,0,0,0,0,0,0,0,0,0,0,0,0,0,0,0,0,-1,5000,-8,0,84,0,243,22,24,2.43,0,-1,0.2,10,-1,0.3132,0,0,0,0,0,0,0,0,0,0,0,0,0,0,1,0,1,0,0,0,0,0,1,1,0,0,0/0/0.5/0.571/0.306/0/0.236/0,0/0/0/0/0/0/0/0,8,3,3,0,0,1,4,0,0,0,2,1,-1,1000,500,1,0,0,0,0,0,0,15,0,1,1,0,1,0,0,0,40,85,1,1,1,0,0,0,1,-1,1,1
,s,s,s,s,s,s,s,s,s,s,k,s,s,s,s,s,s,s,s,s,s,s,s,s,s,s,s,s,s,s,s,s,s,s,s,s,s,s,s,s,s,s,s,s,s,s,s,s,s,s,s,s,s,s,s,s,s,s,s,s,s,s,s,s,s,s,s,s,s,s,s,s,s,s,s,s,s,s,s,s,s,s,s,s,s,s,s,s,s,s,s,s,s,s,s,s,s,s,s,s,s,s,s,s,s,s,s,s,s,s,s,s,s,s,s,s,s,s,s,s,s,s,s,s,s,s,s,s,s,s,s,s,s,s,s,s,s,s,s,s,s,s,s,s,s,s,s,s,s,s,s,s,s,s,s,s,s,s,s,s,s,s,s,s,s,s,s,s,s,s,s,s,s,s,s,s,s,s,s,s,s
/scene,,,,,,,,,,,,,,,,,,,,,,,,,,,,,,,,,,,,,,,,,,,,,,,,,,,,,,,,,,,,,,,,,,,,,,,,,,,,,,,,,,,,,,,,,,,,,,,,,,,,,,,,,,,,,,,,,,,,,,,,,,,,,,,,,,,,,,,,,,,,,,,,,,,,,,,,,,,,,,,,,,,,,,,,,,,,,,,,,,,,,,,,,,,,,,,,,,,,,,,,,,,,,,,,,,,,,
scene,S1_city,720,prolong_when_ends,9_to_6:40_________Lines_Radius_1,to_End_________Scenes_Radius_3,,,,,,,,,,,,,,,,,,,,,,,,,,,,,,,,,,,,,,,,,,,,,,,,,,,,,,,,,,,,,,,,,,,,,,,,,,,,,,,,,,,,,,,,,,,,,,,,,,,,,,,,,,,,,,,,,,,,,,,,,,,,,,,,,,,,,,,,,,,,,,,,,,,,,,,,,,,,,,,,,,,,,,,,,,,,,,,,,,,,,,,,,,,,,,,,,,,,,,,,,,,,,,,,
2,S1_city,S1_city,S1_city,S1_city,S1_city,S1_city,S1_city,S1_city,S1_city,S1_city,S1_city,S1_city,S1_city,S1_city,S1_city,S1_city,S1_city,S1_city,S1_city,S1_city,S1_city,S1_city,S1_city,S1_city,S1_city,S1_city,S1_city,S1_city,S1_city,S1_city,S1_city,S1_city,S1_city,S1_city,S1_city,S1_city,S1_city,S1_city,S1_city,S1_city,S1_city,S1_city,S1_city,Moon,Moon,Moon,Moon,Moon,Moon,Moon,S1_city,S1_city,S1_city,S1_city,S1_city,S1_city,S1_city,S1_city,S1_city,S1_city,S1_city,S1_city,S1_city,S1_city,S1_city,S1_city,S1_city,S1_city,S1_city,S1_city,S1_city,S1_city,S1_city,S1_city,S1_city,S1_city,S1_city,S1_city,S1_city,S1_city,S1_city,S1_city,S1_city,S1_city,S1_city,S1_city,S1_city,S1_city,S1_city,S1_city,S1_city,S1_city,S1_city,S1_city,S1_city,S1_city,S1_city,S1_city,S1_city,S1_city,S1_city,S1_city,S1_city,S2_city,S0_city,S1_city,S1_city,S1_city,S1_city,S1_city,S1_city,S1_city,S1_city,S1_city,S1_city,S1_city,S1_city,S1_city,S1_city,S1_city,S1_city,S1_city,S1_city,S1_city,S1_city,S1_city,S1_city,S1_city,S1_city,S1_city,S1_city,S1_city,S1_city,S1_city,S1_city,S1_city,S1_city,S1_city,S1_city,S1_city,S1_city,S1_city,S1_city,S1_city,S1_city,S1_city,S1_city,S1_city,S1_city,S1_city,S1_city,S1_city,S1_city,S1_city,S1_city,S1_city,S1_city,S1_city,S1_city,S1_city,S1_city,S1_city,S1_city,S1_city,S1_city,S1_city,S1_city,S1_city,S1_city,S1_city,S1_city,S1_city,S1_city,S1_city,S1_city,S1_city,S1_city,S1_city,S1_city,S1_city,S1_city
ID,auto_beat,auto_pulse,clearAllLayers,clearCA,clearLayer,reset_camera,camera_BG_subtr,camera_BG_ini_subtr,mute_second_screen,invertAllLayers,take_snapshots,cursorSize,auto_beat_duration,master,CAMixingWeight,CAMixingWeight_pulse,trackMixingWeight_0,trackMixingWeight_0_pulse,CAMasterWeight,CAMasterWeight_pulse,trackMasterWeight_0,trackMasterWeight_0_pulse,echo,echo_pulse,echoNeg,echoNeg_pulse,CAdecay,CAdecay_pulse,trkDecay_0,trkDecay_0_pulse,pen_radius,pen_radius_pulse,pen_color,pen_color_pulse,pen_grey,pen_grey_pulse,pen_color_a,pen_color_a_pulse,pen_brush,pen_radius_replay,pen_radius_replay_pulse,pen_color_replay,pen_color_replay_pulse,pen_saturation_replay,pen_saturation_replay_pulse,pen_value_replay,pen_value_replay_pulse,pen_hue_replay,pen_hue_replay_pulse,pen_brush_replay,currentDrawingTrack,currentVideoTrack,currentPhotoTrack,track_x_transl_0,track_x_transl_0_pulse,track_y_transl_0,track_y_transl_0_pulse,track_x_transl_1,track_x_transl_1_pulse,track_y_transl_1,track_y_transl_1_pulse,pulsed_part_Hshift,pulsed_part_Vshift,noiseUpdateScale,noiseUpdateScale_pulse,noiseParticleScale,noiseParticleScale_pulse,pixel_acc,pixel_acc_pulse,pixel_acc_shiftX,pixel_acc_shiftX_pulse,pixel_acc_shiftY,pixel_acc_shiftY_pulse,pixel_radius,pixel_radius_pulse,pixel_mode,repop_CA,repop_CA_pulse,repop_BG,repop_BG_pulse,repop_path,repop_path_pulse,repop_colorBG,repop_colorBG_pulse,repop_greyBG,repop_greyBG_pulse,repop_colorPart,repop_colorPart_pulse,repop_greyPart,repop_greyPart_pulse,repop_colorCA,repop_colorCA_pulse,repop_greyCA,repop_greyCA_pulse,cameraWB_R,cameraWB_B,cameraExposure,cameraGain,cameraBrightness,cameraSaturation,cameraContrast,cameraGamma,cameraCaptFreq,camera_gamma,camera_contrast,photo_diaporama,photo_diaporama_fade,photo_diaporama_plateau,playing_soundtrackNo,cameraThreshold,cameraThreshold_pulse,cameraWeight,cameraWeight_pulse,cameraSobel,cameraSobel_pulse,invertCamera,video_satur,video_satur_pulse,video_value,video_value_pulse,photoWeight,photoWeight_pulse,photo_satur,photo_satur_pulse,photo_value,photo_value_pulse,photo_gamma,photo_gamma_pulse,photo_threshold,photo_threshold_pulse,photoJitterAmpl,maskJitterAmpl,photo_scale,mask_scale,photo_contrast,mask_contrast,CAParams1,CAParams1_pulse,nb_CATypes,CA1Type,CA1SubType,CA2Type,CA2SubType,CA1_CA2_weight,flashTrkCA_freq_0,flashCABG_freq,flashPixel_freq,flashPixel_duration,flashCameraTrkLength,flashCameraTrkBright,flashCameraTrkBeat,beat_threshold,beat_delay,sound_volume,sound_min,pen_radius_pressure_coef,pen_radius_angleHor_coef,pen_radius_angleVer_coef,tracksSync,cameraCumul,CAstep,interfaceOnScreen,CAcolorSpread,master_scale,master_scale_pulse,master_scale_ratio,master_offsetX,master_offsetY,freeze,sound_env_min,sound_env_max,audioInput_weight,soundtrack_PA_weight,soundtrack_PD_weight,sensor_sample_setUp,sensor_layout,sensor_activation,sensor_vol,cameraNo,CATable,GenerativeNights_planes
,1,0,0,0,0,1,1,1,0,0,1,3,0.5,1,1,0,1/0/0/0,0/0/0/0,0,0,0/0/0/0,0/0/0/0,0,0,0,0,0,0,0/0/0/0,0/0/0/0,1,0,0,0,1,0,1,0,0,1,0,0,0,0,0,0,0,0,0,0,0,1,1,0,0,0,0,0,0,0,0,0,0,0.614285714,0,0.614285714,0,0,0,0.5,0,0.5,0,0,0,0,0,0,0,0,0,0,0,0,0,0,0,0,0,0,0,0,0,0,-1,2800,-6,14,-2,9,16,0,14,2.43,0,-1,0.2,10,-1,0.2643,0,0,0,0,0,0,0,0,0,0,0,0,0,0,1,0,1,0,0,0,0,0,1,1,0,0,0/0/0.5/0.571/0.306/0/0.236/0,0/0/0/0/0/0/0/0,8,3,3,0,0,1,4,0,0,0,2,1,-1,1000,500,1,0,0,0,0,0,0,15,0,1,1,0,1,0,0,0,40,85,1,1,1,0,0,5,1,-1,1,1
,1,0,0,0,0,1,1,1,0,0,1,3,0.5,1,1,0,1/0/0/0,0/0/0/0,0,0,0/0/0/0,0/0/0/0,0,0,0,0,0,0,0/0/0/0,0/0/0/0,1,0,0,0,1,0,1,0,0,1,0,0,0,0,0,0,0,0,0,0,0,1,1,0,0,0,0,0,0,0,0,0,0,0.614285714,0,0.614285714,0,0.001,0,0.5,0,0.5,0,0,0,0,0,0,0,0,0,0,0,0,0,0,0,0,0,0,0,0,0,0,-1,2800,-6,14,-2,9,16,0,14,2.43,0,-1,0.2,10,-1,0.2643,0,0,0,0,0,0,0,0,0,0,0,0,0,0,1,0,1,0,0,0,0,0,1,1,0,0,0/0/0.5/0.571/0.306/0/0.236/0,0/0/0/0/0/0/0/0,8,3,3,0,0,1,4,0,0,0,2,1,-1,1000,500,1,0,0,0,0,0,0,1,0,1,1,0,1,0,0,0,40,85,1,1,1,1,0,5,1,-1,1,1
,k,s,s,s,s,s,s,s,s,s,k,s,s,s,s,s,s,s,s,s,s,s,s,s,s,s,s,s,s,s,s,s,s,s,s,s,s,s,s,s,s,s,s,s,s,s,s,s,s,s,s,s,s,s,s,s,s,s,s,s,s,s,s,s,s,s,s,L 0.98 0.02,s,s,s,s,s,s,s,s,s,s,s,s,s,s,s,s,s,s,s,s,s,s,s,s,s,s,k,k,k,k,k,k,k,k,k,k,k,s,s,s,s,k,s,s,s,s,s,s,s,s,s,s,s,s,s,s,s,s,s,s,s,s,s,s,s,s,s,s,s,s,s,s,s,s,s,s,s,s,s,s,s,s,s,s,s,k,k,s,s,s,s,s,L 0.0 0.3,s,s,s,s,s,s,s,s,k,k,s,s,s,L 0.8 0.2,s,s,s,s,s,s
/scene,,,,,,,,,,,,,,,,,,,,,,,,,,,,,,,,,,,,,,,,,,,,,,,,,,,,,,,,,,,,,,,,,,,,,,,,,,,,,,,,,,,,,,,,,,,,,,,,,,,,,,,,,,,,,,,,,,,,,,,,,,,,,,,,,,,,,,,,,,,,,,,,,,,,,,,,,,,,,,,,,,,,,,,,,,,,,,,,,,,,,,,,,,,,,,,,,,,,,,,,,,,,,,,,,,,,,
scene,S2_before_goddesses,1,change_when_ends,,,,,,,,,,,,,,,,,,,,,,,,,,,,,,,,,,,,,,,,,,,,,,,,,,,,,,,,,,,,,,,,,,,,,,,,,,,,,,,,,,,,,,,,,,,,,,,,,,,,,,,,,,,,,,,,,,,,,,,,,,,,,,,,,,,,,,,,,,,,,,,,,,,,,,,,,,,,,,,,,,,,,,,,,,,,,,,,,,,,,,,,,,,,,,,,,,,,,,,,,,,,,,,,,,
3,S2_before_goddesses,S2_before_goddesses,S2_before_goddesses,S2_before_goddesses,S2_before_goddesses,S2_before_goddesses,S2_before_goddesses,S2_before_goddesses,S2_before_goddesses,S2_before_goddesses,S2_before_goddesses,S2_before_goddesses,S2_before_goddesses,S2_before_goddesses,S2_before_goddesses,S2_before_goddesses,S2_before_goddesses,S2_before_goddesses,S2_before_goddesses,S2_before_goddesses,S2_before_goddesses,S2_before_goddesses,S2_before_goddesses,S2_before_goddesses,S2_before_goddesses,S2_before_goddesses,S2_before_goddesses,S2_before_goddesses,S2_before_goddesses,S2_before_goddesses,S2_before_goddesses,S2_before_goddesses,S2_before_goddesses,S2_before_goddesses,S2_before_goddesses,S2_before_goddesses,S2_before_goddesses,S2_before_goddesses,S2_before_goddesses,S2_before_goddesses,S2_before_goddesses,S2_before_goddesses,S2_before_goddesses,S2_before_goddesses,S2_before_goddesses,S2_before_goddesses,S2_before_goddesses,S2_before_goddesses,S2_before_goddesses,S2_before_goddesses,S2_before_goddesses,S2_before_goddesses,S2_before_goddesses,S2_before_goddesses,S2_before_goddesses,S2_before_goddesses,S2_before_goddesses,S2_before_goddesses,S2_before_goddesses,S2_before_goddesses,S2_before_goddesses,S2_before_goddesses,S2_before_goddesses,S2_before_goddesses,S2_before_goddesses,S2_before_goddesses,S2_before_goddesses,S2_before_goddesses,S2_before_goddesses,S2_before_goddesses,S2_before_goddesses,S2_before_goddesses,S2_before_goddesses,S2_before_goddesses,S2_before_goddesses,S2_before_goddesses,S2_before_goddesses,S2_before_goddesses,S2_before_goddesses,S2_before_goddesses,S2_before_goddesses,S2_before_goddesses,S2_before_goddesses,S2_before_goddesses,S2_before_goddesses,S2_before_goddesses,S2_before_goddesses,S2_before_goddesses,S2_before_goddesses,S2_before_goddesses,S2_before_goddesses,S2_before_goddesses,S2_before_goddesses,S2_before_goddesses,S2_before_goddesses,S2_before_goddesses,S2_before_goddesses,S2_before_goddesses,S2_before_goddesses,S2_before_goddesses,S2_before_goddesses,S2_before_goddesses,S2_before_goddesses,S2_before_goddesses,S2_before_goddesses,S2_before_goddesses,S2_before_goddesses,S2_before_goddesses,S2_before_goddesses,S2_before_goddesses,S2_before_goddesses,S2_before_goddesses,S2_before_goddesses,S2_before_goddesses,S2_before_goddesses,S2_before_goddesses,S2_before_goddesses,S2_before_goddesses,S2_before_goddesses,S2_before_goddesses,S2_before_goddesses,S2_before_goddesses,S2_before_goddesses,S2_before_goddesses,S2_before_goddesses,S2_before_goddesses,S2_before_goddesses,S2_before_goddesses,S2_before_goddesses,S2_before_goddesses,S2_before_goddesses,S2_before_goddesses,S2_before_goddesses,S2_before_goddesses,S2_before_goddesses,S2_before_goddesses,S2_before_goddesses,S2_before_goddesses,S2_before_goddesses,S2_before_goddesses,S2_before_goddesses,S2_before_goddesses,S2_before_goddesses,S2_before_goddesses,S2_before_goddesses,S2_before_goddesses,S2_before_goddesses,S2_before_goddesses,S2_before_goddesses,S2_before_goddesses,S2_before_goddesses,S2_before_goddesses,S2_before_goddesses,S2_before_goddesses,S2_before_goddesses,S2_before_goddesses,S2_before_goddesses,S2_before_goddesses,S2_before_goddesses,S2_before_goddesses,S2_before_goddesses,S2_before_goddesses,S2_before_goddesses,S2_before_goddesses,S2_before_goddesses,S2_before_goddesses,S2_before_goddesses,S2_before_goddesses,S2_before_goddesses,S2_before_goddesses,S2_before_goddesses,S2_before_goddesses,S2_before_goddesses,S2_before_goddesses,S2_before_goddesses,S2_before_goddesses,S2_before_goddesses,S2_before_goddesses,S2_before_goddesses,S2_before_goddesses,S2_before_goddesses
ID,auto_beat,auto_pulse,clearAllLayers,clearCA,clearLayer,reset_camera,camera_BG_subtr,camera_BG_ini_subtr,mute_second_screen,invertAllLayers,take_snapshots,cursorSize,auto_beat_duration,master,CAMixingWeight,CAMixingWeight_pulse,trackMixingWeight_0,trackMixingWeight_0_pulse,CAMasterWeight,CAMasterWeight_pulse,trackMasterWeight_0,trackMasterWeight_0_pulse,echo,echo_pulse,echoNeg,echoNeg_pulse,CAdecay,CAdecay_pulse,trkDecay_0,trkDecay_0_pulse,pen_radius,pen_radius_pulse,pen_color,pen_color_pulse,pen_grey,pen_grey_pulse,pen_color_a,pen_color_a_pulse,pen_brush,pen_radius_replay,pen_radius_replay_pulse,pen_color_replay,pen_color_replay_pulse,pen_saturation_replay,pen_saturation_replay_pulse,pen_value_replay,pen_value_replay_pulse,pen_hue_replay,pen_hue_replay_pulse,pen_brush_replay,currentDrawingTrack,currentVideoTrack,currentPhotoTrack,track_x_transl_0,track_x_transl_0_pulse,track_y_transl_0,track_y_transl_0_pulse,track_x_transl_1,track_x_transl_1_pulse,track_y_transl_1,track_y_transl_1_pulse,pulsed_part_Hshift,pulsed_part_Vshift,noiseUpdateScale,noiseUpdateScale_pulse,noiseParticleScale,noiseParticleScale_pulse,pixel_acc,pixel_acc_pulse,pixel_acc_shiftX,pixel_acc_shiftX_pulse,pixel_acc_shiftY,pixel_acc_shiftY_pulse,pixel_radius,pixel_radius_pulse,pixel_mode,repop_CA,repop_CA_pulse,repop_BG,repop_BG_pulse,repop_path,repop_path_pulse,repop_colorBG,repop_colorBG_pulse,repop_greyBG,repop_greyBG_pulse,repop_colorPart,repop_colorPart_pulse,repop_greyPart,repop_greyPart_pulse,repop_colorCA,repop_colorCA_pulse,repop_greyCA,repop_greyCA_pulse,cameraWB_R,cameraWB_B,cameraExposure,cameraGain,cameraBrightness,cameraSaturation,cameraContrast,cameraGamma,cameraCaptFreq,camera_gamma,camera_contrast,photo_diaporama,photo_diaporama_fade,photo_diaporama_plateau,playing_soundtrackNo,cameraThreshold,cameraThreshold_pulse,cameraWeight,cameraWeight_pulse,cameraSobel,cameraSobel_pulse,invertCamera,video_satur,video_satur_pulse,video_value,video_value_pulse,photoWeight,photoWeight_pulse,photo_satur,photo_satur_pulse,photo_value,photo_value_pulse,photo_gamma,photo_gamma_pulse,photo_threshold,photo_threshold_pulse,photoJitterAmpl,maskJitterAmpl,photo_scale,mask_scale,photo_contrast,mask_contrast,CAParams1,CAParams1_pulse,nb_CATypes,CA1Type,CA1SubType,CA2Type,CA2SubType,CA1_CA2_weight,flashTrkCA_freq_0,flashCABG_freq,flashPixel_freq,flashPixel_duration,flashCameraTrkLength,flashCameraTrkBright,flashCameraTrkBeat,beat_threshold,beat_delay,sound_volume,sound_min,pen_radius_pressure_coef,pen_radius_angleHor_coef,pen_radius_angleVer_coef,tracksSync,cameraCumul,CAstep,interfaceOnScreen,CAcolorSpread,master_scale,master_scale_pulse,master_scale_ratio,master_offsetX,master_offsetY,freeze,sound_env_min,sound_env_max,audioInput_weight,soundtrack_PA_weight,soundtrack_PD_weight,sensor_sample_setUp,sensor_layout,sensor_activation,sensor_vol,cameraNo,CATable,GenerativeNights_planes
,1,0,0,0,0,0,1,1,0,0,1,3,0.5,1,0.2,0,1/0/0/0,0/0/0/0,0,0,0/0/0/0,0/0/0/0,0,0,0,0,0,0,0/0/0/0,0/0/0/0,2,0,0,0,1,0,0.3,0,0,1,0,0,0,0,0,0,0,0,0,0,0,1,1,0,0,0,0,0,0,0,0,0,0,0.614285714,0,0.614285714,0,0,0,0.5,0,0.5,0,0,0,0,0,0,0,0,0,0,0,0,0,0,0,0,0,0,0,0,0,0,-1,2800,-6,14,-2,9,16,0,14,2.43,0,-1,0.2,10,-1,0.2643,0,0,0,0,0,0,0,0,0,0,0,0,0,0,1,0,1,0,0,0,0,0,1,1,0,0,0/0/0.5/0.34/0.252/0/0/0,0/0/0/0/0/0/0/0,8,3,3,2,18,1,4,0,0,0,2,1,-1,1000,500,1,0,0,0,0,0,0,1,0,1,1,0,1,0,0,0,40,85,1,1,1,1,0,4,0,-1,1,1
,1,0,0,0,0,0,1,1,0,0,1,3,0.5,1,0.2,0,1/0/0/0,0/0/0/0,0,0,0/0/0/0,0/0/0/0,0,0,0,0,0,0,0/0/0/0,0/0/0/0,2,0,0,0,1,0,0.3,0,0,1,0,0,0,0,0,0,0,0,0,0,0,1,1,0,0,0,0,0,0,0,0,0,0,0.614285714,0,0.614285714,0,0,0,0.5,0,0.5,0,0,0,0,0,0,0,0,0,0,0,0,0,0,0,0,0,0,0,0,0,0,-1,2800,-6,14,-2,9,16,0,14,2.43,0,-1,0.2,10,-1,0.2643,0,0,0,0,0,0,0,0,0,0,0,0,0,0,1,0,1,0,0,0,0,0,1,1,0,0,0/0/0.5/0.34/0.252/0/0/0,0/0/0/0/0/0/0/0,8,3,3,2,18,1,4,0,0,0,2,1,-1,1000,500,1,0,0,0,0,0,0,1,0,1,1,0,1,0,0,0,40,85,1,1,1,1,0,4,0,-1,1,1
,k,s,s,s,s,s,s,s,s,s,k,s,s,s,s,s,s,s,s,s,s,s,l,s,l,s,s,s,s,s,s,s,s,s,s,s,s,s,s,k,s,s,s,s,s,s,s,s,s,s,s,s,s,s,s,s,s,s,s,s,s,s,s,s,s,s,s,l,s,s,s,s,s,s,s,s,s,s,s,s,s,s,s,s,s,s,s,s,s,s,s,s,s,s,k,k,k,k,k,k,k,k,k,k,k,s,s,s,s,k,s,s,s,s,s,s,s,s,s,s,s,s,s,s,s,s,s,s,s,s,s,s,s,s,s,s,s,s,s,s,s,s,s,s,s,s,s,s,s,s,s,s,s,k,k,s,s,s,s,s,s,s,s,s,s,s,s,s,s,k,k,s,s,s,s,s,s,s,s,s,s
/scene,,,,,,,,,,,,,,,,,,,,,,,,,,,,,,,,,,,,,,,,,,,,,,,,,,,,,,,,,,,,,,,,,,,,,,,,,,,,,,,,,,,,,,,,,,,,,,,,,,,,,,,,,,,,,,,,,,,,,,,,,,,,,,,,,,,,,,,,,,,,,,,,,,,,,,,,,,,,,,,,,,,,,,,,,,,,,,,,,,,,,,,,,,,,,,,,,,,,,,,,,,,,,,,,,,,,,
scene,S2_goddesses,659,prolong_when_ends,to_9:30___Buildings_Monst_Rad_1,to_2:00_Gods_Alpha_1____to_End_dots_strokes,,,,,,,,,,,,,,,,,,,,,,,,,,,,,,,,,,,,,,,,,,,,,,,,,,,,,,,,,,,,,,,,,,,,,,,,,,,,,,,,,,,,,,,,,,,,,,,,,,,,,,,,,,,,,,,,,,,,,,,,,,,,,,,,,,,,,,,,,,,,,,,,,,,,,,,,,,,,,,,,,,,,,,,,,,,,,,,,,,,,,,,,,,,,,,,,,,,,,,,,,,,,,,,,
4,S2_goddesses,S2_goddesses,S2_goddesses,S2_goddesses,S2_goddesses,S2_goddesses,S2_goddesses,S2_goddesses,S2_goddesses,S2_goddesses,S2_goddesses,S2_goddesses,S2_goddesses,S2_goddesses,S2_goddesses,S2_goddesses,S2_goddesses,S2_goddesses,S2_goddesses,S2_goddesses,S2_goddesses,S2_goddesses,S2_goddesses,S2_goddesses,S2_goddesses,S2_goddesses,S2_goddesses,S2_goddesses,S2_goddesses,S2_goddesses,S2_goddesses,S2_goddesses,S2_goddesses,S2_goddesses,S2_goddesses,S2_goddesses,S2_goddesses,S2_goddesses,S2_goddesses,S2_goddesses,S2_goddesses,S2_goddesses,S2_goddesses,S2_goddesses,S2_goddesses,S2_goddesses,S2_goddesses,S2_goddesses,S2_goddesses,S2_goddesses,S2_goddesses,S2_goddesses,S2_goddesses,S2_goddesses,S2_goddesses,S2_goddesses,S2_goddesses,S2_goddesses,S2_goddesses,S2_goddesses,S2_goddesses,S2_goddesses,S2_goddesses,S2_goddesses,S2_goddesses,S2_goddesses,S2_goddesses,S2_goddesses,S2_goddesses,S2_goddesses,S2_goddesses,S2_goddesses,S2_goddesses,S2_goddesses,S2_goddesses,S2_goddesses,S2_goddesses,S2_goddesses,S2_goddesses,S2_goddesses,S2_goddesses,S2_goddesses,S2_goddesses,S2_goddesses,S2_goddesses,S2_goddesses,S2_goddesses,S2_goddesses,S2_goddesses,S2_goddesses,S2_goddesses,S2_goddesses,S2_goddesses,S2_goddesses,S2_goddesses,S2_goddesses,S2_goddesses,S2_goddesses,S2_goddesses,S2_goddesses,S2_goddesses,S2_goddesses,S2_goddesses,S2_goddesses,S2_goddesses,S2_goddesses,S2_goddesses,S2_goddesses,S2_goddesses,S2_goddesses,S2_goddesses,S2_goddesses,S2_goddesses,S2_goddesses,S2_goddesses,S2_goddesses,S2_goddesses,S2_goddesses,S2_goddesses,S2_goddesses,S2_goddesses,S2_goddesses,S2_goddesses,S2_goddesses,S2_goddesses,S2_goddesses,S2_goddesses,S2_goddesses,S2_goddesses,S2_goddesses,S2_goddesses,S2_goddesses,S2_goddesses,S2_goddesses,S2_goddesses,S2_goddesses,S2_goddesses,S2_goddesses,S2_goddesses,S2_goddesses,S2_goddesses,S2_goddesses,S2_goddesses,S2_goddesses,S2_goddesses,S2_goddesses,S2_goddesses,S2_goddesses,S2_goddesses,S2_goddesses,S2_goddesses,S2_goddesses,S2_goddesses,S2_goddesses,S2_goddesses,S2_goddesses,S2_goddesses,S2_goddesses,S2_goddesses,S2_goddesses,S2_goddesses,S2_goddesses,S2_goddesses,S2_goddesses,S2_goddesses,S2_goddesses,S2_goddesses,S2_goddesses,S2_goddesses,S2_goddesses,S2_goddesses,S2_goddesses,S2_goddesses,S2_goddesses,S2_goddesses,S2_goddesses,S2_goddesses,S2_goddesses,S2_goddesses,S2_goddesses,S2_goddesses
ID,auto_beat,auto_pulse,clearAllLayers,clearCA,clearLayer,reset_camera,camera_BG_subtr,camera_BG_ini_subtr,mute_second_screen,invertAllLayers,take_snapshots,cursorSize,auto_beat_duration,master,CAMixingWeight,CAMixingWeight_pulse,trackMixingWeight_0,trackMixingWeight_0_pulse,CAMasterWeight,CAMasterWeight_pulse,trackMasterWeight_0,trackMasterWeight_0_pulse,echo,echo_pulse,echoNeg,echoNeg_pulse,CAdecay,CAdecay_pulse,trkDecay_0,trkDecay_0_pulse,pen_radius,pen_radius_pulse,pen_color,pen_color_pulse,pen_grey,pen_grey_pulse,pen_color_a,pen_color_a_pulse,pen_brush,pen_radius_replay,pen_radius_replay_pulse,pen_color_replay,pen_color_replay_pulse,pen_saturation_replay,pen_saturation_replay_pulse,pen_value_replay,pen_value_replay_pulse,pen_hue_replay,pen_hue_replay_pulse,pen_brush_replay,currentDrawingTrack,currentVideoTrack,currentPhotoTrack,track_x_transl_0,track_x_transl_0_pulse,track_y_transl_0,track_y_transl_0_pulse,track_x_transl_1,track_x_transl_1_pulse,track_y_transl_1,track_y_transl_1_pulse,pulsed_part_Hshift,pulsed_part_Vshift,noiseUpdateScale,noiseUpdateScale_pulse,noiseParticleScale,noiseParticleScale_pulse,pixel_acc,pixel_acc_pulse,pixel_acc_shiftX,pixel_acc_shiftX_pulse,pixel_acc_shiftY,pixel_acc_shiftY_pulse,pixel_radius,pixel_radius_pulse,pixel_mode,repop_CA,repop_CA_pulse,repop_BG,repop_BG_pulse,repop_path,repop_path_pulse,repop_colorBG,repop_colorBG_pulse,repop_greyBG,repop_greyBG_pulse,repop_colorPart,repop_colorPart_pulse,repop_greyPart,repop_greyPart_pulse,repop_colorCA,repop_colorCA_pulse,repop_greyCA,repop_greyCA_pulse,cameraWB_R,cameraWB_B,cameraExposure,cameraGain,cameraBrightness,cameraSaturation,cameraContrast,cameraGamma,cameraCaptFreq,camera_gamma,camera_contrast,photo_diaporama,photo_diaporama_fade,photo_diaporama_plateau,playing_soundtrackNo,cameraThreshold,cameraThreshold_pulse,cameraWeight,cameraWeight_pulse,cameraSobel,cameraSobel_pulse,invertCamera,video_satur,video_satur_pulse,video_value,video_value_pulse,photoWeight,photoWeight_pulse,photo_satur,photo_satur_pulse,photo_value,photo_value_pulse,photo_gamma,photo_gamma_pulse,photo_threshold,photo_threshold_pulse,photoJitterAmpl,maskJitterAmpl,photo_scale,mask_scale,photo_contrast,mask_contrast,CAParams1,CAParams1_pulse,nb_CATypes,CA1Type,CA1SubType,CA2Type,CA2SubType,CA1_CA2_weight,flashTrkCA_freq_0,flashCABG_freq,flashPixel_freq,flashPixel_duration,flashCameraTrkLength,flashCameraTrkBright,flashCameraTrkBeat,beat_threshold,beat_delay,sound_volume,sound_min,pen_radius_pressure_coef,pen_radius_angleHor_coef,pen_radius_angleVer_coef,tracksSync,cameraCumul,CAstep,interfaceOnScreen,CAcolorSpread,master_scale,master_scale_pulse,master_scale_ratio,master_offsetX,master_offsetY,freeze,sound_env_min,sound_env_max,audioInput_weight,soundtrack_PA_weight,soundtrack_PD_weight,sensor_sample_setUp,sensor_layout,sensor_activation,sensor_vol,cameraNo,CATable,GenerativeNights_planes
,1,0,0,0,0,0,1,1,0,0,1,3,0.5,1,0.2,0,1/0/0/0,0/0/0/0,0,0,0/0/0/0,0/0/0/0,0,0,0,0,0,0,0/0/0/0,0/0/0/0,2,0,0,0,1,0,0.3,0,0,1,0,0,0,0,0,0,0,0,0,0,0,1,1,0,0,0,0,0,0,0,0,0,0,0.614285714,0,0.614285714,0,0,0,0.5,0,0.5,0,0,0,0,0,0,0,0,0,0,0,0,0,0,0,0,0,0,0,0,0,0,-1,2800,-6,14,-2,9,16,0,14,2.43,0,-1,0.2,10,-1,0.2643,0,0,0,0,0,0,0,0,0,0,0,0,0,0,1,0,1,0,0,0,0,0,1,1,0,0,0/0/0.5/0.34/0.252/0/0/0,0/0/0/0/0/0/0/0,8,3,3,2,18,1,4,0,0,0,2,1,-1,1000,500,1,0,0,0,0,0,0,1,0,1,1,0,1,0,0,0,40,85,1,1,1,1,0,4,0,-1,1,1
,1,0,0,0,0,0,1,1,0,0,1,3,0.5,1,0.6,0,1/0/0/0,0/0/0/0,0,0,0/0/0/0,0/0/0/0,0.8,0,0.1,0,0.003,0,0/0/0/0,0/0/0/0,50,0,0,0,1,0,0.3,0,0,1,0,0,0,0,0,0,0,0,0,0,0,1,1,0,0,0,0,0,0,0,0,0,0,0.614285714,0,0.614285714,0,0,0,0.5,0,0.5,0,0,0,0,0,0,0,0,0,0,0,0,0,0,0,0,0,0,0,0,0,0,-1,2800,-6,14,-2,9,16,0,14,2.43,0,-1,0.2,10,-1,0.2643,0,0,0,0,0,0,0,0,0,0,0,0,0,0,1,0,1,0,0,0,0,0,1,1,0,0,0/0/0.5/0.34/0.252/0/0/0,0/0/0/0/0/0/0/0,8,3,3,2,18,0,4,0,0,0,2,1,-1,1000,500,1,0,0,0,0,0,0,1,0,1,1,0,1,0,0,0,40,85,1,1,1,2,0,4,1,-1,1,1
,k,s,s,s,s,s,s,s,s,s,k,s,s,s,L 0.s 60.s,s,s,s,s,s,s,s,l,s,l,s,L 100s 417s,s,s,s,L 496s 144s,s,s,s,s,s,s,s,s,k,s,s,s,s,s,s,s,s,s,s,s,s,s,s,s,s,s,s,s,s,s,s,s,s,s,s,s,s,s,s,s,s,s,s,s,s,s,s,s,s,s,s,s,s,s,s,s,s,s,s,s,s,s,s,k,k,k,k,k,k,k,k,k,k,k,s,s,s,s,k,s,s,s,s,s,s,s,s,s,s,s,s,s,s,s,s,s,s,s,s,s,s,s,s,s,s,s,s,s,s,s,s,s,L 517s 123s,s,s,s,s,s,s,s,s,s,k,k,s,s,s,s,s,s,s,s,s,s,s,s,s,s,k,k,s,s,s,L 496s 144s,s,s,L 0.s 30.s,s,s,s
/scene,,,,,,,,,,,,,,,,,,,,,,,,,,,,,,,,,,,,,,,,,,,,,,,,,,,,,,,,,,,,,,,,,,,,,,,,,,,,,,,,,,,,,,,,,,,,,,,,,,,,,,,,,,,,,,,,,,,,,,,,,,,,,,,,,,,,,,,,,,,,,,,,,,,,,,,,,,,,,,,,,,,,,,,,,,,,,,,,,,,,,,,,,,,,,,,,,,,,,,,,,,,,,,,,,,,,,
scene,S3_final,120,prolong_when_ends,,,,,,,,,,,,,,,,,,,,,,,,,,,,,,,,,,,,,,,,,,,,,,,,,,,,,,,,,,,,,,,,,,,,,,,,,,,,,,,,,,,,,,,,,,,,,,,,,,,,,,,,,,,,,,,,,,,,,,,,,,,,,,,,,,,,,,,,,,,,,,,,,,,,,,,,,,,,,,,,,,,,,,,,,,,,,,,,,,,,,,,,,,,,,,,,,,,,,,,,,,,,,,,,,,
5,S3_final,S3_final,S3_final,S3_final,S3_final,S3_final,S3_final,S3_final,S3_final,S3_final,S3_final,S3_final,S3_final,S3_final,S3_final,S3_final,S3_final,S3_final,S3_final,S3_final,S3_final,S3_final,S3_final,S3_final,S3_final,S3_final,S3_final,S3_final,S3_final,S3_final,S3_final,S3_final,S3_final,S3_final,S3_final,S3_final,S3_final,S3_final,S3_final,S3_final,S3_final,S3_final,S3_final,S3_final,S3_final,S3_final,S3_final,S3_final,S3_final,S3_final,S3_final,S3_final,S3_final,S3_final,S3_final,S3_final,S3_final,S3_final,S3_final,S3_final,S3_final,S3_final,S3_final,S3_final,S3_final,S3_final,S3_final,S3_final,S3_final,S3_final,S3_final,S3_final,S3_final,S3_final,S3_final,S3_final,S3_final,S3_final,S3_final,S3_final,S3_final,S3_final,S3_final,S3_final,S3_final,S3_final,S3_final,S3_final,S3_final,S3_final,S3_final,S3_final,S3_final,S3_final,S3_final,S3_final,S3_final,S3_final,S3_final,S3_final,S3_final,S3_final,S3_final,S3_final,S3_final,S3_final,S3_final,S3_final,S3_final,S3_final,S3_final,S3_final,S3_final,S3_final,S3_final,S3_final,S3_final,S3_final,S3_final,S3_final,S3_final,S3_final,S3_final,S3_final,S3_final,S3_final,S3_final,S3_final,S3_final,S3_final,S3_final,S3_final,S3_final,S3_final,S3_final,S3_final,S3_final,S3_final,S3_final,S3_final,S3_final,S3_final,S3_final,S3_final,S3_final,S3_final,S3_final,S3_final,S3_final,S3_final,S3_final,S3_final,S3_final,S3_final,S3_final,S3_final,S3_final,S3_final,S3_final,S3_final,S3_final,S3_final,S3_final,S3_final,S3_final,S3_final,S3_final,S3_final,S3_final,S3_final,S3_final,S3_final,S3_final,S3_final,S3_final,S3_final,S3_final,S3_final,S3_final,S3_final,S3_final
ID,auto_beat,auto_pulse,clearAllLayers,clearCA,clearLayer,reset_camera,camera_BG_subtr,camera_BG_ini_subtr,mute_second_screen,invertAllLayers,take_snapshots,cursorSize,auto_beat_duration,master,CAMixingWeight,CAMixingWeight_pulse,trackMixingWeight_0,trackMixingWeight_0_pulse,CAMasterWeight,CAMasterWeight_pulse,trackMasterWeight_0,trackMasterWeight_0_pulse,echo,echo_pulse,echoNeg,echoNeg_pulse,CAdecay,CAdecay_pulse,trkDecay_0,trkDecay_0_pulse,pen_radius,pen_radius_pulse,pen_color,pen_color_pulse,pen_grey,pen_grey_pulse,pen_color_a,pen_color_a_pulse,pen_brush,pen_radius_replay,pen_radius_replay_pulse,pen_color_replay,pen_color_replay_pulse,pen_saturation_replay,pen_saturation_replay_pulse,pen_value_replay,pen_value_replay_pulse,pen_hue_replay,pen_hue_replay_pulse,pen_brush_replay,currentDrawingTrack,currentVideoTrack,currentPhotoTrack,track_x_transl_0,track_x_transl_0_pulse,track_y_transl_0,track_y_transl_0_pulse,track_x_transl_1,track_x_transl_1_pulse,track_y_transl_1,track_y_transl_1_pulse,pulsed_part_Hshift,pulsed_part_Vshift,noiseUpdateScale,noiseUpdateScale_pulse,noiseParticleScale,noiseParticleScale_pulse,pixel_acc,pixel_acc_pulse,pixel_acc_shiftX,pixel_acc_shiftX_pulse,pixel_acc_shiftY,pixel_acc_shiftY_pulse,pixel_radius,pixel_radius_pulse,pixel_mode,repop_CA,repop_CA_pulse,repop_BG,repop_BG_pulse,repop_path,repop_path_pulse,repop_colorBG,repop_colorBG_pulse,repop_greyBG,repop_greyBG_pulse,repop_colorPart,repop_colorPart_pulse,repop_greyPart,repop_greyPart_pulse,repop_colorCA,repop_colorCA_pulse,repop_greyCA,repop_greyCA_pulse,cameraWB_R,cameraWB_B,cameraExposure,cameraGain,cameraBrightness,cameraSaturation,cameraContrast,cameraGamma,cameraCaptFreq,camera_gamma,camera_contrast,photo_diaporama,photo_diaporama_fade,photo_diaporama_plateau,playing_soundtrackNo,cameraThreshold,cameraThreshold_pulse,cameraWeight,cameraWeight_pulse,cameraSobel,cameraSobel_pulse,invertCamera,video_satur,video_satur_pulse,video_value,video_value_pulse,photoWeight,photoWeight_pulse,photo_satur,photo_satur_pulse,photo_value,photo_value_pulse,photo_gamma,photo_gamma_pulse,photo_threshold,photo_threshold_pulse,photoJitterAmpl,maskJitterAmpl,photo_scale,mask_scale,photo_contrast,mask_contrast,CAParams1,CAParams1_pulse,nb_CATypes,CA1Type,CA1SubType,CA2Type,CA2SubType,CA1_CA2_weight,flashTrkCA_freq_0,flashCABG_freq,flashPixel_freq,flashPixel_duration,flashCameraTrkLength,flashCameraTrkBright,flashCameraTrkBeat,beat_threshold,beat_delay,sound_volume,sound_min,pen_radius_pressure_coef,pen_radius_angleHor_coef,pen_radius_angleVer_coef,tracksSync,cameraCumul,CAstep,interfaceOnScreen,CAcolorSpread,master_scale,master_scale_pulse,master_scale_ratio,master_offsetX,master_offsetY,freeze,sound_env_min,sound_env_max,audioInput_weight,soundtrack_PA_weight,soundtrack_PD_weight,sensor_sample_setUp,sensor_layout,sensor_activation,sensor_vol,cameraNo,CATable,GenerativeNights_planes
,1,0,0,0,0,0,1,1,0,0,1,0,0.5,1,1,0,1/0/0/0,0/0/0/0,0,0,0/0/0/0,0/0/0/0,0.8,0,0.063,0,0.003,0,-0.01/0/0/0,0/0/0/0,1,0,0,0,1,0,1,0,0,1,0,0,0,0,0,0,0,0,0,0,0,1,1,0,0,0,0,0,0,0,0,0,0,0.602857143,0,0.602857143,0,0.019,0,0,0,0.5,0,0,0,1,0,0,0,0,0,0,0,0,0,0,0,0,0,0,0,0,0,0,-1,2800,-6,14,-2,9,16,0,14,2.43,0,-1,0.2,10,-1,0.2643,0,0,0,0,0,0,0,0,0,0,0,0,0,0,1,0,1,0,0,0,0,0,1,1,0,0,0/0/0.5/0.34/0.252/0/0/0,0/0/0/0/0/0/0/0,8,0,0,0,0,1,0,9,0,0,2,1,-1,1000,500,1,0,0,0,0,0,0,3,0,1,1,0,1,0,0,0,40,85,1,1,1,2,0,4,1,-1,1,1
,1,0,0,0,0,0,1,1,0,0,1,0,0.5,1,0,0,1/0/0/0,0/0/0/0,0,0,0/0/0/0,0/0/0/0,0.99,0,0.007,0,0.1,0,0.1/0/0/0,0/0/0/0,1,0,0,0,1,0,1,0,0,1,0,0,0,0,0,0,0,0,0,0,0,1,1,0,0,0,0,0,0,0,0,0,0,0.602857143,0,0.602857143,0,1E-05,0,0,0,0.5,0,0,0,1,0,0,0,0,0,0,0,0,0,0,0,0,0,0,0,0,0,0,-1,2800,-6,14,-2,9,16,0,14,2.43,0,-1,0.2,10,-1,0.2643,0,0,0,0,0,0,0,0,0,0,0,0,0,0,1,0,1,0,0,0,0,0,1,1,0,0,0/0/0.5/0.34/0.252/0/0/0,0/0/0/0/0/0/0/0,8,0,0,0,0,1,0,9,0,0,2,1,-1,1000,500,1,0,0,0,0,0,0,3,0,1,1,0,1,0,0,0,40,85,1,1,1,2,0,4,1,-1,1,1
,k,s,s,s,s,s,s,s,s,s,k,s,s,s,L 0.98 0.02,s,s,s,s,s,s,s,l,s,l,s,L 0.s 5.s,s,L 0.98 0.02,s,s,s,s,s,s,s,s,s,s,k,s,s,s,s,s,s,s,s,s,s,s,s,s,s,s,s,s,s,s,s,s,s,s,s,s,s,s,l,s,s,s,s,s,s,s,s,s,s,s,s,s,s,s,s,s,s,s,s,s,s,s,s,s,s,k,k,k,k,k,k,k,k,k,k,k,s,s,s,s,k,s,s,s,s,s,s,s,s,s,s,s,s,s,s,s,s,s,s,s,s,s,s,s,s,s,s,s,s,s,s,s,s,s,s,s,s,s,s,s,s,s,s,s,k,k,s,s,s,s,s,s,s,s,s,s,s,s,s,s,k,k,s,s,s,s,s,s,k,s,s,s
/scene,,,,,,,,,,,,,,,,,,,,,,,,,,,,,,,,,,,,,,,,,,,,,,,,,,,,,,,,,,,,,,,,,,,,,,,,,,,,,,,,,,,,,,,,,,,,,,,,,,,,,,,,,,,,,,,,,,,,,,,,,,,,,,,,,,,,,,,,,,,,,,,,,,,,,,,,,,,,,,,,,,,,,,,,,,,,,,,,,,,,,,,,,,,,,,,,,,,,,,,,,,,,,,,,,,,,,
scene,S3_smoothCA,300,prolong_when_ends,Character_+_hand___BG_capt,Remove_hand___BG_capt___Angels,,,,,,,,,,,,,,,,,,,,,,,,,,,,,,,,,,,,,,,,,,,,,,,,,,,,,,,,,,,,,,,,,,,,,,,,,,,,,,,,,,,,,,,,,,,,,,,,,,,,,,,,,,,,,,,,,,,,,,,,,,,,,,,,,,,,,,,,,,,,,,,,,,,,,,,,,,,,,,,,,,,,,,,,,,,,,,,,,,,,,,,,,,,,,,,,,,,,,,,,,,,,,,,,
6,S3_smoothCA,S3_smoothCA,S3_smoothCA,S3_smoothCA,S3_smoothCA,S3_smoothCA,S3_smoothCA,S3_smoothCA,S3_smoothCA,S3_smoothCA,S3_smoothCA,S3_smoothCA,S3_smoothCA,S3_smoothCA,S3_smoothCA,S3_smoothCA,S3_smoothCA,S3_smoothCA,S3_smoothCA,S3_smoothCA,S3_smoothCA,S3_smoothCA,S3_smoothCA,S3_smoothCA,S3_smoothCA,S3_smoothCA,S3_smoothCA,S3_smoothCA,S3_smoothCA,S3_smoothCA,S3_smoothCA,S3_smoothCA,S3_smoothCA,S3_smoothCA,S3_smoothCA,S3_smoothCA,S3_smoothCA,S3_smoothCA,S3_smoothCA,S3_smoothCA,S3_smoothCA,S3_smoothCA,S3_smoothCA,S3_smoothCA,S3_smoothCA,S3_smoothCA,S3_smoothCA,S3_smoothCA,S3_smoothCA,S3_smoothCA,S3_smoothCA,S3_smoothCA,S3_smoothCA,S3_smoothCA,S3_smoothCA,S3_smoothCA,S3_smoothCA,S3_smoothCA,S3_smoothCA,S3_smoothCA,S3_smoothCA,S3_smoothCA,S3_smoothCA,S3_smoothCA,S3_smoothCA,S3_smoothCA,S3_smoothCA,S3_smoothCA,S3_smoothCA,S3_smoothCA,S3_smoothCA,S3_smoothCA,S3_smoothCA,S3_smoothCA,S3_smoothCA,S3_smoothCA,S3_smoothCA,S3_smoothCA,S3_smoothCA,S3_smoothCA,S3_smoothCA,S3_smoothCA,S3_smoothCA,S3_smoothCA,S3_smoothCA,S3_smoothCA,S3_smoothCA,S3_smoothCA,S3_smoothCA,S3_smoothCA,S3_smoothCA,S3_smoothCA,S3_smoothCA,S3_smoothCA,S3_smoothCA,S3_smoothCA,S3_smoothCA,S3_smoothCA,S3_smoothCA,S3_smoothCA,S3_smoothCA,S3_smoothCA,S3_smoothCA,S3_smoothCA,S3_smoothCA,S3_smoothCA,S3_smoothCA,S3_smoothCA,S3_smoothCA,S3_smoothCA,S3_smoothCA,S3_smoothCA,S3_smoothCA,S3_smoothCA,S3_smoothCA,S3_smoothCA,S3_smoothCA,S3_smoothCA,S3_smoothCA,S3_smoothCA,S3_smoothCA,S3_smoothCA,S3_smoothCA,S3_smoothCA,S3_smoothCA,S3_smoothCA,S3_smoothCA,S3_smoothCA,S3_smoothCA,S3_smoothCA,S3_smoothCA,S3_smoothCA,S3_smoothCA,S3_smoothCA,S3_smoothCA,S3_smoothCA,S3_smoothCA,S3_smoothCA,S3_smoothCA,S3_smoothCA,S3_smoothCA,S3_smoothCA,S3_smoothCA,S3_smoothCA,S3_smoothCA,S3_smoothCA,S3_smoothCA,S3_smoothCA,S3_smoothCA,S3_smoothCA,S3_smoothCA,S3_smoothCA,S3_smoothCA,S3_smoothCA,S3_smoothCA,S3_smoothCA,S3_smoothCA,S3_smoothCA,S3_smoothCA,S3_smoothCA,S3_smoothCA,S3_smoothCA,S3_smoothCA,S3_smoothCA,S3_smoothCA,S3_smoothCA,S3_smoothCA,S3_smoothCA,S3_smoothCA,S3_smoothCA,S3_smoothCA,S3_smoothCA,S3_smoothCA,S3_smoothCA,S3_smoothCA,S3_smoothCA,S3_smoothCA,S3_smoothCA,S3_smoothCA,S3_smoothCA,S3_smoothCA
ID,auto_beat,auto_pulse,clearAllLayers,clearCA,clearLayer,reset_camera,camera_BG_subtr,camera_BG_ini_subtr,mute_second_screen,invertAllLayers,take_snapshots,cursorSize,auto_beat_duration,master,CAMixingWeight,CAMixingWeight_pulse,trackMixingWeight_0,trackMixingWeight_0_pulse,CAMasterWeight,CAMasterWeight_pulse,trackMasterWeight_0,trackMasterWeight_0_pulse,echo,echo_pulse,echoNeg,echoNeg_pulse,CAdecay,CAdecay_pulse,trkDecay_0,trkDecay_0_pulse,pen_radius,pen_radius_pulse,pen_color,pen_color_pulse,pen_grey,pen_grey_pulse,pen_color_a,pen_color_a_pulse,pen_brush,pen_radius_replay,pen_radius_replay_pulse,pen_color_replay,pen_color_replay_pulse,pen_saturation_replay,pen_saturation_replay_pulse,pen_value_replay,pen_value_replay_pulse,pen_hue_replay,pen_hue_replay_pulse,pen_brush_replay,currentDrawingTrack,currentVideoTrack,currentPhotoTrack,track_x_transl_0,track_x_transl_0_pulse,track_y_transl_0,track_y_transl_0_pulse,track_x_transl_1,track_x_transl_1_pulse,track_y_transl_1,track_y_transl_1_pulse,pulsed_part_Hshift,pulsed_part_Vshift,noiseUpdateScale,noiseUpdateScale_pulse,noiseParticleScale,noiseParticleScale_pulse,pixel_acc,pixel_acc_pulse,pixel_acc_shiftX,pixel_acc_shiftX_pulse,pixel_acc_shiftY,pixel_acc_shiftY_pulse,pixel_radius,pixel_radius_pulse,pixel_mode,repop_CA,repop_CA_pulse,repop_BG,repop_BG_pulse,repop_path,repop_path_pulse,repop_colorBG,repop_colorBG_pulse,repop_greyBG,repop_greyBG_pulse,repop_colorPart,repop_colorPart_pulse,repop_greyPart,repop_greyPart_pulse,repop_colorCA,repop_colorCA_pulse,repop_greyCA,repop_greyCA_pulse,cameraWB_R,cameraWB_B,cameraExposure,cameraGain,cameraBrightness,cameraSaturation,cameraContrast,cameraGamma,cameraCaptFreq,camera_gamma,camera_contrast,photo_diaporama,photo_diaporama_fade,photo_diaporama_plateau,playing_soundtrackNo,cameraThreshold,cameraThreshold_pulse,cameraWeight,cameraWeight_pulse,cameraSobel,cameraSobel_pulse,invertCamera,video_satur,video_satur_pulse,video_value,video_value_pulse,photoWeight,photoWeight_pulse,photo_satur,photo_satur_pulse,photo_value,photo_value_pulse,photo_gamma,photo_gamma_pulse,photo_threshold,photo_threshold_pulse,photoJitterAmpl,maskJitterAmpl,photo_scale,mask_scale,photo_contrast,mask_contrast,CAParams1,CAParams1_pulse,nb_CATypes,CA1Type,CA1SubType,CA2Type,CA2SubType,CA1_CA2_weight,flashTrkCA_freq_0,flashCABG_freq,flashPixel_freq,flashPixel_duration,flashCameraTrkLength,flashCameraTrkBright,flashCameraTrkBeat,beat_threshold,beat_delay,sound_volume,sound_min,pen_radius_pressure_coef,pen_radius_angleHor_coef,pen_radius_angleVer_coef,tracksSync,cameraCumul,CAstep,interfaceOnScreen,CAcolorSpread,master_scale,master_scale_pulse,master_scale_ratio,master_offsetX,master_offsetY,freeze,sound_env_min,sound_env_max,audioInput_weight,soundtrack_PA_weight,soundtrack_PD_weight,sensor_sample_setUp,sensor_layout,sensor_activation,sensor_vol,cameraNo,CATable,GenerativeNights_planes
,1,0,0,0,0,1,1,1,0,0,1,0,0.5,1,1,0,1/0/0/0,0/0/0/0,0,0,0/0/0/0,0/0/0/0,0.6,0,0.02,0,0.003,0,-0.0023/0/0/0,0/0/0/0,1,0,0,0,1,0,1,0,0,1,0,0,0,0,0,0,0,0,0,0,0,1,1,0,0,0,0,0,0,0,0,0,0,0.008571429,0,0.008571429,0,0.019,0,0.1,0,0.5,0,0,0,1,0,0,0,0,0,0,0,0,0,0,0,0,0,0,0,0,0,0,-1,2800,-6,14,-2,9,16,0,14,2.43,0,-1,0.2,10,-1,0.2643,0,1,0,0,0,0,0,0,0,0,0,0,0,0,1,0,1,0,0,0,0,0,1,1,0,0,0.27/0/0.85/0.34/0.252/0/0/0,0/0/0/0/0/0/0/0,8,2,18,0,0,1,4,0,0,0,2,1,-1,1000,500,1,0,0,0,0,0,0,1,0,1,1,0,1,0,0,0,40,85,1,1,1,2,0,4,1,-1,1,1
,1,0,0,0,0,1,1,1,0,0,1,0,0.5,1,1,0,1/0/0/0,0/0/0/0,0,0,0/0/0/0,0/0/0/0,0.92,0,0.06,0,0.05,0,-0.0023/0/0/0,0/0/0/0,1,0,0,0,1,0,1,0,0,1,0,0,0,0,0,0,0,0,0,0,0,1,1,0,0,0,0,0,0,0,0,0,0,0.008571429,0,0.008571429,0,0.019,0,0.5,0,0.1,0,0,0,1,0,0,0,0,0,0,0,0,0,0,0,0,0,0,0,0,0,0,-1,2800,-6,14,-2,9,16,0,14,2.43,0,-1,0.2,10,-1,0.2643,0,1,0,0,0,0,0,0,0,0,0,0,0,0,1,0,1,0,0,0,0,0,1,1,0,0,0.27/0/0.85/0.34/0.252/0/0/0,0/0/0/0/0/0/0/0,8,2,18,0,0,1,4,0,0,0,2,1,-1,1000,500,1,0,0,0,0,0,0,1,0,1,1,0,1,0,0,0,40,85,1,1,1,2,0,4,1,-1,1,1
,k,s,s,s,s,s,s,s,s,s,k,s,s,s,s,s,s,s,s,s,s,s,l,s,l,s,l,s,s,s,s,s,s,s,s,s,s,s,s,k,s,s,s,s,s,s,s,s,s,s,s,s,s,s,s,s,s,s,s,s,s,s,s,s,s,s,s,s,s,l,s,l,s,s,s,s,s,s,s,s,s,s,l,s,s,s,l,s,s,s,l,s,s,s,k,k,k,k,k,k,k,k,k,k,k,s,s,s,s,k,s,s,s,s,s,s,s,s,s,s,s,s,s,s,s,s,s,s,s,s,s,s,s,s,s,s,s,s,s,s,s,s,s,s,s,s,s,s,s,s,s,s,s,k,k,s,s,s,s,s,s,s,s,s,s,s,s,s,s,k,k,s,s,s,s,s,s,k,s,s,s
/scene,,,,,,,,,,,,,,,,,,,,,,,,,,,,,,,,,,,,,,,,,,,,,,,,,,,,,,,,,,,,,,,,,,,,,,,,,,,,,,,,,,,,,,,,,,,,,,,,,,,,,,,,,,,,,,,,,,,,,,,,,,,,,,,,,,,,,,,,,,,,,,,,,,,,,,,,,,,,,,,,,,,,,,,,,,,,,,,,,,,,,,,,,,,,,,,,,,,,,,,,,,,,,,,,,,,,,
scene,S3_tumor,240,prolong_when_ends,Change_paper___Draw_ruins___BG_capt,Move___Draw_planes_and_psychopomp,,,,,,,,,,,,,,,,,,,,,,,,,,,,,,,,,,,,,,,,,,,,,,,,,,,,,,,,,,,,,,,,,,,,,,,,,,,,,,,,,,,,,,,,,,,,,,,,,,,,,,,,,,,,,,,,,,,,,,,,,,,,,,,,,,,,,,,,,,,,,,,,,,,,,,,,,,,,,,,,,,,,,,,,,,,,,,,,,,,,,,,,,,,,,,,,,,,,,,,,,,,,,,,,
7,S3_tumor,S3_tumor,S3_tumor,S3_tumor,S3_tumor,S3_tumor,S3_tumor,S3_tumor,S3_tumor,S3_tumor,S3_tumor,S3_tumor,S3_tumor,S3_tumor,S3_tumor,S3_tumor,S3_tumor,S3_tumor,S3_tumor,S3_tumor,S3_tumor,S3_tumor,S3_tumor,S3_tumor,S3_tumor,S3_tumor,S3_tumor,S3_tumor,S3_tumor,S3_tumor,S3_tumor,S3_tumor,S3_tumor,S3_tumor,S3_tumor,S3_tumor,S3_tumor,S3_tumor,S3_tumor,S3_tumor,S3_tumor,S3_tumor,S3_tumor,S3_tumor,S3_tumor,S3_tumor,S3_tumor,S3_tumor,S3_tumor,S3_tumor,S3_tumor,S3_tumor,S3_tumor,S3_tumor,S3_tumor,S3_tumor,S3_tumor,S3_tumor,S3_tumor,S3_tumor,S3_tumor,S3_tumor,S3_tumor,S3_tumor,S3_tumor,S3_tumor,S3_tumor,S3_tumor,S3_tumor,S3_tumor,S3_tumor,S3_tumor,S3_tumor,S3_tumor,S3_tumor,S3_tumor,S3_tumor,S3_tumor,S3_tumor,S3_tumor,S3_tumor,S3_tumor,S3_tumor,S3_tumor,S3_tumor,S3_tumor,S3_tumor,S3_tumor,S3_tumor,S3_tumor,S3_tumor,S3_tumor,S3_tumor,S3_tumor,S3_tumor,S3_tumor,S3_tumor,S3_tumor,S3_tumor,S3_tumor,S3_tumor,S3_tumor,S3_tumor,S3_tumor,S3_tumor,S3_tumor,S3_tumor,S3_tumor,S3_tumor,S3_tumor,S3_tumor,S3_tumor,S3_tumor,S3_tumor,S3_tumor,S3_tumor,S3_tumor,S3_tumor,S3_tumor,S3_tumor,S3_tumor,S3_tumor,S3_tumor,S3_tumor,S3_tumor,S3_tumor,S3_tumor,S3_tumor,S3_tumor,S3_tumor,S3_tumor,S3_tumor,S3_tumor,S3_tumor,S3_tumor,S3_tumor,S3_tumor,S3_tumor,S3_tumor,S3_tumor,S3_tumor,S3_tumor,S3_tumor,S3_tumor,S3_tumor,S3_tumor,S3_tumor,S3_tumor,S3_tumor,S3_tumor,S3_tumor,S3_tumor,S3_tumor,S3_tumor,S3_tumor,S3_tumor,S3_tumor,S3_tumor,S3_tumor,S3_tumor,S3_tumor,S3_tumor,S3_tumor,S3_tumor,S3_tumor,S3_tumor,S3_tumor,S3_tumor,S3_tumor,S3_tumor,S3_tumor,S3_tumor,S3_tumor,S3_tumor,S3_tumor,S3_tumor,S3_tumor,S3_tumor,S3_tumor,S3_tumor,S3_tumor
ID,auto_beat,auto_pulse,clearAllLayers,clearCA,clearLayer,reset_camera,camera_BG_subtr,camera_BG_ini_subtr,mute_second_screen,invertAllLayers,take_snapshots,cursorSize,auto_beat_duration,master,CAMixingWeight,CAMixingWeight_pulse,trackMixingWeight_0,trackMixingWeight_0_pulse,CAMasterWeight,CAMasterWeight_pulse,trackMasterWeight_0,trackMasterWeight_0_pulse,echo,echo_pulse,echoNeg,echoNeg_pulse,CAdecay,CAdecay_pulse,trkDecay_0,trkDecay_0_pulse,pen_radius,pen_radius_pulse,pen_color,pen_color_pulse,pen_grey,pen_grey_pulse,pen_color_a,pen_color_a_pulse,pen_brush,pen_radius_replay,pen_radius_replay_pulse,pen_color_replay,pen_color_replay_pulse,pen_saturation_replay,pen_saturation_replay_pulse,pen_value_replay,pen_value_replay_pulse,pen_hue_replay,pen_hue_replay_pulse,pen_brush_replay,currentDrawingTrack,currentVideoTrack,currentPhotoTrack,track_x_transl_0,track_x_transl_0_pulse,track_y_transl_0,track_y_transl_0_pulse,track_x_transl_1,track_x_transl_1_pulse,track_y_transl_1,track_y_transl_1_pulse,pulsed_part_Hshift,pulsed_part_Vshift,noiseUpdateScale,noiseUpdateScale_pulse,noiseParticleScale,noiseParticleScale_pulse,pixel_acc,pixel_acc_pulse,pixel_acc_shiftX,pixel_acc_shiftX_pulse,pixel_acc_shiftY,pixel_acc_shiftY_pulse,pixel_radius,pixel_radius_pulse,pixel_mode,repop_CA,repop_CA_pulse,repop_BG,repop_BG_pulse,repop_path,repop_path_pulse,repop_colorBG,repop_colorBG_pulse,repop_greyBG,repop_greyBG_pulse,repop_colorPart,repop_colorPart_pulse,repop_greyPart,repop_greyPart_pulse,repop_colorCA,repop_colorCA_pulse,repop_greyCA,repop_greyCA_pulse,cameraWB_R,cameraWB_B,cameraExposure,cameraGain,cameraBrightness,cameraSaturation,cameraContrast,cameraGamma,cameraCaptFreq,camera_gamma,camera_contrast,photo_diaporama,photo_diaporama_fade,photo_diaporama_plateau,playing_soundtrackNo,cameraThreshold,cameraThreshold_pulse,cameraWeight,cameraWeight_pulse,cameraSobel,cameraSobel_pulse,invertCamera,video_satur,video_satur_pulse,video_value,video_value_pulse,photoWeight,photoWeight_pulse,photo_satur,photo_satur_pulse,photo_value,photo_value_pulse,photo_gamma,photo_gamma_pulse,photo_threshold,photo_threshold_pulse,photoJitterAmpl,maskJitterAmpl,photo_scale,mask_scale,photo_contrast,mask_contrast,CAParams1,CAParams1_pulse,nb_CATypes,CA1Type,CA1SubType,CA2Type,CA2SubType,CA1_CA2_weight,flashTrkCA_freq_0,flashCABG_freq,flashPixel_freq,flashPixel_duration,flashCameraTrkLength,flashCameraTrkBright,flashCameraTrkBeat,beat_threshold,beat_delay,sound_volume,sound_min,pen_radius_pressure_coef,pen_radius_angleHor_coef,pen_radius_angleVer_coef,tracksSync,cameraCumul,CAstep,interfaceOnScreen,CAcolorSpread,master_scale,master_scale_pulse,master_scale_ratio,master_offsetX,master_offsetY,freeze,sound_env_min,sound_env_max,audioInput_weight,soundtrack_PA_weight,soundtrack_PD_weight,sensor_sample_setUp,sensor_layout,sensor_activation,sensor_vol,cameraNo,CATable,GenerativeNights_planes
,1,0,0,0,0,1,1,1,0,0,1,0,0.5,1,1,0,1/0/0/0,0/0/0/0,0,0,0/0/0/0,0/0/0/0,0.92,0,0.06,0,0.05,0,-0.0023/0/0/0,0/0/0/0,1,0,0,0,1,0,1,0,0,1,0,0,0,0,0,0,0,0,0,0,0,1,1,0,0,0,0,0,0,0,0,0,0,0.008571429,0,0.008571429,0,0.019,0,0.5,0,0.1,0,0,0,1,0,0,0,0,0,0,0,0,0,0,0,0,0,0,0,0,0,0,-1,2800,-6,14,-2,9,16,0,14,2.43,0,-1,0.2,10,-1,0.2643,0,1,0,0,0,0,0,0,0,0,0,0,0,0,1,0,1,0,0,0,0,0,1,1,0,0,0.27/0.1/0.85/0.34/0.252/0/0/0,0/0/0/0/0/0/0/0,8,2,18,6,1,1,4,0,0,0,2,1,-1,1000,500,1,0,0,0,0,0,0,1,0,1,1,0,1,0,0,0,40,85,1,1,1,2,0,4,1,-1,1,1
,1,0,0,0,0,1,1,1,0,0,1,0,0.5,1,0.08,0,1/0/0/0,0/0/0/0,0,0,0/0/0/0,0/0/0/0,0.92,0,0.06,0,0.014,0,0/0/0/0,0/0/0/0,1,0,0,0,1,0,1,0,0,1,0,0,0,0,0,0,0,0,0,0,0,1,1,0,0,0,0,0,0,0,0,0,0,0.658714286,0,0.658714286,0,0.019,0,0.5,0,0.1,0,0,0,1,0,0,0,0,0,0,0,0,0,0,0,0,0,0,0,0,0,0,-1,2800,-6,14,-2,9,16,0,14,2.43,0,-1,0.2,10,-1,0.2643,0,1,0,0,0,0,0,0,0,0,0,0,0,0,1,0,1,0,0,0,0,0,1,1,0,0,0.52/0.15/0.85/0.34/0.252/0/0/0,0/0/0/0/0/0/0/0,8,2,18,6,1,0,4,0,0,0,2,1,-1,1000,500,1,0,0,0,0,0,0,1,0,1,1,0,1,0,0,0,40,85,1,1,1,2,0,4,1,-1,1,1
,k,s,s,s,s,k,s,s,s,s,k,s,s,s,l,s,s,s,s,s,s,s,s,s,s,s,L 0.2 0.4,s,L 0.0 0.2,s,s,s,s,s,s,s,s,s,s,k,s,s,s,s,s,s,s,s,s,s,s,s,s,s,s,s,s,s,s,s,s,s,s,L 0.0 0.2,s,L 0.0 0.2,s,s,s,s,s,s,s,s,s,s,s,s,s,s,s,s,s,s,s,s,s,s,s,s,s,s,s,s,k,k,k,k,k,k,k,k,k,k,k,s,s,s,s,k,s,s,s,s,s,s,s,s,s,s,s,s,s,s,s,s,s,s,s,s,s,s,s,s,s,s,L 0.2 0.8,s,s,s,s,s,s,L 0.0 0.2,s,s,s,s,s,s,s,s,s,k,k,s,s,s,s,s,s,s,s,s,s,s,s,s,s,k,k,s,s,s,s,s,s,k,s,s,s
/scene,,,,,,,,,,,,,,,,,,,,,,,,,,,,,,,,,,,,,,,,,,,,,,,,,,,,,,,,,,,,,,,,,,,,,,,,,,,,,,,,,,,,,,,,,,,,,,,,,,,,,,,,,,,,,,,,,,,,,,,,,,,,,,,,,,,,,,,,,,,,,,,,,,,,,,,,,,,,,,,,,,,,,,,,,,,,,,,,,,,,,,,,,,,,,,,,,,,,,,,,,,,,,,,,,,,,,
scene,final,35,prolong_when_ends,,,,,,,,,,,,,,,,,,,,,,,,,,,,,,,,,,,,,,,,,,,,,,,,,,,,,,,,,,,,,,,,,,,,,,,,,,,,,,,,,,,,,,,,,,,,,,,,,,,,,,,,,,,,,,,,,,,,,,,,,,,,,,,,,,,,,,,,,,,,,,,,,,,,,,,,,,,,,,,,,,,,,,,,,,,,,,,,,,,,,,,,,,,,,,,,,,,,,,,,,,,,,,,,,,
8,final,final,final,final,final,final,final,final,final,final,final,final,final,final,final,final,final,final,final,final,final,final,final,final,final,final,final,final,final,final,final,final,final,final,final,final,final,final,final,final,final,final,final,final,final,final,final,final,final,final,final,final,final,final,final,final,final,final,final,final,final,final,final,final,final,final,final,final,final,final,final,final,final,final,final,final,final,final,final,final,final,final,final,final,final,final,final,final,final,final,final,final,final,final,final,final,final,final,final,final,final,final,final,final,final,final,final,final,final,final,final,final,final,final,final,final,final,final,final,final,final,final,final,final,final,final,final,final,final,final,final,final,final,final,final,final,final,final,final,final,final,final,final,final,final,final,final,final,final,final,final,final,final,final,final,final,final,final,final,final,final,final,final,final,final,final,final,final,final,final,final,final,final,final,final,final,final,final,final,final,final
ID,auto_beat,auto_pulse,clearAllLayers,clearCA,clearLayer,reset_camera,camera_BG_subtr,camera_BG_ini_subtr,mute_second_screen,invertAllLayers,take_snapshots,cursorSize,auto_beat_duration,master,CAMixingWeight,CAMixingWeight_pulse,trackMixingWeight_0,trackMixingWeight_0_pulse,CAMasterWeight,CAMasterWeight_pulse,trackMasterWeight_0,trackMasterWeight_0_pulse,echo,echo_pulse,echoNeg,echoNeg_pulse,CAdecay,CAdecay_pulse,trkDecay_0,trkDecay_0_pulse,pen_radius,pen_radius_pulse,pen_color,pen_color_pulse,pen_grey,pen_grey_pulse,pen_color_a,pen_color_a_pulse,pen_brush,pen_radius_replay,pen_radius_replay_pulse,pen_color_replay,pen_color_replay_pulse,pen_saturation_replay,pen_saturation_replay_pulse,pen_value_replay,pen_value_replay_pulse,pen_hue_replay,pen_hue_replay_pulse,pen_brush_replay,currentDrawingTrack,currentVideoTrack,currentPhotoTrack,track_x_transl_0,track_x_transl_0_pulse,track_y_transl_0,track_y_transl_0_pulse,track_x_transl_1,track_x_transl_1_pulse,track_y_transl_1,track_y_transl_1_pulse,pulsed_part_Hshift,pulsed_part_Vshift,noiseUpdateScale,noiseUpdateScale_pulse,noiseParticleScale,noiseParticleScale_pulse,pixel_acc,pixel_acc_pulse,pixel_acc_shiftX,pixel_acc_shiftX_pulse,pixel_acc_shiftY,pixel_acc_shiftY_pulse,pixel_radius,pixel_radius_pulse,pixel_mode,repop_CA,repop_CA_pulse,repop_BG,repop_BG_pulse,repop_path,repop_path_pulse,repop_colorBG,repop_colorBG_pulse,repop_greyBG,repop_greyBG_pulse,repop_colorPart,repop_colorPart_pulse,repop_greyPart,repop_greyPart_pulse,repop_colorCA,repop_colorCA_pulse,repop_greyCA,repop_greyCA_pulse,cameraWB_R,cameraWB_B,cameraExposure,cameraGain,cameraBrightness,cameraSaturation,cameraContrast,cameraGamma,cameraCaptFreq,camera_gamma,camera_contrast,photo_diaporama,photo_diaporama_fade,photo_diaporama_plateau,playing_soundtrackNo,cameraThreshold,cameraThreshold_pulse,cameraWeight,cameraWeight_pulse,cameraSobel,cameraSobel_pulse,invertCamera,video_satur,video_satur_pulse,video_value,video_value_pulse,photoWeight,photoWeight_pulse,photo_satur,photo_satur_pulse,photo_value,photo_value_pulse,photo_gamma,photo_gamma_pulse,photo_threshold,photo_threshold_pulse,photoJitterAmpl,maskJitterAmpl,photo_scale,mask_scale,photo_contrast,mask_contrast,CAParams1,CAParams1_pulse,nb_CATypes,CA1Type,CA1SubType,CA2Type,CA2SubType,CA1_CA2_weight,flashTrkCA_freq_0,flashCABG_freq,flashPixel_freq,flashPixel_duration,flashCameraTrkLength,flashCameraTrkBright,flashCameraTrkBeat,beat_threshold,beat_delay,sound_volume,sound_min,pen_radius_pressure_coef,pen_radius_angleHor_coef,pen_radius_angleVer_coef,tracksSync,cameraCumul,CAstep,interfaceOnScreen,CAcolorSpread,master_scale,master_scale_pulse,master_scale_ratio,master_offsetX,master_offsetY,freeze,sound_env_min,sound_env_max,audioInput_weight,soundtrack_PA_weight,soundtrack_PD_weight,sensor_sample_setUp,sensor_layout,sensor_activation,sensor_vol,cameraNo,CATable,GenerativeNights_planes
,1,0,0,0,0,1,1,1,0,0,1,0,0.5,1,1,0,1/0/0/0,0/0/0/0,0,0,0/0/0/0,0/0/0/0,0.6,0,0.02,0,0.014,0,0/0/0/0,0/0/0/0,1,0,0,0,0,0,1,0,1,1,3,0,0,0,0,0,0,0,0,0,0,1,1,0,0,0,0,0,0,0,0,0,0,0.658714286,0,0.658714286,0,0.019,0,0.5,0,0.5,0,0,0,1,0,0,0,0,0,0,0,0,0,0,0,0,0,0,0,0,0,0,-1,2800,-6,14,-2,9,16,0,14,2.43,0,-1,0.2,10,-1,0.2643,0,0,0,0,0,0,0,0,0,0,0,0,0,0,1,0,1,0,0,0,0,0,1,1,0,0,0.52/0.15/0.85/0.34/0.252/0/0/0,0/0/0/0/0/0/0/0,8,2,18,6,1,0,4,0,0,0,2,1,-1,1000,500,1,0,8,8,8,0,0,1,0,1,1,0,1,0,0,0,40,85,1,1,1,0.1,0,4,1,-1,1,1
,1,0,0,0,0,1,1,1,0,0,1,0,0.5,0,1,0,1/0/0/0,0/0/0/0,0,0,0/0/0/0,0/0/0/0,0.6,0,0.02,0,0.014,0,0/0/0/0,0/0/0/0,1,0,0,0,0,0,1,0,1,1,3,0,0,0,0,0,0,0,0,0,0,1,1,0,0,0,0,0,0,0,0,0,0,0.658714286,0,0.658714286,0,0.003,0,0.5,0,0.5,0,0,0,1,0,0,0,0,0,0,0,0,0,0,0,0,0,0,0,0,0,0,-1,2800,-6,14,-2,9,16,0,14,2.43,0,-1,0.2,10,-1,0.2643,0,0,0,0,0,0,0,0,0,0,0,0,0,0,1,0,1,0,0,0,0,0,1,1,0,0,0.5/0.15/0.85/0.34/0.252/0/0/0,0/0/0/0/0/0/0/0,8,2,18,6,1,0,4,0,0,0,2,1,-1,1000,500,1,0,8,8,8,0,0,1,0,1,1,0,1,0,0,0,40,85,1,1,1,0.1,0,4,1,-1,1,1
,k,s,s,s,s,s,s,s,s,s,k,s,s,L 0.66 0.34,s,s,s,s,s,s,s,s,s,s,s,s,s,s,s,s,s,s,s,s,s,s,s,s,s,k,s,s,s,s,s,s,s,s,s,s,s,s,s,s,s,s,s,s,s,s,s,s,s,s,s,s,s,l,s,s,s,s,s,s,s,s,s,s,s,s,s,s,s,s,s,s,s,s,s,s,s,s,s,s,k,k,k,k,k,k,k,k,k,k,k,s,s,s,s,k,s,s,s,s,s,s,s,s,s,s,s,s,s,s,s,s,s,s,s,s,s,s,s,s,s,s,l,s,s,s,s,s,s,s,s,s,s,s,s,s,s,s,k,k,k,s,s,s,s,s,s,s,s,s,s,s,s,s,k,k,k,s,s,s,s,s,s,k,s,s,s
/scene,,,,,,,,,,,,,,,,,,,,,,,,,,,,,,,,,,,,,,,,,,,,,,,,,,,,,,,,,,,,,,,,,,,,,,,,,,,,,,,,,,,,,,,,,,,,,,,,,,,,,,,,,,,,,,,,,,,,,,,,,,,,,,,,,,,,,,,,,,,,,,,,,,,,,,,,,,,,,,,,,,,,,,,,,,,,,,,,,,,,,,,,,,,,,,,,,,,,,,,,,,,,,,,,,,,,,
/scenario,,,,,,,,,,,,,,,,,,,,,,,,,,,,,,,,,,,,,,,,,,,,,,,,,,,,,,,,,,,,,,,,,,,,,,,,,,,,,,,,,,,,,,,,,,,,,,,,,,,,,,,,,,,,,,,,,,,,,,,,,,,,,,,,,,,,,,,,,,,,,,,,,,,,,,,,,,,,,,,,,,,,,,,,,,,,,,,,,,,,,,,,,,,,,,,,,,,,,,,,,,,,,,,,,,,,,
videos,0,,,,,,,,,,,,,,,,,,,,,,,,,,,,,,,,,,,,,,,,,,,,,,,,,,,,,,,,,,,,,,,,,,,,,,,,,,,,,,,,,,,,,,,,,,,,,,,,,,,,,,,,,,,,,,,,,,,,,,,,,,,,,,,,,,,,,,,,,,,,,,,,,,,,,,,,,,,,,,,,,,,,,,,,,,,,,,,,,,,,,,,,,,,,,,,,,,,,,,,,,,,,,,,,,,,,
/videos,,,,,,,,,,,,,,,,,,,,,,,,,,,,,,,,,,,,,,,,,,,,,,,,,,,,,,,,,,,,,,,,,,,,,,,,,,,,,,,,,,,,,,,,,,,,,,,,,,,,,,,,,,,,,,,,,,,,,,,,,,,,,,,,,,,,,,,,,,,,,,,,,,,,,,,,,,,,,,,,,,,,,,,,,,,,,,,,,,,,,,,,,,,,,,,,,,,,,,,,,,,,,,,,,,,,,
clips,0,width,height,cropped_width,cropped_height,,,,,,,,,,,,,,,,,,,,,,,,,,,,,,,,,,,,,,,,,,,,,,,,,,,,,,,,,,,,,,,,,,,,,,,,,,,,,,,,,,,,,,,,,,,,,,,,,,,,,,,,,,,,,,,,,,,,,,,,,,,,,,,,,,,,,,,,,,,,,,,,,,,,,,,,,,,,,,,,,,,,,,,,,,,,,,,,,,,,,,,,,,,,,,,,,,,,,,,,,,,,,,,,
/clips,,,,,,,,,,,,,,,,,,,,,,,,,,,,,,,,,,,,,,,,,,,,,,,,,,,,,,,,,,,,,,,,,,,,,,,,,,,,,,,,,,,,,,,,,,,,,,,,,,,,,,,,,,,,,,,,,,,,,,,,,,,,,,,,,,,,,,,,,,,,,,,,,,,,,,,,,,,,,,,,,,,,,,,,,,,,,,,,,,,,,,,,,,,,,,,,,,,,,,,,,,,,,,,,,,,,,
photos,1,,,,,,,,,,,,,,,,,,,,,,,,,,,,,,,,,,,,,,,,,,,,,,,,,,,,,,,,,,,,,,,,,,,,,,,,,,,,,,,,,,,,,,,,,,,,,,,,,,,,,,,,,,,,,,,,,,,,,,,,,,,,,,,,,,,,,,,,,,,,,,,,,,,,,,,,,,,,,,,,,,,,,,,,,,,,,,,,,,,,,,,,,,,,,,,,,,,,,,,,,,,,,,,,,,,,
album,captures,,,,,,,,,,,,,,,,,,,,,,,,,,,,,,,,,,,,,,,,,,,,,,,,,,,,,,,,,,,,,,,,,,,,,,,,,,,,,,,,,,,,,,,,,,,,,,,,,,,,,,,,,,,,,,,,,,,,,,,,,,,,,,,,,,,,,,,,,,,,,,,,,,,,,,,,,,,,,,,,,,,,,,,,,,,,,,,,,,,,,,,,,,,,,,,,,,,,,,,,,,,,,,,,,,,,
/photos,,,,,,,,,,,,,,,,,,,,,,,,,,,,,,,,,,,,,,,,,,,,,,,,,,,,,,,,,,,,,,,,,,,,,,,,,,,,,,,,,,,,,,,,,,,,,,,,,,,,,,,,,,,,,,,,,,,,,,,,,,,,,,,,,,,,,,,,,,,,,,,,,,,,,,,,,,,,,,,,,,,,,,,,,,,,,,,,,,,,,,,,,,,,,,,,,,,,,,,,,,,,,,,,,,,,,
soundtracks,0,,,,,,,,,,,,,,,,,,,,,,,,,,,,,,,,,,,,,,,,,,,,,,,,,,,,,,,,,,,,,,,,,,,,,,,,,,,,,,,,,,,,,,,,,,,,,,,,,,,,,,,,,,,,,,,,,,,,,,,,,,,,,,,,,,,,,,,,,,,,,,,,,,,,,,,,,,,,,,,,,,,,,,,,,,,,,,,,,,,,,,,,,,,,,,,,,,,,,,,,,,,,,,,,,,,,
/soundtracks,,,,,,,,,,,,,,,,,,,,,,,,,,,,,,,,,,,,,,,,,,,,,,,,,,,,,,,,,,,,,,,,,,,,,,,,,,,,,,,,,,,,,,,,,,,,,,,,,,,,,,,,,,,,,,,,,,,,,,,,,,,,,,,,,,,,,,,,,,,,,,,,,,,,,,,,,,,,,,,,,,,,,,,,,,,,,,,,,,,,,,,,,,,,,,,,,,,,,,,,,,,,,,,,,,,,,
svg_paths,0,path_No,track_No,radius,color_r,color_g,color_b,color_b,readSpeedScale,,,,,,,,,,,,,,,,,,,,,,,,,,,,,,,,,,,,,,,,,,,,,,,,,,,,,,,,,,,,,,,,,,,,,,,,,,,,,,,,,,,,,,,,,,,,,,,,,,,,,,,,,,,,,,,,,,,,,,,,,,,,,,,,,,,,,,,,,,,,,,,,,,,,,,,,,,,,,,,,,,,,,,,,,,,,,,,,,,,,,,,,,,,,,,,,,,,,,,,,,,,,
/svg_paths,,,,,,,,,,,,,,,,,,,,,,,,,,,,,,,,,,,,,,,,,,,,,,,,,,,,,,,,,,,,,,,,,,,,,,,,,,,,,,,,,,,,,,,,,,,,,,,,,,,,,,,,,,,,,,,,,,,,,,,,,,,,,,,,,,,,,,,,,,,,,,,,,,,,,,,,,,,,,,,,,,,,,,,,,,,,,,,,,,,,,,,,,,,,,,,,,,,,,,,,,,,,,,,,,,,,,
clip_arts,0,nb_layers,scale,translation_x,translation_y,rotation,color,,,,,,,,,,,,,,,,,,,,,,,,,,,,,,,,,,,,,,,,,,,,,,,,,,,,,,,,,,,,,,,,,,,,,,,,,,,,,,,,,,,,,,,,,,,,,,,,,,,,,,,,,,,,,,,,,,,,,,,,,,,,,,,,,,,,,,,,,,,,,,,,,,,,,,,,,,,,,,,,,,,,,,,,,,,,,,,,,,,,,,,,,,,,,,,,,,,,,,,,,,,,,,
/clip_arts,,,,,,,,,,,,,,,,,,,,,,,,,,,,,,,,,,,,,,,,,,,,,,,,,,,,,,,,,,,,,,,,,,,,,,,,,,,,,,,,,,,,,,,,,,,,,,,,,,,,,,,,,,,,,,,,,,,,,,,,,,,,,,,,,,,,,,,,,,,,,,,,,,,,,,,,,,,,,,,,,,,,,,,,,,,,,,,,,,,,,,,,,,,,,,,,,,,,,,,,,,,,,,,,,,,,,
textures,8,suffix,usage,rank,dimension,nb_3D_textures,size_x,size_y,nb_bytes_per_pixel,is_rectangle,invert,,,,,,,,,,,,,,,,,,,,,,,,,,,,,,,,,,,,,,,,,,,,,,,,,,,,,,,,,,,,,,,,,,,,,,,,,,,,,,,,,,,,,,,,,,,,,,,,,,,,,,,,,,,,,,,,,,,,,,,,,,,,,,,,,,,,,,,,,,,,,,,,,,,,,,,,,,,,,,,,,,,,,,,,,,,,,,,,,,,,,,,,,,,,,,,,,,,,,,,,,,
texture,SoundInitiative/master_mask-double,.png,master_mask,1,2,1,3840,1080,4,TRUE,FALSE,,,,,,,,,,,,,,,,,,,,,,,,,,,,,,,,,,,,,,,,,,,,,,,,,,,,,,,,,,,,,,,,,,,,,,,,,,,,,,,,,,,,,,,,,,,,,,,,,,,,,,,,,,,,,,,,,,,,,,,,,,,,,,,,,,,,,,,,,,,,,,,,,,,,,,,,,,,,,,,,,,,,,,,,,,,,,,,,,,,,,,,,,,,,,,,,,,,,,,,,,,
texture,LYMlogo,.png,logo,1,2,1,1024,768,4,true,false,,,,,,,,,,,,,,,,,,,,,,,,,,,,,,,,,,,,,,,,,,,,,,,,,,,,,,,,,,,,,,,,,,,,,,,,,,,,,,,,,,,,,,,,,,,,,,,,,,,,,,,,,,,,,,,,,,,,,,,,,,,,,,,,,,,,,,,,,,,,,,,,,,,,,,,,,,,,,,,,,,,,,,,,,,,,,,,,,,,,,,,,,,,,,,,,,,,,,,,,,,
texture,sensor.v2,.png,sensor,1,2,1,100,100,4,true,false,,,,,,,,,,,,,,,,,,,,,,,,,,,,,,,,,,,,,,,,,,,,,,,,,,,,,,,,,,,,,,,,,,,,,,,,,,,,,,,,,,,,,,,,,,,,,,,,,,,,,,,,,,,,,,,,,,,,,,,,,,,,,,,,,,,,,,,,,,,,,,,,,,,,,,,,,,,,,,,,,,,,,,,,,,,,,,,,,,,,,,,,,,,,,,,,,,,,,,,,,,
texture,Noise_core_double_3D,.png,noise,1,3,2,4096,2048,4,true,true,,,,,,,,,,,,,,,,,,,,,,,,,,,,,,,,,,,,,,,,,,,,,,,,,,,,,,,,,,,,,,,,,,,,,,,,,,,,,,,,,,,,,,,,,,,,,,,,,,,,,,,,,,,,,,,,,,,,,,,,,,,,,,,,,,,,,,,,,,,,,,,,,,,,,,,,,,,,,,,,,,,,,,,,,,,,,,,,,,,,,,,,,,,,,,,,,,,,,,,,,,
texture,brushes/Pen_demo_3D,.png,brush,1,3,3,2048,2048,4,true,true,,,,,,,,,,,,,,,,,,,,,,,,,,,,,,,,,,,,,,,,,,,,,,,,,,,,,,,,,,,,,,,,,,,,,,,,,,,,,,,,,,,,,,,,,,,,,,,,,,,,,,,,,,,,,,,,,,,,,,,,,,,,,,,,,,,,,,,,,,,,,,,,,,,,,,,,,,,,,,,,,,,,,,,,,,,,,,,,,,,,,,,,,,,,,,,,,,,,,,,,,,
texture,comet,.png,curve_particle,1,2,1,512,256,4,false,false,,,,,,,,,,,,,,,,,,,,,,,,,,,,,,,,,,,,,,,,,,,,,,,,,,,,,,,,,,,,,,,,,,,,,,,,,,,,,,,,,,,,,,,,,,,,,,,,,,,,,,,,,,,,,,,,,,,,,,,,,,,,,,,,,,,,,,,,,,,,,,,,,,,,,,,,,,,,,,,,,,,,,,,,,,,,,,,,,,,,,,,,,,,,,,,,,,,,,,,,,,
texture,blurredDisk,.png,splat_particle,1,2,1,256,256,4,false,false,,,,,,,,,,,,,,,,,,,,,,,,,,,,,,,,,,,,,,,,,,,,,,,,,,,,,,,,,,,,,,,,,,,,,,,,,,,,,,,,,,,,,,,,,,,,,,,,,,,,,,,,,,,,,,,,,,,,,,,,,,,,,,,,,,,,,,,,,,,,,,,,,,,,,,,,,,,,,,,,,,,,,,,,,,,,,,,,,,,,,,,,,,,,,,,,,,,,,,,,,,
texture,Core/Core-multilayer-v1,.tif,multilayer_master_mask,1,3,6,2048,2048,4,true,FALSE,,,,,,,,,,,,,,,,,,,,,,,,,,,,,,,,,,,,,,,,,,,,,,,,,,,,,,,,,,,,,,,,,,,,,,,,,,,,,,,,,,,,,,,,,,,,,,,,,,,,,,,,,,,,,,,,,,,,,,,,,,,,,,,,,,,,,,,,,,,,,,,,,,,,,,,,,,,,,,,,,,,,,,,,,,,,,,,,,,,,,,,,,,,,,,,,,,,,,,,,,,
/textures,,,,,,,,,,,,,,,,,,,,,,,,,,,,,,,,,,,,,,,,,,,,,,,,,,,,,,,,,,,,,,,,,,,,,,,,,,,,,,,,,,,,,,,,,,,,,,,,,,,,,,,,,,,,,,,,,,,,,,,,,,,,,,,,,,,,,,,,,,,,,,,,,,,,,,,,,,,,,,,,,,,,,,,,,,,,,,,,,,,,,,,,,,,,,,,,,,,,,,,,,,,,,,,,,,,,,
palette_colors,7,,,,,,,,,,,,,,,,,,,,,,,,,,,,,,,,,,,,,,,,,,,,,,,,,,,,,,,,,,,,,,,,,,,,,,,,,,,,,,,,,,,,,,,,,,,,,,,,,,,,,,,,,,,,,,,,,,,,,,,,,,,,,,,,,,,,,,,,,,,,,,,,,,,,,,,,,,,,,,,,,,,,,,,,,,,,,,,,,,,,,,,,,,,,,,,,,,,,,,,,,,,,,,,,,,,,
palette,red_grenade_fruit,247,93,57,205,42,23,23,232,91,117,,,,,,,,,,,,,,,,,,,,,,,,,,,,,,,,,,,,,,,,,,,,,,,,,,,,,,,,,,,,,,,,,,,,,,,,,,,,,,,,,,,,,,,,,,,,,,,,,,,,,,,,,,,,,,,,,,,,,,,,,,,,,,,,,,,,,,,,,,,,,,,,,,,,,,,,,,,,,,,,,,,,,,,,,,,,,,,,,,,,,,,,,,,,,,,,,,,,,,,,,,
palette,sun,237,222,16,247,78,9,9,222,80,113,,,,,,,,,,,,,,,,,,,,,,,,,,,,,,,,,,,,,,,,,,,,,,,,,,,,,,,,,,,,,,,,,,,,,,,,,,,,,,,,,,,,,,,,,,,,,,,,,,,,,,,,,,,,,,,,,,,,,,,,,,,,,,,,,,,,,,,,,,,,,,,,,,,,,,,,,,,,,,,,,,,,,,,,,,,,,,,,,,,,,,,,,,,,,,,,,,,,,,,,,,
palette,green_leaves,81,200,12,161,217,45,45,249,160,32,,,,,,,,,,,,,,,,,,,,,,,,,,,,,,,,,,,,,,,,,,,,,,,,,,,,,,,,,,,,,,,,,,,,,,,,,,,,,,,,,,,,,,,,,,,,,,,,,,,,,,,,,,,,,,,,,,,,,,,,,,,,,,,,,,,,,,,,,,,,,,,,,,,,,,,,,,,,,,,,,,,,,,,,,,,,,,,,,,,,,,,,,,,,,,,,,,,,,,,,,,
palette,purples,200,51,255,98,17,209,209,183,47,66,,,,,,,,,,,,,,,,,,,,,,,,,,,,,,,,,,,,,,,,,,,,,,,,,,,,,,,,,,,,,,,,,,,,,,,,,,,,,,,,,,,,,,,,,,,,,,,,,,,,,,,,,,,,,,,,,,,,,,,,,,,,,,,,,,,,,,,,,,,,,,,,,,,,,,,,,,,,,,,,,,,,,,,,,,,,,,,,,,,,,,,,,,,,,,,,,,,,,,,,,,
palette,oranges,255,85,33,255,52,19,19,218,0,77,,,,,,,,,,,,,,,,,,,,,,,,,,,,,,,,,,,,,,,,,,,,,,,,,,,,,,,,,,,,,,,,,,,,,,,,,,,,,,,,,,,,,,,,,,,,,,,,,,,,,,,,,,,,,,,,,,,,,,,,,,,,,,,,,,,,,,,,,,,,,,,,,,,,,,,,,,,,,,,,,,,,,,,,,,,,,,,,,,,,,,,,,,,,,,,,,,,,,,,,,,
palette,greens,11,255,123,0,176,119,119,64,218,255,,,,,,,,,,,,,,,,,,,,,,,,,,,,,,,,,,,,,,,,,,,,,,,,,,,,,,,,,,,,,,,,,,,,,,,,,,,,,,,,,,,,,,,,,,,,,,,,,,,,,,,,,,,,,,,,,,,,,,,,,,,,,,,,,,,,,,,,,,,,,,,,,,,,,,,,,,,,,,,,,,,,,,,,,,,,,,,,,,,,,,,,,,,,,,,,,,,,,,,,,,
palette,blue_abyss,21,37,159,87,66,167,167,4,134,132,,,,,,,,,,,,,,,,,,,,,,,,,,,,,,,,,,,,,,,,,,,,,,,,,,,,,,,,,,,,,,,,,,,,,,,,,,,,,,,,,,,,,,,,,,,,,,,,,,,,,,,,,,,,,,,,,,,,,,,,,,,,,,,,,,,,,,,,,,,,,,,,,,,,,,,,,,,,,,,,,,,,,,,,,,,,,,,,,,,,,,,,,,,,,,,,,,,,,,,,,,
/palette_colors,,,,,,,,,,,,,,,,,,,,,,,,,,,,,,,,,,,,,,,,,,,,,,,,,,,,,,,,,,,,,,,,,,,,,,,,,,,,,,,,,,,,,,,,,,,,,,,,,,,,,,,,,,,,,,,,,,,,,,,,,,,,,,,,,,,,,,,,,,,,,,,,,,,,,,,,,,,,,,,,,,,,,,,,,,,,,,,,,,,,,,,,,,,,,,,,,,,,,,,,,,,,,,,,,,,,,
color_presets,3,,,,,,,,,,,,,,,,,,,,,,,,,,,,,,,,,,,,,,,,,,,,,,,,,,,,,,,,,,,,,,,,,,,,,,,,,,,,,,,,,,,,,,,,,,,,,,,,,,,,,,,,,,,,,,,,,,,,,,,,,,,,,,,,,,,,,,,,,,,,,,,,,,,,,,,,,,,,,,,,,,,,,,,,,,,,,,,,,,,,,,,,,,,,,,,,,,,,,,,,,,,,,,,,,,,,
preset,blue,0.8428,,,,,,,,,,,,,,,,,,,,,,,,,,,,,,,,,,,,,,,,,,,,,,,,,,,,,,,,,,,,,,,,,,,,,,,,,,,,,,,,,,,,,,,,,,,,,,,,,,,,,,,,,,,,,,,,,,,,,,,,,,,,,,,,,,,,,,,,,,,,,,,,,,,,,,,,,,,,,,,,,,,,,,,,,,,,,,,,,,,,,,,,,,,,,,,,,,,,,,,,,,,,,,,,,,,
preset,red,0.5357,,,,,,,,,,,,,,,,,,,,,,,,,,,,,,,,,,,,,,,,,,,,,,,,,,,,,,,,,,,,,,,,,,,,,,,,,,,,,,,,,,,,,,,,,,,,,,,,,,,,,,,,,,,,,,,,,,,,,,,,,,,,,,,,,,,,,,,,,,,,,,,,,,,,,,,,,,,,,,,,,,,,,,,,,,,,,,,,,,,,,,,,,,,,,,,,,,,,,,,,,,,,,,,,,,,
preset,gold,0.1571,,,,,,,,,,,,,,,,,,,,,,,,,,,,,,,,,,,,,,,,,,,,,,,,,,,,,,,,,,,,,,,,,,,,,,,,,,,,,,,,,,,,,,,,,,,,,,,,,,,,,,,,,,,,,,,,,,,,,,,,,,,,,,,,,,,,,,,,,,,,,,,,,,,,,,,,,,,,,,,,,,,,,,,,,,,,,,,,,,,,,,,,,,,,,,,,,,,,,,,,,,,,,,,,,,,
/color_presets,,,,,,,,,,,,,,,,,,,,,,,,,,,,,,,,,,,,,,,,,,,,,,,,,,,,,,,,,,,,,,,,,,,,,,,,,,,,,,,,,,,,,,,,,,,,,,,,,,,,,,,,,,,,,,,,,,,,,,,,,,,,,,,,,,,,,,,,,,,,,,,,,,,,,,,,,,,,,,,,,,,,,,,,,,,,,,,,,,,,,,,,,,,,,,,,,,,,,,,,,,,,,,,,,,,,,
lights,0,group,port,address,channels,red,green,blue,grey,dimmer,strobe,zoom,pan,tilt,hue,,,,,,,,,,,,,,,,,,,,,,,,,,,,,,,,,,,,,,,,,,,,,,,,,,,,,,,,,,,,,,,,,,,,,,,,,,,,,,,,,,,,,,,,,,,,,,,,,,,,,,,,,,,,,,,,,,,,,,,,,,,,,,,,,,,,,,,,,,,,,,,,,,,,,,,,,,,,,,,,,,,,,,,,,,,,,,,,,,,,,,,,,,,,,,,,,,,,,,
/lights,,,,,,,,,,,,,,,,,,,,,,,,,,,,,,,,,,,,,,,,,,,,,,,,,,,,,,,,,,,,,,,,,,,,,,,,,,,,,,,,,,,,,,,,,,,,,,,,,,,,,,,,,,,,,,,,,,,,,,,,,,,,,,,,,,,,,,,,,,,,,,,,,,,,,,,,,,,,,,,,,,,,,,,,,,,,,,,,,,,,,,,,,,,,,,,,,,,,,,,,,,,,,,,,,,,,,
,,,,,,,,,,,,,,,,,,,,,,,,,,,,,,,,,,,,,,,,,,,,,,,,,,,,,,,,,,,,,,,,,,,,,,,,,,,,,,,,,,,,,,,,,,,,,,,,,,,,,,,,,,,,,,,,,,,,,,,,,,,,,,,,,,,,,,,,,,,,,,,,,,,,,,,,,,,,,,,,,,,,,,,,,,,,,,,,,,,,,,,,,,,,,,,,,,,,,,,,,,,,,,,,,,,,,
,,,,,,,,,,,,,,,,,,,,,,,,,,,,,,,,,,,,,,,,,,,,,,,,,,,,,,,,,,,,,,,,,,,,,,,,,,,,,,,,,,,,,,,,,,,,,,,,,,,,,,,,,,,,,,,,,,,,,,,,,,,,,,,,,,,,,,,,,,,,,,,,,,,,,,,,,,,,,,,,,,,,,,,,,,,,,,,,,,,,,,,,,,,,,,,,,,,,,,,,,,,,,,,,,,,,,
,,,,,,,,,,,,,,,,,,,,,,,,,,,,,,,,,,,,,,,,,,,,,,,,,,,,,,,,,,,,,,,,,,,,,,,,,,,,,,,,,,,,,,,,,,,,,,,,,,,,,,,,,,,,,,,,,,,,,,,,,,,,,,,,,,,,,,,,,,,,,,,,,,,,,,,,,,,,,,,,,,,,,,,,,,,,,,,,,,,,,,,,,,,,,,,,,,,,,,,,,,,,,,,,,,,,,
,,,,,,,,,,,,,,,,,,,,,,,,,,,,,,,,,,,,,,,,,,,,,,,,,,,,,,,,,,,,,,,,,,,,,,,,,,,,,,,,,,,,,,,,,,,,,,,,,,,,,,,,,,,,,,,,,,,,,,,,,,,,,,,,,,,,,,,,,,,,,,,,,,,,,,,,,,,,,,,,,,,,,,,,,,,,,,,,,,,,,,,,,,,,,,,,,,,,,,,,,,,,,,,,,,,,,
,,,,,,,,,,,,,,,,,,,,,,,,,,,,,,,,,,,,,,,,,,,,,,,,,,,,,,,,,,,,,,,,,,,,,,,,,,,,,,,,,,,,,,,,,,,,,,,,,,,,,,,,,,,,,,,,,,,,,,,,,,,,,,,,,,,,,,,,,,,,,,,,,,,,,,,,,,,,,,,,,,,,,,,,,,,,,,,,,,,,,,,,,,,,,,,,,,,,,,,,,,,,,,,,,,,,,
,,,,,,,,,,,,,,,,,,,,,,,,,,,,,,,,,,,,,,,,,,,,,,,,,,,,,,,,,,,,,,,,,,,,,,,,,,,,,,,,,,,,,,,,,,,,,,,,,,,,,,,,,,,,,,,,,,,,,,,,,,,,,,,,,,,,,,,,,,,,,,,,,,,,,,,,,,,,,,,,,,,,,,,,,,,,,,,,,,,,,,,,,,,,,,,,,,,,,,,,,,,,,,,,,,,,,
,,,,,,,,,,,,,,,,,,,,,,,,,,,,,,,,,,,,,,,,,,,,,,,,,,,,,,,,,,,,,,,,,,,,,,,,,,,,,,,,,,,,,,,,,,,,,,,,,,,,,,,,,,,,,,,,,,,,,,,,,,,,,,,,,,,,,,,,,,,,,,,,,,,,,,,,,,,,,,,,,,,,,,,,,,,,,,,,,,,,,,,,,,,,,,,,,,,,,,,,,,,,,,,,,,,,,
,,,,,,,,,,,,,,,,,,,,,,,,,,,,,,,,,,,,,,,,,,,,,,,,,,,,,,,,,,,,,,,,,,,,,,,,,,,,,,,,,,,,,,,,,,,,,,,,,,,,,,,,,,,,,,,,,,,,,,,,,,,,,,,,,,,,,,,,,,,,,,,,,,,,,,,,,,,,,,,,,,,,,,,,,,,,,,,,,,,,,,,,,,,,,,,,,,,,,,,,,,,,,,,,,,,,,
,,,,,,,,,,,,,,,,,,,,,,,,,,,,,,,,,,,,,,,,,,,,,,,,,,,,,,,,,,,,,,,,,,,,,,,,,,,,,,,,,,,,,,,,,,,,,,,,,,,,,,,,,,,,,,,,,,,,,,,,,,,,,,,,,,,,,,,,,,,,,,,,,,,,,,,,,,,,,,,,,,,,,,,,,,,,,,,,,,,,,,,,,,,,,,,,,,,,,,,,,,,,,,,,,,,,,
,,,,,,,,,,,,,,,,,,,,,,,,,,,,,,,,,,,,,,,,,,,,,,,,,,,,,,,,,,,,,,,,,,,,,,,,,,,,,,,,,,,,,,,,,,,,,,,,,,,,,,,,,,,,,,,,,,,,,,,,,,,,,,,,,,,,,,,,,,,,,,,,,,,,,,,,,,,,,,,,,,,,,,,,,,,,,,,,,,,,,,,,,,,,,,,,,,,,,,,,,,,,,,,,,,,,,
,,,,,,,,,,,,,,,,,,,,,,,,,,,,,,,,,,,,,,,,,,,,,,,,,,,,,,,,,,,,,,,,,,,,,,,,,,,,,,,,,,,,,,,,,,,,,,,,,,,,,,,,,,,,,,,,,,,,,,,,,,,,,,,,,,,,,,,,,,,,,,,,,,,,,,,,,,,,,,,,,,,,,,,,,,,,,,,,,,,,,,,,,,,,,,,,,,,,,,,,,,,,,,,,,,,,,
,,,,,,,,,,,,,,,,,,,,,,,,,,,,,,,,,,,,,,,,,,,,,,,,,,,,,,,,,,,,,,,,,,,,,,,,,,,,,,,,,,,,,,,,,,,,,,,,,,,,,,,,,,,,,,,,,,,,,,,,,,,,,,,,,,,,,,,,,,,,,,,,,,,,,,,,,,,,,,,,,,,,,,,,,,,,,,,,,,,,,,,,,,,,,,,,,,,,,,,,,,,,,,,,,,,,,
,,,,,,,,,,,,,,,,,,,,,,,,,,,,,,,,,,,,,,,,,,,,,,,,,,,,,,,,,,,,,,,,,,,,,,,,,,,,,,,,,,,,,,,,,,,,,,,,,,,,,,,,,,,,,,,,,,,,,,,,,,,,,,,,,,,,,,,,,,,,,,,,,,,,,,,,,,,,,,,,,,,,,,,,,,,,,,,,,,,,,,,,,,,,,,,,,,,,,,,,,,,,,,,,,,,,,
,,,,,,,,,,,,,,,,,,,,,,,,,,,,,,,,,,,,,,,,,,,,,,,,,,,,,,,,,,,,,,,,,,,,,,,,,,,,,,,,,,,,,,,,,,,,,,,,,,,,,,,,,,,,,,,,,,,,,,,,,,,,,,,,,,,,,,,,,,,,,,,,,,,,,,,,,,,,,,,,,,,,,,,,,,,,,,,,,,,,,,,,,,,,,,,,,,,,,,,,,,,,,,,,,,,,,
,,,,,,,,,,,,,,,,,,,,,,,,,,,,,,,,,,,,,,,,,,,,,,,,,,,,,,,,,,,,,,,,,,,,,,,,,,,,,,,,,,,,,,,,,,,,,,,,,,,,,,,,,,,,,,,,,,,,,,,,,,,,,,,,,,,,,,,,,,,,,,,,,,,,,,,,,,,,,,,,,,,,,,,,,,,,,,,,,,,,,,,,,,,,,,,,,,,,,,,,,,,,,,,,,,,,,
,,,,,,,,,,,,,,,,,,,,,,,,,,,,,,,,,,,,,,,,,,,,,,,,,,,,,,,,,,,,,,,,,,,,,,,,,,,,,,,,,,,,,,,,,,,,,,,,,,,,,,,,,,,,,,,,,,,,,,,,,,,,,,,,,,,,,,,,,,,,,,,,,,,,,,,,,,,,,,,,,,,,,,,,,,,,,,,,,,,,,,,,,,,,,,,,,,,,,,,,,,,,,,,,,,,,,
,,,,,,,,,,,,,,,,,,,,,,,,,,,,,,,,,,,,,,,,,,,,,,,,,,,,,,,,,,,,,,,,,,,,,,,,,,,,,,,,,,,,,,,,,,,,,,,,,,,,,,,,,,,,,,,,,,,,,,,,,,,,,,,,,,,,,,,,,,,,,,,,,,,,,,,,,,,,,,,,,,,,,,,,,,,,,,,,,,,,,,,,,,,,,,,,,,,,,,,,,,,,,,,,,,,,,
,,,,,,,,,,,,,,,,,,,,,,,,,,,,,,,,,,,,,,,,,,,,,,,,,,,,,,,,,,,,,,,,,,,,,,,,,,,,,,,,,,,,,,,,,,,,,,,,,,,,,,,,,,,,,,,,,,,,,,,,,,,,,,,,,,,,,,,,,,,,,,,,,,,,,,,,,,,,,,,,,,,,,,,,,,,,,,,,,,,,,,,,,,,,,,,,,,,,,,,,,,,,,,,,,,,,,
,,,,,,,,,,,,,,,,,,,,,,,,,,,,,,,,,,,,,,,,,,,,,,,,,,,,,,,,,,,,,,,,,,,,,,,,,,,,,,,,,,,,,,,,,,,,,,,,,,,,,,,,,,,,,,,,,,,,,,,,,,,,,,,,,,,,,,,,,,,,,,,,,,,,,,,,,,,,,,,,,,,,,,,,,,,,,,,,,,,,,,,,,,,,,,,,,,,,,,,,,,,,,,,,,,,,,
,,,,,,,,,,,,,,,,,,,,,,,,,,,,,,,,,,,,,,,,,,,,,,,,,,,,,,,,,,,,,,,,,,,,,,,,,,,,,,,,,,,,,,,,,,,,,,,,,,,,,,,,,,,,,,,,,,,,,,,,,,,,,,,,,,,,,,,,,,,,,,,,,,,,,,,,,,,,,,,,,,,,,,,,,,,,,,,,,,,,,,,,,,,,,,,,,,,,,,,,,,,,,,,,,,,,,
,,,,,,,,,,,,,,,,,,,,,,,,,,,,,,,,,,,,,,,,,,,,,,,,,,,,,,,,,,,,,,,,,,,,,,,,,,,,,,,,,,,,,,,,,,,,,,,,,,,,,,,,,,,,,,,,,,,,,,,,,,,,,,,,,,,,,,,,,,,,,,,,,,,,,,,,,,,,,,,,,,,,,,,,,,,,,,,,,,,,,,,,,,,,,,,,,,,,,,,,,,,,,,,,,,,,,
,,,,,,,,,,,,,,,,,,,,,,,,,,,,,,,,,,,,,,,,,,,,,,,,,,,,,,,,,,,,,,,,,,,,,,,,,,,,,,,,,,,,,,,,,,,,,,,,,,,,,,,,,,,,,,,,,,,,,,,,,,,,,,,,,,,,,,,,,,,,,,,,,,,,,,,,,,,,,,,,,,,,,,,,,,,,,,,,,,,,,,,,,,,,,,,,,,,,,,,,,,,,,,,,,,,,,
,,,,,,,,,,,,,,,,,,,,,,,,,,,,,,,,,,,,,,,,,,,,,,,,,,,,,,,,,,,,,,,,,,,,,,,,,,,,,,,,,,,,,,,,,,,,,,,,,,,,,,,,,,,,,,,,,,,,,,,,,,,,,,,,,,,,,,,,,,,,,,,,,,,,,,,,,,,,,,,,,,,,,,,,,,,,,,,,,,,,,,,,,,,,,,,,,,,,,,,,,,,,,,,,,,,,,
,,,,,,,,,,,,,,,,,,,,,,,,,,,,,,,,,,,,,,,,,,,,,,,,,,,,,,,,,,,,,,,,,,,,,,,,,,,,,,,,,,,,,,,,,,,,,,,,,,,,,,,,,,,,,,,,,,,,,,,,,,,,,,,,,,,,,,,,,,,,,,,,,,,,,,,,,,,,,,,,,,,,,,,,,,,,,,,,,,,,,,,,,,,,,,,,,,,,,,,,,,,,,,,,,,,,,
,,,,,,,,,,,,,,,,,,,,,,,,,,,,,,,,,,,,,,,,,,,,,,,,,,,,,,,,,,,,,,,,,,,,,,,,,,,,,,,,,,,,,,,,,,,,,,,,,,,,,,,,,,,,,,,,,,,,,,,,,,,,,,,,,,,,,,,,,,,,,,,,,,,,,,,,,,,,,,,,,,,,,,,,,,,,,,,,,,,,,,,,,,,,,,,,,,,,,,,,,,,,,,,,,,,,,
,,,,,,,,,,,,,,,,,,,,,,,,,,,,,,,,,,,,,,,,,,,,,,,,,,,,,,,,,,,,,,,,,,,,,,,,,,,,,,,,,,,,,,,,,,,,,,,,,,,,,,,,,,,,,,,,,,,,,,,,,,,,,,,,,,,,,,,,,,,,,,,,,,,,,,,,,,,,,,,,,,,,,,,,,,,,,,,,,,,,,,,,,,,,,,,,,,,,,,,,,,,,,,,,,,,,,
,,,,,,,,,,,,,,,,,,,,,,,,,,,,,,,,,,,,,,,,,,,,,,,,,,,,,,,,,,,,,,,,,,,,,,,,,,,,,,,,,,,,,,,,,,,,,,,,,,,,,,,,,,,,,,,,,,,,,,,,,,,,,,,,,,,,,,,,,,,,,,,,,,,,,,,,,,,,,,,,,,,,,,,,,,,,,,,,,,,,,,,,,,,,,,,,,,,,,,,,,,,,,,,,,,,,,
,,,,,,,,,,,,,,,,,,,,,,,,,,,,,,,,,,,,,,,,,,,,,,,,,,,,,,,,,,,,,,,,,,,,,,,,,,,,,,,,,,,,,,,,,,,,,,,,,,,,,,,,,,,,,,,,,,,,,,,,,,,,,,,,,,,,,,,,,,,,,,,,,,,,,,,,,,,,,,,,,,,,,,,,,,,,,,,,,,,,,,,,,,,,,,,,,,,,,,,,,,,,,,,,,,,,,
,,,,,,,,,,,,,,,,,,,,,,,,,,,,,,,,,,,,,,,,,,,,,,,,,,,,,,,,,,,,,,,,,,,,,,,,,,,,,,,,,,,,,,,,,,,,,,,,,,,,,,,,,,,,,,,,,,,,,,,,,,,,,,,,,,,,,,,,,,,,,,,,,,,,,,,,,,,,,,,,,,,,,,,,,,,,,,,,,,,,,,,,,,,,,,,,,,,,,,,,,,,,,,,,,,,,,
,,,,,,,,,,,,,,,,,,,,,,,,,,,,,,,,,,,,,,,,,,,,,,,,,,,,,,,,,,,,,,,,,,,,,,,,,,,,,,,,,,,,,,,,,,,,,,,,,,,,,,,,,,,,,,,,,,,,,,,,,,,,,,,,,,,,,,,,,,,,,,,,,,,,,,,,,,,,,,,,,,,,,,,,,,,,,,,,,,,,,,,,,,,,,,,,,,,,,,,,,,,,,,,,,,,,,
,,,,,,,,,,,,,,,,,,,,,,,,,,,,,,,,,,,,,,,,,,,,,,,,,,,,,,,,,,,,,,,,,,,,,,,,,,,,,,,,,,,,,,,,,,,,,,,,,,,,,,,,,,,,,,,,,,,,,,,,,,,,,,,,,,,,,,,,,,,,,,,,,,,,,,,,,,,,,,,,,,,,,,,,,,,,,,,,,,,,,,,,,,,,,,,,,,,,,,,,,,,,,,,,,,,,,
,,,,,,,,,,,,,,,,,,,,,,,,,,,,,,,,,,,,,,,,,,,,,,,,,,,,,,,,,,,,,,,,,,,,,,,,,,,,,,,,,,,,,,,,,,,,,,,,,,,,,,,,,,,,,,,,,,,,,,,,,,,,,,,,,,,,,,,,,,,,,,,,,,,,,,,,,,,,,,,,,,,,,,,,,,,,,,,,,,,,,,,,,,,,,,,,,,,,,,,,,,,,,,,,,,,,,
,,,33,,52,19,218,218,,77,,,,,,,,,,,,,,,,,,,,,,,,,,,,,,,,,,,,,,,,,,,,,,,,,,,,,,,,,,,,,,,,,,,,,,,,,,,,,,,,,,,,,,,,,,,,,,,,,,,,,,,,,,,,,,,,,,,,,,,,,,,,,,,,,,,,,,,,,,,,,,,,,,,,,,,,,,,,,,,,,,,,,,,,,,,,,,,,,,,,,,,,,,,,,,,,,,,,,,,,,,,
,,,16,,78,9,222,222,,103,,,,,,,,,,,,,,,,,,,,,,,,,,,,,,,,,,,,,,,,,,,,,,,,,,,,,,,,,,,,,,,,,,,,,,,,,,,,,,,,,,,,,,,,,,,,,,,,,,,,,,,,,,,,,,,,,,,,,,,,,,,,,,,,,,,,,,,,,,,,,,,,,,,,,,,,,,,,,,,,,,,,,,,,,,,,,,,,,,,,,,,,,,,,,,,,,,,,,,,,,,,
,,,12,,217,45,249,249,,32,,,,,,,,,,,,,,,,,,,,,,,,,,,,,,,,,,,,,,,,,,,,,,,,,,,,,,,,,,,,,,,,,,,,,,,,,,,,,,,,,,,,,,,,,,,,,,,,,,,,,,,,,,,,,,,,,,,,,,,,,,,,,,,,,,,,,,,,,,,,,,,,,,,,,,,,,,,,,,,,,,,,,,,,,,,,,,,,,,,,,,,,,,,,,,,,,,,,,,,,,,,
,,,255,,17,209,183,183,,66,,,,,,,,,,,,,,,,,,,,,,,,,,,,,,,,,,,,,,,,,,,,,,,,,,,,,,,,,,,,,,,,,,,,,,,,,,,,,,,,,,,,,,,,,,,,,,,,,,,,,,,,,,,,,,,,,,,,,,,,,,,,,,,,,,,,,,,,,,,,,,,,,,,,,,,,,,,,,,,,,,,,,,,,,,,,,,,,,,,,,,,,,,,,,,,,,,,,,,,,,,,
,,,57,,42,23,232,232,,107,,,,,,,,,,,,,,,,,,,,,,,,,,,,,,,,,,,,,,,,,,,,,,,,,,,,,,,,,,,,,,,,,,,,,,,,,,,,,,,,,,,,,,,,,,,,,,,,,,,,,,,,,,,,,,,,,,,,,,,,,,,,,,,,,,,,,,,,,,,,,,,,,,,,,,,,,,,,,,,,,,,,,,,,,,,,,,,,,,,,,,,,,,,,,,,,,,,,,,,,,,,
,,,123,,176,119,64,64,,255,,,,,,,,,,,,,,,,,,,,,,,,,,,,,,,,,,,,,,,,,,,,,,,,,,,,,,,,,,,,,,,,,,,,,,,,,,,,,,,,,,,,,,,,,,,,,,,,,,,,,,,,,,,,,,,,,,,,,,,,,,,,,,,,,,,,,,,,,,,,,,,,,,,,,,,,,,,,,,,,,,,,,,,,,,,,,,,,,,,,,,,,,,,,,,,,,,,,,,,,,,,
,,,159,,66,167,4,4,,132,,,,,,,,,,,,,,,,,,,,,,,,,,,,,,,,,,,,,,,,,,,,,,,,,,,,,,,,,,,,,,,,,,,,,,,,,,,,,,,,,,,,,,,,,,,,,,,,,,,,,,,,,,,,,,,,,,,,,,,,,,,,,,,,,,,,,,,,,,,,,,,,,,,,,,,,,,,,,,,,,,,,,,,,,,,,,,,,,,,,,,,,,,,,,,,,,,,,,,,,,,,
