RANK	0	1	2	3	4	5	6	7	8	9	10	11	12	13	14	15	16	17	18	19	20	21	22	23	24	25	26	27	28	29	30	31	32	33	34	35	36	37	38	39	40	41	42	43	44	45	46	47	48	49	50	51	52	53	54	55	56	57	58	59	60	61	62	63	64	65	66	67	68	69	70	71	72	73	74	75	76	77	78	79	80	81	82	83	84	85	86	87	88	89	90	91	92	93	94	95	96	97	98	99	100	101	102	103	104	105	106	107	108	109	110	111	112	113	114	115	116	117	118	119	120	121	122	123	124	125	126	127	128	129	130	131	132	133	134	135	136	137	138	139	140	141	142	143	144	145	146	147	148	149	150	151	152	153	154	155	156	157	158	159	160	161	162	163	164	165	166	167	168	169	170	171	172	173	174	175	176	177	178	179	180	181	182	183	184	185	186	187	188	189	190	191	192	193	194	195	196	197	198	199	200	201	202	203	204	205	206	207	208	209	210	211	212	213	214	215	216	217	218	219	220
VERBATIM	pen brush	pen_radius	pen radius pulse	palette for pen	palette for pen	palette for repop	repop color pulse	Grey level for pen	Grey level for repop	A color	Blend Transparency	pixel mode	pixel acc	pixel acc pulse	noise scale	part noise line scale	part noise type	part noise angle scale	part noise center-x	part noise center-y	pixel acc center-x	pixel acc center-y	radius pixel	pixel radius pulse	repopuplating track0	repopuplating CA	repopuplating Part	particle repop pulse	CA 1 type	CA 1 subtype	CA 2 type	CA 2 subtype	CA1/CA2 weight	CA cell proliferation	CA cancer proliferation	CA cancer cell ratio	CAParams4	CAParams5	CAParams6	CAParams7	CAParams8	clearCA	clear layer	clear all Layers	invert	snapshot onOff	cursor size	echo	echo neg	Flash Part->CA freq	 Flash track0->CA freq	 Flash track1->CA freq	 Flash track2->CA freq	 Flash track3->CA freq	Flash CA->Part freq	Flash Trk0->Part freq	Flash Trk1->Part freq	Flash Trk2->Part freq	Flash Trk3->Part freq	Flash CA->BG freq	Flash Part->BG freq	 Flash track1->BG freq	 Flash track2->BG freq	 Flash track3->BG freq	Flash pixel freq	Flash pixel duration	camera flash length (in frames)	camera flash bright (in frames)	camera flash beat no	pen pressure coef	pen angleH coef	pen angleV coef	tracks sync on/off	current drawing track	current video track	current photo track	track0 decay sign	track 1 decay sign	track 2 decay sign	track 3 decay sign	track0 decay	track1 decay	track2 decay	track3 decay	CA mixing weight	Part mix weight	track0 mixing weight	track1 mixing weight	track2 mixing weight	track3 mixing weight	CA Master weight	Part Master weight	track0 Master weight	track1 Master weight	track2 Master weight	track3 Master weight	path1 replay track	path2 replay track	path3 replay track	path4 replay track	path5 replay track	path6 replay track	path7 replay track	path1 record on/off	path2 record on/off	path3 record on/off	path4 record on/off	path5 record on/off	path3 record on/off	path7 record on/off	path0 repop on/off	path1 repop on/off	path2 repop on/off	path3 repop on/off	path4 repop on/off	path5 repop on/off	path6 repop on/off	path7 repop on/off	path0 follow on/off	path1 follow on/off	path2 follow on/off	path3 follow on/off	path4 follow on/off	path5 follow on/off	path6 follow on/off	path7 follow on/off	path0 repulse on/off	path1 repulse on/off	path2 repulse on/off	path3 repulse on/off	path4 repulse on/off	path5 repulse on/off	path6 repulse on/off	path7 repulse on/off	auto_beat	beat duration	CA decay sign	CA decay	CA decay pulse	invert movie	cumul video	camera threshold	camera gamma	camera exposure	camera gain	cameraBrightness	camera saturation	camera contrast	camera white balance	video saturation 	video saturation pulse	camera capture frequency	movie capture frequency	camera Weight	movie weight	Sobel camera	Sobel movie	movie no	BG Subtraction on/off	CA update step	interface mode shift	fast vs slow CA color spreading	input volume	Min input volume	beat threshold	beat min duration (ms)	freeze on/off	photo weight	photo diaporama index	photo diaporama fade dur	photo diaporama plateau dur	sound enveloppe min	sound envelope max	current background capture	part decay sign	part decay	part reinitialize	part radius	particle radius pulse	part move grid	part move rand	part exit mode	part stroke mode	part color mode	part damp target radius	part time to target	part field weight	part repop radius	part acc	part damp factor	part acc pulse	hide	soundtrack on/off	adc on/off	track0 x_transl	track1 x_transl	track0 y_transl	track1 y_transl	repopuplating Path	particle type	sample setUp	sensor spatial pattern	sensor activation	sensor volume	pen radius replay	pen radius replay pulse	color pulse replay	echo layer shift pulse	particle motion shift pulse	tracks layers pulse	flash weights pulse	mask jitter amplitude	photo jitter amplitude	photo value	photo value pulse	photo satur	photo satur pulse	mask scale	photo scale	mask contrast	photo contrast
TYPE	int 	float	float	float	float	float	float	float	float	float	float	int	float	float	float	float	int	float	float	float	float	float	float	float	float	float	float	float	int	int	int	int	float	float	float	float	float	float	float	float	float	bool	bool	bool	bool	bool	int	float	float	int	int	int	int	int	int	int	int	int	int	int	int	int	int	int	int	int	float	float	int	float	float	float	bool	int	int	int	sign	sign	sign	sign	float	float	float	float	float	float	float	float	float	float	float	float	float	float	float	float	int	int	int	int	int	int	int	path	path	path	path	path	path	path	bool	bool	bool	bool	bool	bool	bool	bool	bool	bool	bool	bool	bool	bool	bool	bool	bool	bool	bool	bool	bool	bool	bool	bool	bool	float	sign	float	float	bool	int	float	float	float	float	float	float	float	float	float	float	float	float	float	float	float	float	int	bool	int	bool	bool	float	float	float	float	bool	float	int	float	float	float	float	bool	sign	float	int	float	float	bool	bool	int	int	int	float	float	float	float	float	float	float	bool	path	path	int	int	int	int	float	int	float	int 	int 	float	float	float	float	float	float	float	float	float	float	float	float	float	float	float	float	float	float
ID	pen_brush	pen_radius	pen_radius_pulse	pen_color	pen_color_pulse	repop_color	repop_color_pulse	pen_grey	repop_grey	pen_color_a	blendTransp	pixel_mode	pixel_acc_factor	pixel_acc_pulse	noiseScale	noiseLineScale	noiseType	noiseAngleScale	noiseCenter_0	noiseCenter_1	pixel_acc_center_0	pixel_acc_center_1	pixel_radius	pixel_radius_pulse	repop_BG	repop_CA	repop_part	repop_part_pulse	CA1Type	CA1SubType	CA2Type	CA2SubType	CA1_CA2_weight	CAParams1	CAParams2	CAParams3	CAParams4	CAParams5	CAParams6	CAParams7	CAParams8	clearCA	clearLayer	clearAllLayers	invertAllLayers	snapshot_onOff	cursorSize	echo	echoNeg	flashPartCA_freq	flashTrkCA_freq_0	flashTrkCA_freq_1	flashTrkCA_freq_2	flashTrkCA_freq_3	flashCAPart_freq	flashTrkPart_freq_0	flashTrkPart_freq_1	flashTrkPart_freq_2	flashTrkPart_freq_3	flashCABG_freq	flashPartBG_freq	flashTrkBG_freq_1	flashTrkBG_freq_2	flashTrkBG_freq_3	flashPixel_freq	flashPixel_duration	flashCameraTrkLength	flashCameraTrkBright	flashCameraTrkBeat	pen_radius_pressure_coef	pen_radius_angleHor_coef	pen_radius_angleVer_coef	tracksSync	currentDrawingTrack	currentVideoTrack	currentPhotoTrack	trkDecay_sign_0	trkDecay_sign_1	trkDecay_sign_2	trkDecay_sign_3	trkDecay_0	trkDecay_1	trkDecay_2	trkDecay_3	CAMixingWeight	PartMixingWeight	trackMixingWeight_0	trackMixingWeight_1	trackMixingWeight_2	trackMixingWeight_3	CAMasterWeight	PartMasterWeight	trackMasterWeight_0	trackMasterWeight_1	trackMasterWeight_2	trackMasterWeight_3	path_replay_trackNo_1	path_replay_trackNo_2	path_replay_trackNo_3	path_replay_trackNo_4	path_replay_trackNo_5	path_replay_trackNo_6	path_replay_trackNo_7	path_record_1	path_record_2	path_record_3	path_record_4	path_record_5	path_record_6	path_record_7	path_repop_0	path_repop_1	path_repop_2	path_repop_3	path_repop_4	path_repop_5	path_repop_6	path_repop_7	part_path_follow_0	part_path_follow_1	part_path_follow_2	part_path_follow_3	part_path_follow_4	part_path_follow_5	part_path_follow_6	part_path_follow_7	part_path_repulse_0	part_path_repulse_1	part_path_repulse_2	part_path_repulse_3	part_path_repulse_4	part_path_repulse_5	part_path_repulse_6	part_path_repulse_7	auto_beat	auto_beat_duration	CAdecay_sign	CAdecay	CAdecay_pulse	invertMovie	cameraCumul	cameraThreshold	cameraGamma	cameraExposure	cameraGain	cameraBrightness	cameraSaturation	cameraContrast	cameraWB	video_satur	video_satur_pulse	cameraCaptFreq	movieCaptFreq	cameraWeight	movieWeight	cameraSobel	movieSobel	playing_movieNo	BGSubtr	CAstep	interfaceMode	CAcolorSpread	sound_volume	sound_min	beat_threshold	beat_delay	freeze	photoWeight	photo_diaporama	photo_diaporama_fade	photo_diaporama_plateau	sound_env_min	sound_env_max	currentBGCapture	partDecay_sign	partDecay	part_initialization	part_radius	part_radius_pulse	partMove_target	partMove_rand	partExit_mode	partStroke_mode	partColor_mode	part_damp_targtRad	part_timeToTargt	part_field_weight	partRepopRadius	part_acc	part_damp_factor	part_acc_pulse	hide	soundtrack_onOff	adc_onOff	track_x_transl_0	track_x_transl_1	track_y_transl_0	track_y_transl_1	repop_path	particle_type	sample_setUp	sensor_layout	sensor_activation	sensor_vol	pen_radius_replay	pen_radius_replay_pulse	pen_color_replay_pulse	echo_Hshift_pulse	part_Vshift_pulse	tracks_Hshift_pulse	flashWeight_pulse	maskJitterAmpl	photoJitterAmpl	photo_value	photo_value_pulse	photo_satur	photo_satur_pulse	mask_scale	photo_scale	mask_contrast	photo_contrast
FUNCTION	pen_brush_callBack	NULL	NULL	NULL	NULL	NULL	NULL	NULL	NULL	NULL	NULL	NULL	NULL	NULL	NULL	NULL	NULL	NULL	NULL	NULL	NULL	NULL	NULL	NULL	NULL	NULL	NULL	NULL	NULL	NULL	NULL	NULL	NULL	NULL	NULL	NULL	NULL	NULL	NULL	NULL	NULL	clearCA_callBack	clearLayer_callBack	clearAllLayers_callBack	NULL	NULL	NULL	NULL	NULL	NULL	NULL	NULL	NULL	NULL	NULL	NULL	NULL	NULL	NULL	NULL	NULL	NULL	NULL	NULL	NULL	NULL	flashCameraTrkLength_callBack	NULL	NULL	NULL	NULL	NULL	NULL	NULL	NULL	NULL	NULL	NULL	NULL	NULL	NULL	NULL	NULL	NULL	NULL	NULL	NULL	NULL	NULL	NULL	NULL	NULL	NULL	NULL	NULL	NULL	path_replay_trackNo_1_callBack	path_replay_trackNo_2_callBack	path_replay_trackNo_3_callBack	NULL	NULL	NULL	NULL	path_record_1_callBack	path_record_2_callBack	path_record_3_callBack	NULL	NULL	NULL	NULL	NULL	NULL	NULL	NULL	NULL	NULL	NULL	NULL	part_path_follow_0_callBack	part_path_follow_1_callBack	part_path_follow_2_callBack	part_path_follow_3_callBack	NULL	NULL	NULL	NULL	part_path_repulse_0_callBack	part_path_repulse_1_callBack	part_path_repulse_2_callBack	part_path_repulse_3_callBack	NULL	NULL	NULL	NULL	auto_beat_callBack	NULL	NULL	NULL	NULL	NULL	NULL	NULL	NULL	cameraExposure_callBack	cameraGain_callBack	cameraBrightness_callBack	cameraSaturation_callBack	cameraContrast_callBack	cameraWB_callBack	NULL	NULL	NULL	NULL	NULL	NULL	NULL	NULL	playing_movieNo_callBack	NULL	NULL	NULL	NULL	NULL	NULL	NULL	NULL	NULL	NULL	photo_diaporama_callBack	NULL	NULL	sound_env_min_callBack	sound_env_max_callBack	NULL	NULL	NULL	part_initialization_callBack	NULL	NULL	partMove_target_callBack	partMove_rand_callBack	NULL	NULL	NULL	NULL	NULL	NULL	NULL	NULL	NULL	NULL	hide_callBack	soundtrack_onOff_callBack	adc_onOff_callBack	NULL	NULL	NULL	NULL	NULL	NULL	sample_setUp_callBack	sensor_layout_callBack	sensor_activation_callBack	NULL	NULL	NULL	NULL	NULL	NULL	NULL	NULL	NULL	NULL	NULL	NULL	NULL	NULL	NULL	NULL	NULL	NULL
GUI	pen_brush_can	pen_radius_can	pen_radius_pulse_can	pen_color_can	pen_color_pulse_can	repop_color_can	repop_color_pulse_can	pen_grey_can	repop_grey_can	NULL	blendTransp_can	pixel_mode_can	pixel_acc_factor_can	pixel_acc_pulse_can	noiseScale_can	noiseLineScale_can	noiseType_can	noiseAngleScale_can	noiseCenter_0_can	noiseCenter_1_can	pixel_acc_center_0_can	pixel_acc_center_1_can	pixel_radius_can	pixel_radius_pulse_can	repop_BG_can	repop_CA_can	repop_part_can	repop_part_pulse_can	CA1Type_can	CA1SubType_can	CA2Type_can	CA2SubType_can	CA1_CA2_weight_can	CAParams1_can	CAParams2_can	CAParams3_can	CAParams4_can	CAParams5_can	CAParams6_can	CAParams7_can	CAParams8_can	NULL	NULL	NULL	invertAllLayers_can	snapshot_onOff_can	NULL	echo_can	echoNeg_can	flashPartCA_freq_can	flashTrkCA_freq_0_can	flashTrkCA_freq_1_can	flashTrkCA_freq_2_can	flashTrkCA_freq_3_can	flashCAPart_freq_can	flashTrkPart_freq_0_can	flashTrkPart_freq_1_can	flashTrkPart_freq_2_can	flashTrkPart_freq_3_can	flashCABG_freq_can	flashPartBG_freq_can	flashTrkBG_freq_1_can	flashTrkBG_freq_2_can	flashTrkBG_freq_3_can	flashPixel_freq_can	flashPixel_duration_can	NULL	NULL	NULL	pen_radius_pressure_coef_can	pen_radius_angleHor_coef_can	pen_radius_angleVer_coef_can	NULL	currentDrawingTrack_can	currentVideoTrack_can	currentPhotoTrack_can	trkDecay_sign_0_can	trkDecay_sign_1_can	trkDecay_sign_2_can	trkDecay_sign_3_can	trkDecay_0_can	trkDecay_1_can	trkDecay_2_can	trkDecay_3_can	CAMixingWeight_can	PartMixingWeight_can	trackMixingWeight_0_can	trackMixingWeight_1_can	trackMixingWeight_2_can	trackMixingWeight_3_can	CAMasterWeight_can	PartMasterWeight_can	trackMasterWeight_0_can	trackMasterWeight_1_can	trackMasterWeight_2_can	trackMasterWeight_3_can	path_replay_trackNo_1_can	path_replay_trackNo_2_can	path_replay_trackNo_3_can	path_replay_trackNo_4_can	path_replay_trackNo_5_can	path_replay_trackNo_6_can	path_replay_trackNo_7_can	path_record_1_can	path_record_2_can	path_record_3_can	path_record_4_can	path_record_5_can	path_record_6_can	path_record_7_can	path_repop_0_can	path_repop_1_can	path_repop_2_can	path_repop_3_can	path_repop_4_can	path_repop_5_can	path_repop_6_can	path_repop_7_can	part_path_follow_0_can	part_path_follow_1_can	part_path_follow_2_can	part_path_follow_3_can	part_path_follow_4_can	part_path_follow_5_can	part_path_follow_6_can	part_path_follow_7_can	part_path_repulse_0_can	part_path_repulse_1_can	part_path_repulse_2_can	part_path_repulse_3_can	part_path_repulse_4_can	part_path_repulse_5_can	part_path_repulse_6_can	part_path_repulse_7_can	auto_beat_can	auto_beat_duration_can	CAdecay_sign_can	CAdecay_can	CAdecay_pulse_can	invertMovie_can	cameraCumul_can	cameraThreshold_can	cameraGamma_can	cameraExposure_can	cameraGain_can	cameraBrightness_can	cameraSaturation_can	cameraContrast_can	cameraWB_can	video_satur_can	video_satur_pulse_can	cameraCaptFreq_can	movieCaptFreq_can	cameraWeight_can	movieWeight_can	cameraSobel_can	movieSobel_can	playing_movieNo_can	BGSubtr_can	CAstep_can	interfaceMode_can	CAcolorSpread_can	sound_volume_can	sound_min_can	beat_threshold_can	beat_delay_can	freeze_can	photoWeight_can	photo_diaporama_can	NULL	NULL	sound_env_min_can	sound_env_max_can	NULL	partDecay_sign_can	partDecay_can	part_initialization_can	part_radius_can	part_radius_pulse_can	partMove_target_can	partMove_rand_can	partExit_mode_can	partStroke_mode_can	partColor_mode_can	part_damp_targtRad_can	part_timeToTargt_can	part_field_weight_can	partRepopRadius_can	part_acc_can	part_damp_factor_can	part_acc_pulse_can	hide_can	soundtrack_onOff_can	adc_onOff_can	NULL	NULL	NULL	NULL	repop_path_can	particle_type_can	sample_setUp_can	sensor_layout_can	sensor_activation_can	sensor_vol_can	pen_radius_replay_can	pen_radius_replay_pulse_can	NULL	echo_Hshift_pulse_can	part_Vshift_pulse_can	tracks_Hshift_pulse_can	flashWeight_pulse_can	NULL	NULL	photo_value_can	photo_value_pulse_can	photo_satur_can	photo_satur_pulse_can	NULL	NULL	NULL	NULL
SHADER	*	*	*	*	*	*	*	*	*	*	Master_fs	Update_fs	Update_fs	*	Update_fs,ParticleAnimation_fs	Update_fs	Update_fs	Update_fs	Update_fs	Update_fs	Update_fs,ParticleAnimation_fs	Update_fs,ParticleAnimation_fs	Update_fs	*	Update_fs	Update_fs	*	*	*	*	*	*	*	Update_fs	Update_fs	Update_fs	*	*	*	*	*	*	*	*	Master_fs	*	Master_fs	Mixing_fs	Mixing_fs	*	*	*	*	*	*	*	*	*	*	*	*	*	*	*	*	*	*	*	*	*	*	*	*	Update_fs	Update_fs	Update_fs	*	*	*	*	*	*	*	*	Mixing_fs	Mixing_fs	Mixing_fs	*	*	*	Master_fs	Master_fs	Master_fs	*	*	*	Update_fs	Update_fs	Update_fs	*	*	*	*	*	*	*	*	*	*	*	*	*	*	*	*	*	*	*	ParticleAnimation_fs	ParticleAnimation_fs	ParticleAnimation_fs	ParticleAnimation_fs	*	*	*	*	ParticleAnimation_fs	ParticleAnimation_fs	ParticleAnimation_fs	ParticleAnimation_fs	*	*	*	*	*	*	*	*	Update_fs	Update_fs	Update_fs	Update_fs	Update_fs	*	*	*	*	*	*	Update_fs	Update_fs	*	*	Update_fs	Update_fs	Update_fs	Update_fs	*	Update_fs	Update_fs	*	Update_fs	*	*	*	*	Update_fs,ParticleAnimation_fs	*	*	*	*	*	*	*	*	*	ParticleAnimation_fs	*	*	ParticleAnimation_fs	ParticleAnimation_fs	ParticleAnimation_fs	ParticleAnimation_fs	ParticleAnimation_fs	ParticleAnimation_fs	ParticleAnimation_fs	ParticleAnimation_fs	ParticleAnimation_fs	*	*	*	Master_fs	*	*	*	*	*	*	*	*	*	*	*	*	*	*	*	*	*	*	*	*	*	Update_fs	Update_fs	*	*	*	Update_fs	*	*
CHAR-	&	r	k	o	o	*	*	B	*	*	*	*	a	*	*	*	*	*	*	*	*	*	*	k	*	*	*	*	H	h	*	*	*	*	*	*	*	*	*	*	*	c	*	c	I	I	*	?	*	*	*	*	*	*	*	*	*	*	*	*	*	*	*	*	*	p	*	*	*	*	*	*	:	*	*	*	*	*	*	*	d	*	*	*	*	*	*	*	*	*	*	*	*	*	*	*	*	*	*	*	*	*	*	*	*	*	*	*	*	*	*	*	*	*	*	*	*	*	*	*	*	*	*	*	*	*	*	*	*	*	*	*	*	*	*	*	*	i	i	I	I	*	*	*	*	*	*	*	*	*	*	*	*	*	*	*	*	*	*	*	*	*	*	*	*	*	*	*	*	*	*	*	*	*	*	i	w	*	*	*	*	*	*	*	r	r	*	*	*	*	*	*	*	*	*	*	*	*	*	*	*	*	*	*	*	*	*	*	*	*	*	*	*	*	*	*	*	*	*	*	*
CHAR+	m	R	K	O	O	*	*	z	*	*	*	P	A	*	$	$	P	$	*	*	*	*	*	K	*	*	*	*	G	g	*	*	*	*	*	*	*	*	*	*	*	*	*	*	*	*	*	!	*	*	*	*	*	*	*	*	*	*	*	*	*	*	*	*	*	Q	*	*	*	*	*	*	*	0	0	0	*	*	*	*	D	*	*	*	*	*	*	*	*	*	*	*	*	*	*	*	*	*	*	*	*	*	*	*	*	*	*	*	*	*	*	*	*	*	*	*	*	*	*	*	*	*	*	*	*	*	*	*	*	*	*	*	*	*	*	*	*	I	I	*	*	*	*	*	*	*	*	*	*	*	*	*	*	*	*	*	*	*	*	*	*	*	*	*	*	*	*	*	*	*	*	*	*	*	*	I	W	*	*	*	*	*	*	*	R	R	*	*	*	*	*	*	*	*	*	*	*	*	*	*	*	*	*	*	*	*	*	*	*	*	*	*	*	*	*	*	*	*	*	*	*
STEP-	-1	-1	-1	-0.1	-0.1	-0.1	-0.1	-1	-1	0	-1	-1	-0.1	-0.1	-1	-1	-1	-1	-0.1	-0.1	-0.1	-0.1	-0.1	-1	-1	-1	-1	-1	-1	-1	-1	-1	-0.1	-0.1	-0.1	-0.1	-0.1	-0.1	-0.1	-0.1	-0.1	0	0	0	0	0	-1	-0.1	-0.1	-1	-1	-1	-1	-1	-1	-1	-1	-1	-1	-1	-1	-1	-1	-1	-1	-1	-1	-1	-1	-1	-1	-1	0	-1	-1	-1	-1	-1	-1	-1	-0.001	-0.001	-0.001	-0.001	-1	-1	-1	-1	-1	-1	-1	-1	-1	-1	-1	-1	0	0	0	0	0	0	0	0	0	0	0	0	0	0	0	0	0	0	0	0	0	0	0	0	0	0	0	0	0	0	0	0	0	0	0	0	0	0	0	-0.1	-1	-0.001	-0.001	0	0	-0.1	-0.1	-1	-1	-1	-1	-1	-1	-0.1	-0.1	-1	-1	-0.1	-0.1	0	0	-1	0	-1	0	0	-0.1	-0.1	-0.1	-0.1	0	-0.1	-1	-1	-1	0	0	0	-1	-0.001	-1	-0.1	-1	0	0	-1	-1	-1	-1	-1	-0.1	-0.1	-0.1	-0.1	-0.1	0	0	0	-1	-1	-1	-1	-1	-1	-0.1	-1	-1	-1	-1	-1	-1	-1	-1	-1	-1	-0.1	-0.1	-0.1	-0.1	-0.1	-0.1	-0.1	-0.1	-0.1	-0.1
STEP+	1	1	1	0.1	0.1	0.1	0.1	1	1	1	1	1	0.1	0.1	1	1	1	1	0.1	0.1	0.1	0.1	0.1	1	1	1	1	1	1	1	1	1	0.1	0.1	0.1	0.1	0.1	0.1	0.1	0.1	0.1	0	0	0	0	0	1	0.1	0.1	1	1	1	1	1	1	1	1	1	1	1	1	1	1	1	1	1	1	1	1	1	1	1	1	1	1	1	1	1	1	1	0.001	0.001	0.001	0.001	1	1	1	1	1	1	1	1	1	1	1	1	0	0	0	0	0	0	0	1	1	1	1	1	1	1	1	1	1	1	1	1	1	1	1	1	1	1	1	1	1	1	1	1	1	1	1	1	1	1	1	0.1	1	0.001	0.001	0	0	0.1	0.1	1	1	1	1	1	1	0.1	0.1	1	1	0.1	0.1	0	0	1	0	1	0	0	0.1	0.1	0.1	0.1	0	0.1	1	1	1	0	0	0	1	0.001	1	0.1	1	0	0	1	1	1	1	1	0.1	0.1	0.1	0.1	0.1	0	1	1	1	1	1	1	1	1	0.1	1	1	1	1	1	1	1	1	1	1	0.1	0.1	0.1	0.1	0.1	0.1	0.1	0.1	0.1	0.1
MIN_OR_EQUAL	0	0	-9999	-9999	-9999	-9999	-9999	0	0	0	-9999	0	-9999	-9999	0	0	0	0	-9999	-9999	-9999	-9999	0	-9999	0	0	0	0	0	0	0	0	0	0	0	0	0	0	0	0	0	0	0	0	0	0	0	0	0	-9999	-9999	-9999	-9999	-9999	-9999	-9999	-9999	-9999	-9999	-9999	-9999	-9999	-9999	-9999	-9999	0	-13	-13	-1	-9999	-9999	-9999	0	0	0	0	-1	-1	-1	-1	-9999	-9999	-9999	-9999	0	0	0	0	0	0	0	0	0	0	0	0	0	0	0	0	0	0	0	0	0	0	0	0	0	0	0	0	0	0	0	0	0	0	0	0	0	0	0	0	0	0	0	0	0	0	0	0	0	0	0	0	-1	-9999	-9999	0	0	0	0	0	0	0	0	0	0	0	0	1	1	0	0	0	0	1	0	1	0	0	0	0	0	0	0	0	-1	-1	-1	0	0	0	-1	-9999	0	0	0	0	0	0	0	0	0	0	0	0	-9999	-9999	-9999	0	0	0	0	0	0	0	0	0	0	0	0	0	0	0	0	0	0	0	0	0	0	0	0	0	0	0	0	0	0
MAX_OR_EQUAL	7	9999	9999	9999	9999	9999	9999	1	1	1	9999	2	9999	9999	7	7	1	7	9999	9999	9999	9999	1	9999	10	10	10	9999	9	42	99	99	1	1	1	1	1	1	1	1	1	1	1	1	1	1	10	1	1	9999	9999	9999	9999	9999	9999	9999	9999	9999	9999	9999	9999	9999	9999	9999	9999	30	-1	-1	7	9999	9999	9999	1	2	2	2	1	1	1	1	9999	9999	9999	9999	1	1	1	1	1	1	1	1	1	1	1	1	2	2	2	2	2	2	2	1	1	1	1	1	1	1	1	1	1	1	1	1	1	1	1	1	1	1	1	1	1	1	1	1	1	1	1	1	1	1	1	1	1	9999	9999	1	1	1	1	10	128	128	128	128	128	1	1	1000	1000	1	1	1	1	10	1	100	1	1	1	1	1	1	1	1	10	10000	10000	1	1	1	1	9999	32	10	9999	1	1	32	32	32	9999	9999	1	10	9999	9999	9999	1	1	1	100	100	100	100	10	10	2	3	3	1	9999	9999	9999	20	20	20	1	1	1	1	1	1	1	1	1	1	1
initial_values																																																																																																																																																																								1																																																					
	0	1	0	0	1.87	0.3	0.7	1	1	1	1	0	0	0.07	0.614285714	0.141719	0	0.01	1.7	1.7	0.5	0.5	0.5	0	0	0	0	0	3	3	0	0	1	0.85	0.9	0.75	0.571	0.306	0.464	0.236	0	0	0	0	0	1	1	0	0	0	4	0	0	0	0	0	0	0	0	1	0	0	0	0	0	0	0	0	0	0	15	15	0	0	1	1	1	1	1	1	0	0	0	0	1	0	1	0	0	1	0	0	0	1	0	0	-1	-1	-1	-1	-1	-1	-1	0	0	0	0	0	0	0	1	0	0	0	0	0	0	0	0	0	0	0	0	0	0	0	0	0	0	0	0	0	0	0	1	0.5	1	0	0	0	0	0.220408	1	5	0	120	0	120	0	0	0	14	0	1	0	0	0	-1	1	1	0	1	1	0	1000	330	0	0	-1	0.2	10	40	85	1	1	0.1	-1	3	0	0	0	0	0	1	0	100	0.65	0.12	0.063	0	0.07	0	0	0	0	0	0	0	0	0	1	0	0	1	1	0	0	0	0	0	0	0	0	1	0	0	0	0	0	0	0
/initial_values																																																																																																																																																																																																																													
scenario	6																																																																																																																																																																																																																												
scene	S1_city	720	change_when_ends																																																																																																																																																																																																																										
S1_city	S1_city	S1_city	S1_city	S1_city	S1_city	S1_city	S1_city	S1_city	S1_city	S1_city	S1_city	S1_city	S1_city	S1_city	S1_city	S1_city	S1_city	S1_city	S1_city	S1_city	S1_city	S1_city	S1_city	S1_city	S1_city	S1_city	S1_city	S1_city	S1_city	S1_city	S1_city	S1_city	S1_city	S1_city	S1_city	S1_city	S1_city	S1_city	S1_city	S1_city	S1_city	S1_city	S1_city	S1_city	S1_city	S1_city	S1_city	S1_city	S1_city	S1_city	S1_city	S1_city	S1_city	S1_city	S1_city	S1_city	S1_city	S1_city	S1_city	S1_city	S1_city	S1_city	S1_city	S1_city	S1_city	S1_city	S1_city	S1_city	S1_city	S1_city	S1_city	S1_city	S1_city	S1_city	S1_city	S1_city	S1_city	S1_city	S1_city	S1_city	S1_city	S1_city	S1_city	S1_city	S1_city	S1_city	S1_city	S1_city	S1_city	S1_city	S1_city	S1_city	S1_city	S1_city	S1_city	S1_city	S1_city	S1_city	S1_city	S1_city	S1_city	S1_city	S1_city	S1_city	S1_city	S1_city	S1_city	S1_city	S1_city	S1_city	S1_city	S1_city	S1_city	S1_city	S1_city	S1_city	S1_city	S1_city	S1_city	S1_city	S1_city	S1_city	S1_city	S1_city	S1_city	S1_city	S1_city	S1_city	S1_city	S1_city	S1_city	S1_city	S1_city	S1_city	S1_city	S1_city	S1_city	S1_city	S1_city	S1_city	S1_city	S1_city	S1_city	S1_city	S1_city	S1_city	S1_city	S1_city	S1_city	S1_city	S1_city	S1_city	S1_city	S1_city	S1_city	S1_city	S1_city	S1_city	S1_city	S1_city	S1_city	S1_city	S1_city	S1_city	S1_city	S1_city	S1_city	S1_city	S1_city	S1_city	S1_city	S1_city	S1_city	S1_city	S1_city	S1_city	S1_city	S1_city	S1_city	S1_city	S1_city	S1_city	S1_city	S1_city	S1_city	S1_city	S1_city	S1_city	S1_city	S1_city	S1_city	S1_city	S1_city	S1_city	S1_city	S1_city	S1_city	S1_city	S1_city	S1_city	S1_city	S1_city	S1_city	S1_city	S1_city	S1_city	S1_city	S1_city	S1_city	S1_city	S1_city	S1_city	S1_city	S1_city	S1_city	S1_city	S1_city	S1_city	S1_city	S1_city	S1_city
ID	pen_brush	pen_radius	pen_radius_pulse	pen_color	pen_color_pulse	repop_color	repop_color_pulse	pen_grey	repop_grey	pen_color_a	blendTransp	pixel_mode	pixel_acc_factor	pixel_acc_pulse	noiseScale	noiseLineScale	noiseType	noiseAngleScale	noiseCenter_0	noiseCenter_1	pixel_acc_center_0	pixel_acc_center_1	pixel_radius	pixel_radius_pulse	repop_BG	repop_CA	repop_part	repop_part_pulse	CA1Type	CA1SubType	CA2Type	CA2SubType	CA1_CA2_weight	CAParams1	CAParams2	CAParams3	CAParams4	CAParams5	CAParams6	CAParams7	CAParams8	clearCA	clearLayer	clearAllLayers	invertAllLayers	snapshot_onOff	cursorSize	echo	echoNeg	flashPartCA_freq	flashTrkCA_freq_0	flashTrkCA_freq_1	flashTrkCA_freq_2	flashTrkCA_freq_3	flashCAPart_freq	flashTrkPart_freq_0	flashTrkPart_freq_1	flashTrkPart_freq_2	flashTrkPart_freq_3	flashCABG_freq	flashPartBG_freq	flashTrkBG_freq_1	flashTrkBG_freq_2	flashTrkBG_freq_3	flashPixel_freq	flashPixel_duration	flashCameraTrkLength	flashCameraTrkBright	flashCameraTrkBeat	pen_radius_pressure_coef	pen_radius_angleHor_coef	pen_radius_angleVer_coef	tracksSync	currentDrawingTrack	currentVideoTrack	currentPhotoTrack	trkDecay_sign_0	trkDecay_sign_1	trkDecay_sign_2	trkDecay_sign_3	trkDecay_0	trkDecay_1	trkDecay_2	trkDecay_3	CAMixingWeight	PartMixingWeight	trackMixingWeight_0	trackMixingWeight_1	trackMixingWeight_2	trackMixingWeight_3	CAMasterWeight	PartMasterWeight	trackMasterWeight_0	trackMasterWeight_1	trackMasterWeight_2	trackMasterWeight_3	path_replay_trackNo_1	path_replay_trackNo_2	path_replay_trackNo_3	path_replay_trackNo_4	path_replay_trackNo_5	path_replay_trackNo_6	path_replay_trackNo_7	path_record_1	path_record_2	path_record_3	path_record_4	path_record_5	path_record_6	path_record_7	path_repop_0	path_repop_1	path_repop_2	path_repop_3	path_repop_4	path_repop_5	path_repop_6	path_repop_7	part_path_follow_0	part_path_follow_1	part_path_follow_2	part_path_follow_3	part_path_follow_4	part_path_follow_5	part_path_follow_6	part_path_follow_7	part_path_repulse_0	part_path_repulse_1	part_path_repulse_2	part_path_repulse_3	part_path_repulse_4	part_path_repulse_5	part_path_repulse_6	part_path_repulse_7	auto_beat	auto_beat_duration	CAdecay_sign	CAdecay	CAdecay_pulse	invertMovie	cameraCumul	cameraThreshold	cameraGamma	cameraExposure	cameraGain	cameraBrightness	cameraSaturation	cameraContrast	cameraWB	video_satur	video_satur_pulse	cameraCaptFreq	movieCaptFreq	cameraWeight	movieWeight	cameraSobel	movieSobel	playing_movieNo	BGSubtr	CAstep	interfaceMode	CAcolorSpread	sound_volume	sound_min	beat_threshold	beat_delay	freeze	photoWeight	photo_diaporama	photo_diaporama_fade	photo_diaporama_plateau	sound_env_min	sound_env_max	currentBGCapture	partDecay_sign	partDecay	part_initialization	part_radius	part_radius_pulse	partMove_target	partMove_rand	partExit_mode	partStroke_mode	partColor_mode	part_damp_targtRad	part_timeToTargt	part_field_weight	partRepopRadius	part_acc	part_damp_factor	part_acc_pulse	hide	soundtrack_onOff	adc_onOff	track_x_transl_0	track_x_transl_1	track_y_transl_0	track_y_transl_1	repop_path	particle_type	sample_setUp	sensor_layout	sensor_activation	sensor_vol	pen_radius_replay	pen_radius_replay_pulse	pen_color_replay_pulse	echo_Hshift_pulse	part_Vshift_pulse	tracks_Hshift_pulse	flashWeight_pulse	maskJitterAmpl	photoJitterAmpl	photo_value	photo_value_pulse	photo_satur	photo_satur_pulse	mask_scale	photo_scale	mask_contrast	photo_contrast
	0	1	0	0	0	0	0	1	0	1	1	0	0	0	0.614285714	0	0	0.01	1.7	1.7	0.5	0.5	0	0	0	0	0	0	3	3	0	0	1	0	0	0.5	0.571	0.306	0	0.236	0	0	0	0	0	1	1	0	0	0	4	0	0	0	0	0	0	0	0	0	0	0	0	0	0	0	2	1	-1	0	0	0	0	0	1	1	1	1	1	1	0	0	0	0	1	0	1	0	0	0	0	0	0	0	0	0	-1	-1	-1	-1	-1	-1	-1	0	0	0	0	0	0	0	0	0	0	0	0	0	0	0	0	0	0	0	0	0	0	0	0	0	0	0	0	0	0	0	1	0.5	1	0	0	0	0	0.220408	1	5	0	120	0	120	0	0	0	14	0	0	0	0	0	-1	1	10	0	1	1	0	1000	330	0	0	-1	0.2	10	40	85	1	1	0	-1	3	0	0	0	0	0	1	0	0	0	3	0	0	0	0	0	0	0	0	0	0	0	0	0	0	5	1	1	0	0	0	0	0	0	0	0	1	0	0	0	1	1	0	0
	0	1	0	0	0	0	0	1	0	1	1	2	0.004	0	0.614285714	0	0	0.01	1.7	1.7	0.5	0.5	0	0	0	0	0	0	3	3	0	0	1	0	0	0.5	0.571	0.306	0	0.236	0	0	0	0	0	1	1	0	0	0	4	0	0	0	0	0	0	0	0	0	0	0	0	0	0	0	2	1	-1	0	0	0	0	0	1	1	1	1	1	1	0	0	0	0	1	0	1	0	0	0	0	0	0	0	0	0	-1	-1	-1	-1	-1	-1	-1	0	0	0	0	0	0	0	0	0	0	0	0	0	0	0	0	0	0	0	0	0	0	0	0	0	0	0	0	0	0	0	1	0.5	1	0	0	0	0	0.220408	1	5	0	120	0	120	0	0	0	14	0	0	0	0	0	-1	1	1	0	1	1	0	1000	330	0	0	-1	0.2	10	40	85	1	1	0	-1	3	0	0	0	0	0	1	0	0	0	3	0	0	0	0	0	0	0	0	0	0	0	0	1	0	5	1	1	0	0	0	0	0	0	0	0	1	0	0	0	1	1	0	0
	s	s	s	s	s	s	s	s	s	s	s	L 0.97 0.03	L 0.98 0.02	s	s	s	s	l	s	s	s	s	s	s	l	s	s	s	s	s	s	s	s	s	s	s	s	s	s	s	s	s	s	s	s	k	s	s	s	s	s	s	s	s	s	s	s	s	s	s	s	s	s	s	s	s	s	s	s	s	s	s	s	s	s	s	s	s	s	s	s	s	s	s	s	s	s	s	s	s	s	s	s	s	s	s	s	s	s	s	s	s	s	s	s	s	s	s	s	s	s	s	s	s	s	s	s	s	s	s	s	s	s	s	s	s	s	s	s	s	s	s	s	s	k	s	s	s	s	s	s	s	k	k	k	k	k	k	k	s	s	s	s	s	s	s	s	s	s	L 0.0 0.3	s	s	k	k	s	s	s	s	s	s	s	k	k	s	s	s	s	l	s	s	s	s	s	s	s	s	s	l	l	s	s	s	s	s	s	s	s	s	s	s	L 0.8 0.2	s	s	s	s	s	s	s	s	s	s	s	s	s	s	s	s	s	s	s	s
/scene																																																																																																																																																																																																																													
scene	S2_goddesses	720	change_when_ends																																																																																																																																																																																																																										
S2_goddesses	S2_goddesses	S2_goddesses	S2_goddesses	S2_goddesses	S2_goddesses	S2_goddesses	S2_goddesses	S2_goddesses	S2_goddesses	S2_goddesses	S2_goddesses	S2_goddesses	S2_goddesses	S2_goddesses	S2_goddesses	S2_goddesses	S2_goddesses	S2_goddesses	S2_goddesses	S2_goddesses	S2_goddesses	S2_goddesses	S2_goddesses	S2_goddesses	S2_goddesses	S2_goddesses	S2_goddesses	S2_goddesses	S2_goddesses	S2_goddesses	S2_goddesses	S2_goddesses	S2_goddesses	S2_goddesses	S2_goddesses	S2_goddesses	S2_goddesses	S2_goddesses	S2_goddesses	S2_goddesses	S2_goddesses	S2_goddesses	S2_goddesses	S2_goddesses	S2_goddesses	S2_goddesses	S2_goddesses	S2_goddesses	S2_goddesses	S2_goddesses	S2_goddesses	S2_goddesses	S2_goddesses	S2_goddesses	S2_goddesses	S2_goddesses	S2_goddesses	S2_goddesses	S2_goddesses	S2_goddesses	S2_goddesses	S2_goddesses	S2_goddesses	S2_goddesses	S2_goddesses	S2_goddesses	S2_goddesses	S2_goddesses	S2_goddesses	S2_goddesses	S2_goddesses	S2_goddesses	S2_goddesses	S2_goddesses	S2_goddesses	S2_goddesses	S2_goddesses	S2_goddesses	S2_goddesses	S2_goddesses	S2_goddesses	S2_goddesses	S2_goddesses	S2_goddesses	S2_goddesses	S2_goddesses	S2_goddesses	S2_goddesses	S2_goddesses	S2_goddesses	S2_goddesses	S2_goddesses	S2_goddesses	S2_goddesses	S2_goddesses	S2_goddesses	S2_goddesses	S2_goddesses	S2_goddesses	S2_goddesses	S2_goddesses	S2_goddesses	S2_goddesses	S2_goddesses	S2_goddesses	S2_goddesses	S2_goddesses	S2_goddesses	S2_goddesses	S2_goddesses	S2_goddesses	S2_goddesses	S2_goddesses	S2_goddesses	S2_goddesses	S2_goddesses	S2_goddesses	S2_goddesses	S2_goddesses	S2_goddesses	S2_goddesses	S2_goddesses	S2_goddesses	S2_goddesses	S2_goddesses	S2_goddesses	S2_goddesses	S2_goddesses	S2_goddesses	S2_goddesses	S2_goddesses	S2_goddesses	S2_goddesses	S2_goddesses	S2_goddesses	S2_goddesses	S2_goddesses	S2_goddesses	S2_goddesses	S2_goddesses	S2_goddesses	S2_goddesses	S2_goddesses	S2_goddesses	S2_goddesses	S2_goddesses	S2_goddesses	S2_goddesses	S2_goddesses	S2_goddesses	S2_goddesses	S2_goddesses	S2_goddesses	S2_goddesses	S2_goddesses	S2_goddesses	S2_goddesses	S2_goddesses	S2_goddesses	S2_goddesses	S2_goddesses	S2_goddesses	S2_goddesses	S2_goddesses	S2_goddesses	S2_goddesses	S2_goddesses	S2_goddesses	S2_goddesses	S2_goddesses	S2_goddesses	S2_goddesses	S2_goddesses	S2_goddesses	S2_goddesses	S2_goddesses	S2_goddesses	S2_goddesses	S2_goddesses	S2_goddesses	S2_goddesses	S2_goddesses	S2_goddesses	S2_goddesses	S2_goddesses	S2_goddesses	S2_goddesses	S2_goddesses	S2_goddesses	S2_goddesses	S2_goddesses	S2_goddesses	S2_goddesses	S2_goddesses	S2_goddesses	S2_goddesses	S2_goddesses	S2_goddesses	S2_goddesses	S2_goddesses	S2_goddesses	S2_goddesses	S2_goddesses	S2_goddesses	S2_goddesses	S2_goddesses	S2_goddesses	S2_goddesses	S2_goddesses	S2_goddesses	S2_goddesses	S2_goddesses	S2_goddesses	S2_goddesses	S2_goddesses	S2_goddesses	S2_goddesses	S2_goddesses	S2_goddesses	S2_goddesses	S2_goddesses
ID	pen_brush	pen_radius	pen_radius_pulse	pen_color	pen_color_pulse	repop_color	repop_color_pulse	pen_grey	repop_grey	pen_color_a	blendTransp	pixel_mode	pixel_acc_factor	pixel_acc_pulse	noiseScale	noiseLineScale	noiseType	noiseAngleScale	noiseCenter_0	noiseCenter_1	pixel_acc_center_0	pixel_acc_center_1	pixel_radius	pixel_radius_pulse	repop_BG	repop_CA	repop_part	repop_part_pulse	CA1Type	CA1SubType	CA2Type	CA2SubType	CA1_CA2_weight	CAParams1	CAParams2	CAParams3	CAParams4	CAParams5	CAParams6	CAParams7	CAParams8	clearCA	clearLayer	clearAllLayers	invertAllLayers	snapshot_onOff	cursorSize	echo	echoNeg	flashPartCA_freq	flashTrkCA_freq_0	flashTrkCA_freq_1	flashTrkCA_freq_2	flashTrkCA_freq_3	flashCAPart_freq	flashTrkPart_freq_0	flashTrkPart_freq_1	flashTrkPart_freq_2	flashTrkPart_freq_3	flashCABG_freq	flashPartBG_freq	flashTrkBG_freq_1	flashTrkBG_freq_2	flashTrkBG_freq_3	flashPixel_freq	flashPixel_duration	flashCameraTrkLength	flashCameraTrkBright	flashCameraTrkBeat	pen_radius_pressure_coef	pen_radius_angleHor_coef	pen_radius_angleVer_coef	tracksSync	currentDrawingTrack	currentVideoTrack	currentPhotoTrack	trkDecay_sign_0	trkDecay_sign_1	trkDecay_sign_2	trkDecay_sign_3	trkDecay_0	trkDecay_1	trkDecay_2	trkDecay_3	CAMixingWeight	PartMixingWeight	trackMixingWeight_0	trackMixingWeight_1	trackMixingWeight_2	trackMixingWeight_3	CAMasterWeight	PartMasterWeight	trackMasterWeight_0	trackMasterWeight_1	trackMasterWeight_2	trackMasterWeight_3	path_replay_trackNo_1	path_replay_trackNo_2	path_replay_trackNo_3	path_replay_trackNo_4	path_replay_trackNo_5	path_replay_trackNo_6	path_replay_trackNo_7	path_record_1	path_record_2	path_record_3	path_record_4	path_record_5	path_record_6	path_record_7	path_repop_0	path_repop_1	path_repop_2	path_repop_3	path_repop_4	path_repop_5	path_repop_6	path_repop_7	part_path_follow_0	part_path_follow_1	part_path_follow_2	part_path_follow_3	part_path_follow_4	part_path_follow_5	part_path_follow_6	part_path_follow_7	part_path_repulse_0	part_path_repulse_1	part_path_repulse_2	part_path_repulse_3	part_path_repulse_4	part_path_repulse_5	part_path_repulse_6	part_path_repulse_7	auto_beat	auto_beat_duration	CAdecay_sign	CAdecay	CAdecay_pulse	invertMovie	cameraCumul	cameraThreshold	cameraGamma	cameraExposure	cameraGain	cameraBrightness	cameraSaturation	cameraContrast	cameraWB	video_satur	video_satur_pulse	cameraCaptFreq	movieCaptFreq	cameraWeight	movieWeight	cameraSobel	movieSobel	playing_movieNo	BGSubtr	CAstep	interfaceMode	CAcolorSpread	sound_volume	sound_min	beat_threshold	beat_delay	freeze	photoWeight	photo_diaporama	photo_diaporama_fade	photo_diaporama_plateau	sound_env_min	sound_env_max	currentBGCapture	partDecay_sign	partDecay	part_initialization	part_radius	part_radius_pulse	partMove_target	partMove_rand	partExit_mode	partStroke_mode	partColor_mode	part_damp_targtRad	part_timeToTargt	part_field_weight	partRepopRadius	part_acc	part_damp_factor	part_acc_pulse	hide	soundtrack_onOff	adc_onOff	track_x_transl_0	track_x_transl_1	track_y_transl_0	track_y_transl_1	repop_path	particle_type	sample_setUp	sensor_layout	sensor_activation	sensor_vol	pen_radius_replay	pen_radius_replay_pulse	pen_color_replay_pulse	echo_Hshift_pulse	part_Vshift_pulse	tracks_Hshift_pulse	flashWeight_pulse	maskJitterAmpl	photoJitterAmpl	photo_value	photo_value_pulse	photo_satur	photo_satur_pulse	mask_scale	photo_scale	mask_contrast	photo_contrast
	0	1	0	0	0	0	0	1	0	1	1	2	0.004	0	0.614285714	0	0	0.01	1.7	1.7	0.5	0.5	0	0	0	0	0	0	3	3	2	18	1	0	0	0.5	0.34	0.252	0	0	0	0	0	0	0	1	1	0	0	0	4	0	0	0	0	0	0	0	0	0	0	0	0	0	0	0	2	1	-1	0	0	0	0	0	1	1	1	1	1	1	0	0	0	0	1	0	1	0	0	0	0	0	0	0	0	0	-1	-1	-1	-1	-1	-1	-1	0	0	0	0	0	0	0	0	0	0	0	0	0	0	0	0	0	0	0	0	0	0	0	0	0	0	0	0	0	0	0	1	0.5	1	0.91	0	0	0	0.220408	1	5	0	120	0	120	0	0	0	14	0	0	0	0	0	-1	1	1	0	1	1	0	1000	330	0	0	-1	0.2	10	40	85	0	1	0	-1	3	0	0	0	0	0	1	0	0	0	3	0	0	0	0	0	0	0	0	0	0	0	0	1	0	4	1	1	0	0	0	0	0	0	0	0	1	0	0	0	1	1	0	0
	0	1	0	0	0	0	0	1	0	1	1	0	0	0	0.614285714	0	0	0.01	1.7	1.7	0.5	0.5	0	0	0	0	0	0	3	3	2	18	0	0	0	0.5	0.34	0.252	0	0	0	0	0	0	0	1	1	0.8	0.1	0	4	0	0	0	0	0	0	0	0	0	0	0	0	0	0	0	2	1	-1	50	0	0	0	0	1	1	1	1	1	1	0	0	0	0	0.6	0	1	0	0	0	0	0	0	0	0	0	-1	-1	-1	-1	-1	-1	-1	0	0	0	0	0	0	0	0	0	0	0	0	0	0	0	0	0	0	0	0	0	0	0	0	0	0	0	0	0	0	0	1	0.5	1	0.003	0	0	0	0.220408	1	5	0	120	0	120	0	0	0	14	0	0	0	0	0	-1	1	1	0	1	1	0	1000	330	0	0	-1	0.2	10	40	85	0	1	0	-1	3	0	0	0	0	0	1	0	0	0	3	0	0	0	0	0	0	0	0	0	0	0	0	2	0	4	1	1	0	0	0	0	0	0	0	0	1	0	0	0	1	1	0	0
	s	s	s	s	s	s	s	s	s	s	s	L 0.0 0.03	L 0.0 0.02	s	s	s	s	l	s	s	s	s	s	s	l	s	s	s	s	s	s	s	L 0.83 0.17	s	s	s	s	s	s	s	s	s	s	s	s	k	s	l	l	s	s	s	s	s	s	s	s	s	s	s	s	s	s	s	s	s	s	s	s	L 0.8 0.2	s	s	s	s	s	s	s	s	s	s	s	s	s	s	L 0.8 0.2	s	s	s	s	s	s	s	s	s	s	s	s	s	s	s	s	s	s	s	s	s	s	s	s	s	s	s	s	s	s	s	s	s	s	s	s	s	s	s	s	s	s	s	s	s	s	s	s	s	k	s	s	L 0.25 0.58	s	s	s	k	k	k	k	k	k	k	k	s	s	s	s	s	s	s	s	s	s	s	s	s	k	k	s	s	s	s	s	s	s	k	k	s	s	s	s	s	s	s	s	s	s	s	s	s	s	s	s	s	s	s	s	s	s	s	s	s	s	s	L 0.8 0.2	s	s	k	k	s	s	s	s	s	s	s	s	s	s	s	s	s	s	s	s
/scene																																																																																																																																																																																																																													
scene	S3_airStrike	120	change_when_ends																																																																																																																																																																																																																										
setup3 air strike	setup3 air strike	setup3 air strike	setup3 air strike	setup3 air strike	setup3 air strike	setup3 air strike	setup3 air strike	setup3 air strike	setup3 air strike	setup3 air strike	setup3 air strike	setup3 air strike	setup3 air strike	setup3 air strike	setup3 air strike	setup3 air strike	setup3 air strike	setup3 air strike	setup3 air strike	setup3 air strike	setup3 air strike	setup3 air strike	setup3 air strike	setup3 air strike	setup3 air strike	setup3 air strike	setup3 air strike	setup3 air strike	setup3 air strike	setup3 air strike	setup3 air strike	setup3 air strike	setup3 air strike	setup3 air strike	setup3 air strike	setup3 air strike	setup3 air strike	setup3 air strike	setup3 air strike	setup3 air strike	setup3 air strike	setup3 air strike	setup3 air strike	setup3 air strike	setup3 air strike	setup3 air strike		setup3 air strike	setup3 air strike	setup3 air strike	setup3 air strike	setup3 air strike	setup3 air strike	setup3 air strike	setup3 air strike	setup3 air strike	setup3 air strike	setup3 air strike	setup3 air strike	setup3 air strike	setup3 air strike	setup3 air strike	setup3 air strike	setup3 air strike	setup3 air strike	setup3 air strike	setup3 air strike	setup3 air strike	setup3 air strike	setup3 air strike	setup3 air strike	setup3 air strike	setup3 air strike	setup3 air strike	setup3 air strike	setup3 air strike	setup3 air strike	setup3 air strike	setup3 air strike	setup3 air strike	setup3 air strike	setup3 air strike	setup3 air strike	setup3 air strike	setup3 air strike	setup3 air strike	setup3 air strike	setup3 air strike	setup3 air strike	setup3 air strike	setup3 air strike	setup3 air strike	setup3 air strike	setup3 air strike	setup3 air strike	setup3 air strike	setup3 air strike	setup3 air strike	setup3 air strike	setup3 air strike	setup3 air strike	setup3 air strike	setup3 air strike	setup3 air strike	setup3 air strike	setup3 air strike	setup3 air strike	setup3 air strike	setup3 air strike	setup3 air strike	setup3 air strike	setup3 air strike	setup3 air strike	setup3 air strike	setup3 air strike	setup3 air strike	setup3 air strike	setup3 air strike	setup3 air strike	setup3 air strike	setup3 air strike	setup3 air strike	setup3 air strike	setup3 air strike	setup3 air strike	setup3 air strike	setup3 air strike	setup3 air strike	setup3 air strike	setup3 air strike	setup3 air strike	setup3 air strike	setup3 air strike	setup3 air strike	setup3 air strike	setup3 air strike	setup3 air strike	setup3 air strike	setup3 air strike	setup3 air strike	setup3 air strike	setup3 air strike	setup3 air strike	setup3 air strike	setup3 air strike	setup3 air strike	setup3 air strike	setup3 air strike	setup3 air strike	setup3 air strike	setup3 air strike	setup3 air strike	setup3 air strike	setup3 air strike	setup3 air strike	setup3 air strike	setup3 air strike	setup3 air strike	setup3 air strike	setup3 air strike	setup3 air strike	setup3 air strike	setup3 air strike	setup3 air strike	setup3 air strike	setup3 air strike	setup3 air strike	setup3 air strike	setup3 air strike	setup3 air strike	setup3 air strike	setup3 air strike	setup3 air strike	setup3 air strike	setup3 air strike	setup3 air strike	setup3 air strike	setup3 air strike	setup3 air strike	setup3 air strike	setup3 air strike	setup3 air strike	setup3 air strike	setup3 air strike	setup3 air strike	setup3 air strike	setup3 air strike	setup3 air strike	setup3 air strike	setup3 air strike	setup3 air strike	setup3 air strike	setup3 air strike	setup3 air strike	setup3 air strike	setup3 air strike	setup3 air strike	setup3 air strike	setup3 air strike	setup3 air strike	setup3 air strike	setup3 air strike	setup3 air strike	setup3 air strike	setup3 air strike	setup3 air strike	setup3 air strike	setup3 air strike	setup3 air strike	setup3 air strike	setup3 air strike	setup3 air strike	setup3 air strike	setup3 air strike	setup3 air strike	setup3 air strike	setup3 air strike	setup3 air strike	setup3 air strike	setup3 air strike	setup3 air strike
ID	pen_brush	pen_radius	pen_radius_pulse	pen_color	pen_color_pulse	repop_color	repop_color_pulse	pen_grey	repop_grey	pen_color_a	blendTransp	pixel_mode	pixel_acc_factor	pixel_acc_pulse	noiseScale	noiseLineScale	noiseType	noiseAngleScale	noiseCenter_0	noiseCenter_1	pixel_acc_center_0	pixel_acc_center_1	pixel_radius	pixel_radius_pulse	repop_BG	repop_CA	repop_part	repop_part_pulse	CA1Type	CA1SubType	CA2Type	CA2SubType	CA1_CA2_weight	CAParams1	CAParams2	CAParams3	CAParams4	CAParams5	CAParams6	CAParams7	CAParams8	clearCA	clearLayer	clearAllLayers	invertAllLayers	snapshot_onOff	cursorSize	echo	echoNeg	flashPartCA_freq	flashTrkCA_freq_0	flashTrkCA_freq_1	flashTrkCA_freq_2	flashTrkCA_freq_3	flashCAPart_freq	flashTrkPart_freq_0	flashTrkPart_freq_1	flashTrkPart_freq_2	flashTrkPart_freq_3	flashCABG_freq	flashPartBG_freq	flashTrkBG_freq_1	flashTrkBG_freq_2	flashTrkBG_freq_3	flashPixel_freq	flashPixel_duration	flashCameraTrkLength	flashCameraTrkBright	flashCameraTrkBeat	pen_radius_pressure_coef	pen_radius_angleHor_coef	pen_radius_angleVer_coef	tracksSync	currentDrawingTrack	currentVideoTrack	currentPhotoTrack	trkDecay_sign_0	trkDecay_sign_1	trkDecay_sign_2	trkDecay_sign_3	trkDecay_0	trkDecay_1	trkDecay_2	trkDecay_3	CAMixingWeight	PartMixingWeight	trackMixingWeight_0	trackMixingWeight_1	trackMixingWeight_2	trackMixingWeight_3	CAMasterWeight	PartMasterWeight	trackMasterWeight_0	trackMasterWeight_1	trackMasterWeight_2	trackMasterWeight_3	path_replay_trackNo_1	path_replay_trackNo_2	path_replay_trackNo_3	path_replay_trackNo_4	path_replay_trackNo_5	path_replay_trackNo_6	path_replay_trackNo_7	path_record_1	path_record_2	path_record_3	path_record_4	path_record_5	path_record_6	path_record_7	path_repop_0	path_repop_1	path_repop_2	path_repop_3	path_repop_4	path_repop_5	path_repop_6	path_repop_7	part_path_follow_0	part_path_follow_1	part_path_follow_2	part_path_follow_3	part_path_follow_4	part_path_follow_5	part_path_follow_6	part_path_follow_7	part_path_repulse_0	part_path_repulse_1	part_path_repulse_2	part_path_repulse_3	part_path_repulse_4	part_path_repulse_5	part_path_repulse_6	part_path_repulse_7	auto_beat	auto_beat_duration	CAdecay_sign	CAdecay	CAdecay_pulse	invertMovie	cameraCumul	cameraThreshold	cameraGamma	cameraExposure	cameraGain	cameraBrightness	cameraSaturation	cameraContrast	cameraWB	video_satur	video_satur_pulse	cameraCaptFreq	movieCaptFreq	cameraWeight	movieWeight	cameraSobel	movieSobel	playing_movieNo	BGSubtr	CAstep	interfaceMode	CAcolorSpread	sound_volume	sound_min	beat_threshold	beat_delay	freeze	photoWeight	photo_diaporama	photo_diaporama_fade	photo_diaporama_plateau	sound_env_min	sound_env_max	currentBGCapture	partDecay_sign	partDecay	part_initialization	part_radius	part_radius_pulse	partMove_target	partMove_rand	partExit_mode	partStroke_mode	partColor_mode	part_damp_targtRad	part_timeToTargt	part_field_weight	partRepopRadius	part_acc	part_damp_factor	part_acc_pulse	hide	soundtrack_onOff	adc_onOff	track_x_transl_0	track_x_transl_1	track_y_transl_0	track_y_transl_1	repop_path	particle_type	sample_setUp	sensor_layout	sensor_activation	sensor_vol	pen_radius_replay	pen_radius_replay_pulse	pen_color_replay_pulse	echo_Hshift_pulse	part_Vshift_pulse	tracks_Hshift_pulse	flashWeight_pulse	maskJitterAmpl	photoJitterAmpl	photo_value	photo_value_pulse	photo_satur	photo_satur_pulse	mask_scale	photo_scale	mask_contrast	photo_contrast
	0	1	0	0	0	0	0	1	0	1	1	1	0.019	0	0.602857143	0	0	0.01	1.7	1.7	0	0.5	0	0	0	0	0	0	5	9	0	0	1	0	0	0.5	0.34	0.252	0	0	0	0	0	0	0	1	1	0.8	0.063	0	0	0	0	0	0	0	0	0	0	100	0	0	0	0	0	0	2	1	-1	0	0	0	0	0	1	1	-1	1	1	1	0	0	0	0	1	0	1	0	0	0	0	0	0	0	0	0	-1	-1	-1	-1	-1	-1	-1	0	0	0	0	0	0	0	0	0	0	0	0	0	0	0	0	0	0	0	0	0	0	0	0	0	0	0	0	0	0	0	1	0.5	1	0	0	0	0	0.220408	1	5	0	120	0	120	0	0	0	14	0	0	0	0	0	-1	1	2	0	1	1	0	1000	330	0	0	-1	0.2	10	40	85	0	1	0	-1	3	0	0	0	0	0	1	0	0	0	3	0	0	0	0	0	0	0	0	0	0	0	0	2	0	4	1	1	0	0	0	0	0	0	0	0	1	0	0	0	1	1	0	0
	0	1	0	0	0	0	0	1	0	1	1	1	0.006	0	0.602857143	0	0	0.01	1.7	1.7	0	0.5	0	0	0	0	0	0	5	9	0	0	1	0	0	0.5	0.34	0.252	0	0	0	0	0	0	0	1	1	1	0.007	0	0	0	0	0	0	0	0	0	0	100	0	0	0	0	0	0	2	1	-1	0	0	0	0	0	1	1	-1	1	1	1	0.01	0	0	0	1	0	1	0	0	0	0	0	0	0	0	0	-1	-1	-1	-1	-1	-1	-1	0	0	0	0	0	0	0	0	0	0	0	0	0	0	0	0	0	0	0	0	0	0	0	0	0	0	0	0	0	0	0	1	0.5	1	0	0	0	0	0.220408	1	5	0	120	0	120	0	0	0	14	0	0	0	0	0	-1	1	2	0	1	1	0	1000	330	0	0	-1	0.2	10	40	85	0	1	0	-1	3	0	0	0	0	0	1	0	0	0	3	0	0	0	0	0	0	0	0	0	0	0	0	2	0	4	1	1	0	0	0	0	0	0	0	0	1	0	0	0	1	1	0	0
	s	s	s	s	s	s	s	s	s	s	s	s	l	s	s	s	s	l	s	s	s	s	s	s	s	s	s	s	s	s	s	s	s	s	s	s	s	s	s	s	s	s	s	s	s	k	s	l	l	s	s	s	s	s	s	s	s	s	s	s	s	s	s	s	s	s	s	s	s	s	s	s	s	s	s	s	s	s	s	s	l	s	s	s	s	s	s	s	s	s	s	s	s	s	s	s	s	s	s	s	s	s	s	s	s	s	s	s	s	s	s	s	s	s	s	s	s	s	s	s	s	s	s	s	s	s	s	s	s	s	s	s	s	s	k	s	s	s	s	s	s	k	k	k	k	k	k	k	k	s	s	s	s	s	s	s	s	s	s	s	s	s	k	k	s	s	s	s	s	s	s	k	k	s	s	l	s	s	s	s	s	s	s	s	s	s	s	s	s	s	s	s	s	s	s	s	s	s	s	s	s	s	s	k	k	s	s	s	s	s	s	s	s	s	s	s	s	s	s	s	s
/scene																																																																																																																																																																																																																													
scene	S3_smoothCA	300	change_when_ends																																																																																																																																																																																																																										
setup3 smooth CA	setup3 smooth CA	setup3 smooth CA	setup3 smooth CA	setup3 smooth CA	setup3 smooth CA	setup3 smooth CA	setup3 smooth CA	setup3 smooth CA	setup3 smooth CA	setup3 smooth CA	setup3 smooth CA	setup3 smooth CA	setup3 smooth CA	setup3 smooth CA	setup3 smooth CA	setup3 smooth CA	setup3 smooth CA	setup3 smooth CA	setup3 smooth CA	setup3 smooth CA	setup3 smooth CA	setup3 smooth CA	setup3 smooth CA	setup3 smooth CA	setup3 smooth CA	setup3 smooth CA	setup3 smooth CA	setup3 smooth CA	setup3 smooth CA	setup3 smooth CA	setup3 smooth CA	setup3 smooth CA	setup3 smooth CA	setup3 smooth CA	setup3 smooth CA	setup3 smooth CA	setup3 smooth CA	setup3 smooth CA	setup3 smooth CA	setup3 smooth CA	setup3 smooth CA	setup3 smooth CA	setup3 smooth CA	setup3 smooth CA	setup3 smooth CA	setup3 smooth CA	setup3 smooth CA	setup3 smooth CA	setup3 smooth CA	setup3 smooth CA	setup3 smooth CA	setup3 smooth CA	setup3 smooth CA	setup3 smooth CA	setup3 smooth CA	setup3 smooth CA	setup3 smooth CA	setup3 smooth CA	setup3 smooth CA	setup3 smooth CA	setup3 smooth CA	setup3 smooth CA	setup3 smooth CA	setup3 smooth CA	setup3 smooth CA	setup3 smooth CA	setup3 smooth CA	setup3 smooth CA	setup3 smooth CA	setup3 smooth CA	setup3 smooth CA	setup3 smooth CA	setup3 smooth CA	setup3 smooth CA	setup3 smooth CA	setup3 smooth CA	setup3 smooth CA	setup3 smooth CA	setup3 smooth CA	setup3 smooth CA	setup3 smooth CA	setup3 smooth CA	setup3 smooth CA	setup3 smooth CA	setup3 smooth CA	setup3 smooth CA	setup3 smooth CA	setup3 smooth CA	setup3 smooth CA	setup3 smooth CA	setup3 smooth CA	setup3 smooth CA	setup3 smooth CA	setup3 smooth CA	setup3 smooth CA	setup3 smooth CA	setup3 smooth CA	setup3 smooth CA	setup3 smooth CA	setup3 smooth CA	setup3 smooth CA	setup3 smooth CA	setup3 smooth CA	setup3 smooth CA	setup3 smooth CA	setup3 smooth CA	setup3 smooth CA	setup3 smooth CA	setup3 smooth CA	setup3 smooth CA	setup3 smooth CA	setup3 smooth CA	setup3 smooth CA	setup3 smooth CA	setup3 smooth CA	setup3 smooth CA	setup3 smooth CA	setup3 smooth CA	setup3 smooth CA	setup3 smooth CA	setup3 smooth CA	setup3 smooth CA	setup3 smooth CA	setup3 smooth CA	setup3 smooth CA	setup3 smooth CA	setup3 smooth CA	setup3 smooth CA	setup3 smooth CA	setup3 smooth CA	setup3 smooth CA	setup3 smooth CA	setup3 smooth CA	setup3 smooth CA	setup3 smooth CA	setup3 smooth CA	setup3 smooth CA	setup3 smooth CA	setup3 smooth CA	setup3 smooth CA	setup3 smooth CA	setup3 smooth CA	setup3 smooth CA	setup3 smooth CA	setup3 smooth CA	setup3 smooth CA	setup3 smooth CA	setup3 smooth CA	setup3 smooth CA	setup3 smooth CA	setup3 smooth CA	setup3 smooth CA	setup3 smooth CA	setup3 smooth CA	setup3 smooth CA	setup3 smooth CA	setup3 smooth CA	setup3 smooth CA	setup3 smooth CA	setup3 smooth CA	setup3 smooth CA	setup3 smooth CA	setup3 smooth CA	setup3 smooth CA	setup3 smooth CA	setup3 smooth CA	setup3 smooth CA	setup3 smooth CA	setup3 smooth CA	setup3 smooth CA	setup3 smooth CA	setup3 smooth CA	setup3 smooth CA	setup3 smooth CA	setup3 smooth CA	setup3 smooth CA	setup3 smooth CA	setup3 smooth CA	setup3 smooth CA	setup3 smooth CA	setup3 smooth CA	setup3 smooth CA	setup3 smooth CA	setup3 smooth CA	setup3 smooth CA	setup3 smooth CA	setup3 smooth CA	setup3 smooth CA	setup3 smooth CA	setup3 smooth CA	setup3 smooth CA	setup3 smooth CA	setup3 smooth CA	setup3 smooth CA	setup3 smooth CA	setup3 smooth CA	setup3 smooth CA	setup3 smooth CA	setup3 smooth CA	setup3 smooth CA	setup3 smooth CA	setup3 smooth CA	setup3 smooth CA	setup3 smooth CA	setup3 smooth CA	setup3 smooth CA	setup3 smooth CA	setup3 smooth CA	setup3 smooth CA	setup3 smooth CA	setup3 smooth CA	setup3 smooth CA	setup3 smooth CA	setup3 smooth CA	setup3 smooth CA	setup3 smooth CA	setup3 smooth CA	setup3 smooth CA	setup3 smooth CA	setup3 smooth CA	setup3 smooth CA
ID	pen_brush	pen_radius	pen_radius_pulse	pen_color	pen_color_pulse	repop_color	repop_color_pulse	pen_grey	repop_grey	pen_color_a	blendTransp	pixel_mode	pixel_acc_factor	pixel_acc_pulse	noiseScale	noiseLineScale	noiseType	noiseAngleScale	noiseCenter_0	noiseCenter_1	pixel_acc_center_0	pixel_acc_center_1	pixel_radius	pixel_radius_pulse	repop_BG	repop_CA	repop_part	repop_part_pulse	CA1Type	CA1SubType	CA2Type	CA2SubType	CA1_CA2_weight	CAParams1	CAParams2	CAParams3	CAParams4	CAParams5	CAParams6	CAParams7	CAParams8	clearCA	clearLayer	clearAllLayers	invertAllLayers	snapshot_onOff	cursorSize	echo	echoNeg	flashPartCA_freq	flashTrkCA_freq_0	flashTrkCA_freq_1	flashTrkCA_freq_2	flashTrkCA_freq_3	flashCAPart_freq	flashTrkPart_freq_0	flashTrkPart_freq_1	flashTrkPart_freq_2	flashTrkPart_freq_3	flashCABG_freq	flashPartBG_freq	flashTrkBG_freq_1	flashTrkBG_freq_2	flashTrkBG_freq_3	flashPixel_freq	flashPixel_duration	flashCameraTrkLength	flashCameraTrkBright	flashCameraTrkBeat	pen_radius_pressure_coef	pen_radius_angleHor_coef	pen_radius_angleVer_coef	tracksSync	currentDrawingTrack	currentVideoTrack	currentPhotoTrack	trkDecay_sign_0	trkDecay_sign_1	trkDecay_sign_2	trkDecay_sign_3	trkDecay_0	trkDecay_1	trkDecay_2	trkDecay_3	CAMixingWeight	PartMixingWeight	trackMixingWeight_0	trackMixingWeight_1	trackMixingWeight_2	trackMixingWeight_3	CAMasterWeight	PartMasterWeight	trackMasterWeight_0	trackMasterWeight_1	trackMasterWeight_2	trackMasterWeight_3	path_replay_trackNo_1	path_replay_trackNo_2	path_replay_trackNo_3	path_replay_trackNo_4	path_replay_trackNo_5	path_replay_trackNo_6	path_replay_trackNo_7	path_record_1	path_record_2	path_record_3	path_record_4	path_record_5	path_record_6	path_record_7	path_repop_0	path_repop_1	path_repop_2	path_repop_3	path_repop_4	path_repop_5	path_repop_6	path_repop_7	part_path_follow_0	part_path_follow_1	part_path_follow_2	part_path_follow_3	part_path_follow_4	part_path_follow_5	part_path_follow_6	part_path_follow_7	part_path_repulse_0	part_path_repulse_1	part_path_repulse_2	part_path_repulse_3	part_path_repulse_4	part_path_repulse_5	part_path_repulse_6	part_path_repulse_7	auto_beat	auto_beat_duration	CAdecay_sign	CAdecay	CAdecay_pulse	invertMovie	cameraCumul	cameraThreshold	cameraGamma	cameraExposure	cameraGain	cameraBrightness	cameraSaturation	cameraContrast	cameraWB	video_satur	video_satur_pulse	cameraCaptFreq	movieCaptFreq	cameraWeight	movieWeight	cameraSobel	movieSobel	playing_movieNo	BGSubtr	CAstep	interfaceMode	CAcolorSpread	sound_volume	sound_min	beat_threshold	beat_delay	freeze	photoWeight	photo_diaporama	photo_diaporama_fade	photo_diaporama_plateau	sound_env_min	sound_env_max	currentBGCapture	partDecay_sign	partDecay	part_initialization	part_radius	part_radius_pulse	partMove_target	partMove_rand	partExit_mode	partStroke_mode	partColor_mode	part_damp_targtRad	part_timeToTargt	part_field_weight	partRepopRadius	part_acc	part_damp_factor	part_acc_pulse	hide	soundtrack_onOff	adc_onOff	track_x_transl_0	track_x_transl_1	track_y_transl_0	track_y_transl_1	repop_path	particle_type	sample_setUp	sensor_layout	sensor_activation	sensor_vol	pen_radius_replay	pen_radius_replay_pulse	pen_color_replay_pulse	echo_Hshift_pulse	part_Vshift_pulse	tracks_Hshift_pulse	flashWeight_pulse	maskJitterAmpl	photoJitterAmpl	photo_value	photo_value_pulse	photo_satur	photo_satur_pulse	mask_scale	photo_scale	mask_contrast	photo_contrast
	0	1	0	0	0	0	0	1	0	1	1	1	0.019	0	0.008571429	0	0	0.01	1.7	1.7	0.1	0.5	0	0	0	0	0	0	2	18	0	0	1	0.27	0	0.85	0.34	0.252	0	0	0	0	0	0	0	1	0	0.6	0.02	0	4	0	0	0	0	0	0	0	0	0	0	0	0	0	0	0	2	1	-1	0	0	0	0	0	1	1	-1	1	1	1	0.0023	0	0	0	1	0	1	0	0	0	0	0	0	0	0	0	-1	-1	-1	-1	-1	-1	-1	0	0	0	0	0	0	0	0	0	0	0	0	0	0	0	0	0	0	0	0	0	0	0	0	0	0	0	0	0	0	0	1	0.5	1	0.003	0	0	0	0.220408	1	5	0	120	0	120	0	0	0	14	0	1	0	0	0	-1	1	1	0	1	1	0	1000	330	0	0	-1	0.2	10	40	85	1	1	0	-1	3	0	0	0	0	0	1	0	0	0	3	0	0	0	0	0	0	0	0	0	0	0	0	2	0	4	1	1	0	0	0	0	0	0	0	0	1	0	0	0	1	1	0	0
	0	1	0	0	0	0	0	1	0	1	1	1	0.019	0	0.008571429	0	0	0.01	1.7	1.7	0.5	0.1	0	0	0	0	0	0	2	18	0	0	1	0.27	0	0.85	0.34	0.252	0	0	0	0	0	0	0	1	0	0.92	0.06	0	4	0	0	0	0	0	0	0	0	0	0	0	0	0	0	0	2	1	-1	0	0	0	0	0	1	1	-1	1	1	1	0.0023	0	0	0	1	0	1	0	0	0	0	0	0	0	0	0	-1	-1	-1	-1	-1	-1	-1	0	0	0	0	0	0	0	0	0	0	0	0	0	0	0	0	0	0	0	0	0	0	0	0	0	0	0	0	0	0	0	1	0.5	1	0.05	0	0	0	0.220408	1	5	0	120	0	120	0	0	0	14	0	1	0	0	0	-1	1	1	0	1	1	0	1000	330	0	0	-1	0.2	10	40	85	1	1	0	-1	3	0	0	0	0	0	1	0	0	0	3	0	0	0	0	0	0	0	0	0	0	0	0	2	0	4	1	1	0	0	0	0	0	0	0	0	1	0	0	0	1	1	0	0
	s	s	s	s	s	l	s	s	s	s	s	s	s	s	s	s	s	l	s	s	l	l	s	s	s	s	s	s	s	s	s	s	s	s	s	s	s	s	s	s	s	s	s	s	s	k	s	l	l	s	s	s	s	s	s	s	s	s	s	s	s	s	s	s	s	s	s	s	s	s	s	s	s	s	s	s	s	s	s	s	s	s	s	s	s	s	s	s	s	s	s	s	s	s	s	s	s	s	s	s	s	s	s	s	s	s	s	s	s	s	s	s	s	s	s	s	s	s	s	s	s	s	s	s	s	s	s	s	s	s	s	s	s	s	k	s	s	l	s	s	s	k	k	k	k	k	k	k	k	s	s	s	s	s	s	s	s	s	s	s	s	s	k	k	s	s	s	s	s	s	s	k	k	s	s	S 0.2	s	l	s	s	s	s	s	s	s	s	s	s	s	s	s	s	s	s	s	s	s	s	s	s	s	s	s	k	k	s	s	s	s	s	s	s	s	s	s	s	s	s	s	s	s
/scene																																																																																																																																																																																																																													
scene	S3_tumor	240	change_when_ends																																																																																																																																																																																																																										
setup3 tumor	setup3 tumor	setup3 tumor	setup3 tumor	setup3 tumor	setup3 tumor	setup3 tumor	setup3 tumor	setup3 tumor	setup3 tumor	setup3 tumor	setup3 tumor	setup3 tumor	setup3 tumor	setup3 tumor	setup3 tumor	setup3 tumor	setup3 tumor	setup3 tumor	setup3 tumor	setup3 tumor	setup3 tumor	setup3 tumor	setup3 tumor	setup3 tumor	setup3 tumor	setup3 tumor	setup3 tumor	setup3 tumor	setup3 tumor	setup3 tumor	setup3 tumor	setup3 tumor	setup3 tumor	setup3 tumor	setup3 tumor	setup3 tumor	setup3 tumor	setup3 tumor	setup3 tumor	setup3 tumor	setup3 tumor	setup3 tumor	setup3 tumor	setup3 tumor	setup3 tumor	setup3 tumor		setup3 tumor	setup3 tumor	setup3 tumor	setup3 tumor	setup3 tumor	setup3 tumor	setup3 tumor	setup3 tumor	setup3 tumor	setup3 tumor	setup3 tumor	setup3 tumor	setup3 tumor	setup3 tumor	setup3 tumor	setup3 tumor	setup3 tumor	setup3 tumor	setup3 tumor	setup3 tumor	setup3 tumor	setup3 tumor	setup3 tumor	setup3 tumor	setup3 tumor	setup3 tumor	setup3 tumor	setup3 tumor	setup3 tumor	setup3 tumor	setup3 tumor	setup3 tumor	setup3 tumor	setup3 tumor	setup3 tumor	setup3 tumor	setup3 tumor	setup3 tumor	setup3 tumor	setup3 tumor	setup3 tumor	setup3 tumor	setup3 tumor	setup3 tumor	setup3 tumor	setup3 tumor	setup3 tumor	setup3 tumor	setup3 tumor	setup3 tumor	setup3 tumor	setup3 tumor	setup3 tumor	setup3 tumor	setup3 tumor	setup3 tumor	setup3 tumor	setup3 tumor	setup3 tumor	setup3 tumor	setup3 tumor	setup3 tumor	setup3 tumor	setup3 tumor	setup3 tumor	setup3 tumor	setup3 tumor	setup3 tumor	setup3 tumor	setup3 tumor	setup3 tumor	setup3 tumor	setup3 tumor	setup3 tumor	setup3 tumor	setup3 tumor	setup3 tumor	setup3 tumor	setup3 tumor	setup3 tumor	setup3 tumor	setup3 tumor	setup3 tumor	setup3 tumor	setup3 tumor	setup3 tumor	setup3 tumor	setup3 tumor	setup3 tumor	setup3 tumor	setup3 tumor	setup3 tumor	setup3 tumor	setup3 tumor	setup3 tumor	setup3 tumor	setup3 tumor	setup3 tumor	setup3 tumor	setup3 tumor	setup3 tumor	setup3 tumor	setup3 tumor	setup3 tumor	setup3 tumor	setup3 tumor	setup3 tumor	setup3 tumor	setup3 tumor	setup3 tumor	setup3 tumor	setup3 tumor	setup3 tumor	setup3 tumor	setup3 tumor	setup3 tumor	setup3 tumor	setup3 tumor	setup3 tumor	setup3 tumor	setup3 tumor	setup3 tumor	setup3 tumor	setup3 tumor	setup3 tumor	setup3 tumor	setup3 tumor	setup3 tumor	setup3 tumor	setup3 tumor	setup3 tumor	setup3 tumor	setup3 tumor	setup3 tumor	setup3 tumor	setup3 tumor	setup3 tumor	setup3 tumor	setup3 tumor	setup3 tumor	setup3 tumor	setup3 tumor	setup3 tumor	setup3 tumor	setup3 tumor	setup3 tumor	setup3 tumor	setup3 tumor	setup3 tumor	setup3 tumor	setup3 tumor	setup3 tumor	setup3 tumor	setup3 tumor	setup3 tumor	setup3 tumor	setup3 tumor	setup3 tumor	setup3 tumor	setup3 tumor	setup3 tumor	setup3 tumor	setup3 tumor	setup3 tumor	setup3 tumor	setup3 tumor	setup3 tumor	setup3 tumor	setup3 tumor	setup3 tumor	setup3 tumor	setup3 tumor	setup3 tumor	setup3 tumor
ID	pen_brush	pen_radius	pen_radius_pulse	pen_color	pen_color_pulse	repop_color	repop_color_pulse	pen_grey	repop_grey	pen_color_a	blendTransp	pixel_mode	pixel_acc_factor	pixel_acc_pulse	noiseScale	noiseLineScale	noiseType	noiseAngleScale	noiseCenter_0	noiseCenter_1	pixel_acc_center_0	pixel_acc_center_1	pixel_radius	pixel_radius_pulse	repop_BG	repop_CA	repop_part	repop_part_pulse	CA1Type	CA1SubType	CA2Type	CA2SubType	CA1_CA2_weight	CAParams1	CAParams2	CAParams3	CAParams4	CAParams5	CAParams6	CAParams7	CAParams8	clearCA	clearLayer	clearAllLayers	invertAllLayers	snapshot_onOff	cursorSize	echo	echoNeg	flashPartCA_freq	flashTrkCA_freq_0	flashTrkCA_freq_1	flashTrkCA_freq_2	flashTrkCA_freq_3	flashCAPart_freq	flashTrkPart_freq_0	flashTrkPart_freq_1	flashTrkPart_freq_2	flashTrkPart_freq_3	flashCABG_freq	flashPartBG_freq	flashTrkBG_freq_1	flashTrkBG_freq_2	flashTrkBG_freq_3	flashPixel_freq	flashPixel_duration	flashCameraTrkLength	flashCameraTrkBright	flashCameraTrkBeat	pen_radius_pressure_coef	pen_radius_angleHor_coef	pen_radius_angleVer_coef	tracksSync	currentDrawingTrack	currentVideoTrack	currentPhotoTrack	trkDecay_sign_0	trkDecay_sign_1	trkDecay_sign_2	trkDecay_sign_3	trkDecay_0	trkDecay_1	trkDecay_2	trkDecay_3	CAMixingWeight	PartMixingWeight	trackMixingWeight_0	trackMixingWeight_1	trackMixingWeight_2	trackMixingWeight_3	CAMasterWeight	PartMasterWeight	trackMasterWeight_0	trackMasterWeight_1	trackMasterWeight_2	trackMasterWeight_3	path_replay_trackNo_1	path_replay_trackNo_2	path_replay_trackNo_3	path_replay_trackNo_4	path_replay_trackNo_5	path_replay_trackNo_6	path_replay_trackNo_7	path_record_1	path_record_2	path_record_3	path_record_4	path_record_5	path_record_6	path_record_7	path_repop_0	path_repop_1	path_repop_2	path_repop_3	path_repop_4	path_repop_5	path_repop_6	path_repop_7	part_path_follow_0	part_path_follow_1	part_path_follow_2	part_path_follow_3	part_path_follow_4	part_path_follow_5	part_path_follow_6	part_path_follow_7	part_path_repulse_0	part_path_repulse_1	part_path_repulse_2	part_path_repulse_3	part_path_repulse_4	part_path_repulse_5	part_path_repulse_6	part_path_repulse_7	auto_beat	auto_beat_duration	CAdecay_sign	CAdecay	CAdecay_pulse	invertMovie	cameraCumul	cameraThreshold	cameraGamma	cameraExposure	cameraGain	cameraBrightness	cameraSaturation	cameraContrast	cameraWB	video_satur	video_satur_pulse	cameraCaptFreq	movieCaptFreq	cameraWeight	movieWeight	cameraSobel	movieSobel	playing_movieNo	BGSubtr	CAstep	interfaceMode	CAcolorSpread	sound_volume	sound_min	beat_threshold	beat_delay	freeze	photoWeight	photo_diaporama	photo_diaporama_fade	photo_diaporama_plateau	sound_env_min	sound_env_max	currentBGCapture	partDecay_sign	partDecay	part_initialization	part_radius	part_radius_pulse	partMove_target	partMove_rand	partExit_mode	partStroke_mode	partColor_mode	part_damp_targtRad	part_timeToTargt	part_field_weight	partRepopRadius	part_acc	part_damp_factor	part_acc_pulse	hide	soundtrack_onOff	adc_onOff	track_x_transl_0	track_x_transl_1	track_y_transl_0	track_y_transl_1	repop_path	particle_type	sample_setUp	sensor_layout	sensor_activation	sensor_vol	pen_radius_replay	pen_radius_replay_pulse	pen_color_replay_pulse	echo_Hshift_pulse	part_Vshift_pulse	tracks_Hshift_pulse	flashWeight_pulse	maskJitterAmpl	photoJitterAmpl	photo_value	photo_value_pulse	photo_satur	photo_satur_pulse	mask_scale	photo_scale	mask_contrast	photo_contrast
	0	1	0	0	0	0	0	1	0	1	1	1	0.019	0	0.008571429	0	0	0.01	1.7	1.7	0.5	0.1	0	0	0	0	0	0	2	18	6	1	1	0.27	0.1	0.85	0.34	0.252	0	0	0	0	0	0	0	1	0	0.92	0.06	0	4	0	0	0	0	0	0	0	0	0	0	0	0	0	0	0	2	1	-1	0	0	0	0	0	1	1	-1	1	1	1	0.0023	0	0	0	1	0	1	0	0	0	0	0	0	0	0	0	-1	-1	-1	-1	-1	-1	-1	0	0	0	0	0	0	0	0	0	0	0	0	0	0	0	0	0	0	0	0	0	0	0	0	0	0	0	0	0	0	0	1	0.5	1	0.05	0	0	0	0.220408	1	5	0	120	0	120	0	0	0	14	0	1	0	0	0	-1	1	1	0	1	1	0	1000	330	0	0	-1	0.2	10	40	85	1	1	0	-1	3	0	0	0	0	0	1	0	0	0	3	0	0	0	0	0	0	0	0	0	0	0	0	2	0	4	1	1	0	0	0	0	0	0	0	0	1	0	0	0	1	1	0	0
	0	1	0	0	0	0	0	1	0	1	1	1	0.019	0	0.658714286	0	0	0.01	1.7	1.7	0.5	0.1	0	0	0	0	0	0	2	18	6	1	0	0.5	0.15	0.85	0.34	0.252	0	0	0	0	0	0	0	1	0	0.92	0.06	0	4	0	0	0	0	0	0	0	0	0	0	0	0	0	0	0	2	1	-1	0	0	0	0	0	1	1	-1	1	1	1	0	0	0	0	0.18	0	1	0	0	0	0	0	0	0	0	0	-1	-1	-1	-1	-1	-1	-1	0	0	0	0	0	0	0	0	0	0	0	0	0	0	0	0	0	0	0	0	0	0	0	0	0	0	0	0	0	0	0	1	0.5	1	0.023	0	0	0	0.220408	1	5	0	120	0	120	0	0	0	14	0	1	0	0	0	-1	1	1	0	1	1	0	1000	330	0	0	-1	0.2	10	40	85	1	1	0	-1	3	0	0	0	0	0	1	0	0	0	3	0	0	0	0	0	0	0	0	0	0	0	0	2	0	4	1	1	0	0	0	0	0	0	0	0	1	0	0	0	1	1	0	0
	s	s	s	s	s	s	s	s	s	s	s	s	s	s	L 0.0 0.2	s	s	l	s	s	s	s	s	s	s	s	s	s	s	s	s	s	L 0.0 0.2	L 0.2 0.8	L 0.2 0.4	l	s	s	s	s	s	s	s	s	s	k	s	s	s	s	s	k	s	s	s	s	s	s	s	s	s	s	s	s	s	s	s	s	s	s	s	s	s	s	s	s	s	s	s	s	L 0.0 0.2	s	s	s	l	s	s	s	s	s	s	s	s	s	s	s	s	s	s	s	s	s	s	s	s	s	s	s	s	s	s	s	s	s	s	s	s	s	s	s	s	s	s	s	s	s	s	s	s	s	s	s	s	s	k	s	s	L 0.2 0.4	s	s	s	k	k	k	k	k	k	k	k	s	s	s	s	s	s	s	s	s	s	s	s	s	k	k	s	s	s	s	s	s	s	k	k	k	s	s	s	l	s	s	s	s	s	s	s	s	s	l	l	s	s	s	s	s	s	s	s	s	s	s	s	s	s	k	k	s	s	s	s	s	s	s	s	s	s	s	s	s	s	s	s
/scene																																																																																																																																																																																																																													
scene	final	15	change_when_ends																																																																																																																																																																																																																										
final	final	final	final	final	final	final	final	final	final	final	final	final	final	final	final	final	final	final	final	final	final	final	final	final	final	final	final	final	final	final	final	final	final	final	final	final	final	final	final	final	final	final	final	final	final	final	final	final	final	final	final	final	final	final	final	final	final	final	final	final	final	final	final	final	final	final	final	final	final	final	final	final	final	final	final	final	final	final	final	final	final	final	final	final	final	final	final	final	final	final	final	final	final	final	final	final	final	final	final	final	final	final	final	final	final	final	final	final	final	final	final	final	final	final	final	final	final	final	final	final	final	final	final	final	final	final	final	final	final	final	final	final	final	final	final	final	final	final	final	final	final	final	final	final	final	final	final	final	final	final	final	final	final	final	final	final	final	final	final	final	final	final	final	final	final	final	final	final	final	final	final	final	final	final	final	final	final	final	final	final	final	final	final	final	final	final	final	final	final	final	final	final	final	final	final	final	final	final	final	final	final	final	final	final	final	final	final	final	final	final	final	final	final	final	final	final	final	final	final	final	final
ID	pen_brush	pen_radius	pen_radius_pulse	pen_color	pen_color_pulse	repop_color	repop_color_pulse	pen_grey	repop_grey	pen_color_a	blendTransp	pixel_mode	pixel_acc_factor	pixel_acc_pulse	noiseScale	noiseLineScale	noiseType	noiseAngleScale	noiseCenter_0	noiseCenter_1	pixel_acc_center_0	pixel_acc_center_1	pixel_radius	pixel_radius_pulse	repop_BG	repop_CA	repop_part	repop_part_pulse	CA1Type	CA1SubType	CA2Type	CA2SubType	CA1_CA2_weight	CAParams1	CAParams2	CAParams3	CAParams4	CAParams5	CAParams6	CAParams7	CAParams8	clearCA	clearLayer	clearAllLayers	invertAllLayers	snapshot_onOff	cursorSize	echo	echoNeg	flashPartCA_freq	flashTrkCA_freq_0	flashTrkCA_freq_1	flashTrkCA_freq_2	flashTrkCA_freq_3	flashCAPart_freq	flashTrkPart_freq_0	flashTrkPart_freq_1	flashTrkPart_freq_2	flashTrkPart_freq_3	flashCABG_freq	flashPartBG_freq	flashTrkBG_freq_1	flashTrkBG_freq_2	flashTrkBG_freq_3	flashPixel_freq	flashPixel_duration	flashCameraTrkLength	flashCameraTrkBright	flashCameraTrkBeat	pen_radius_pressure_coef	pen_radius_angleHor_coef	pen_radius_angleVer_coef	tracksSync	currentDrawingTrack	currentVideoTrack	currentPhotoTrack	trkDecay_sign_0	trkDecay_sign_1	trkDecay_sign_2	trkDecay_sign_3	trkDecay_0	trkDecay_1	trkDecay_2	trkDecay_3	CAMixingWeight	PartMixingWeight	trackMixingWeight_0	trackMixingWeight_1	trackMixingWeight_2	trackMixingWeight_3	CAMasterWeight	PartMasterWeight	trackMasterWeight_0	trackMasterWeight_1	trackMasterWeight_2	trackMasterWeight_3	path_replay_trackNo_1	path_replay_trackNo_2	path_replay_trackNo_3	path_replay_trackNo_4	path_replay_trackNo_5	path_replay_trackNo_6	path_replay_trackNo_7	path_record_1	path_record_2	path_record_3	path_record_4	path_record_5	path_record_6	path_record_7	path_repop_0	path_repop_1	path_repop_2	path_repop_3	path_repop_4	path_repop_5	path_repop_6	path_repop_7	part_path_follow_0	part_path_follow_1	part_path_follow_2	part_path_follow_3	part_path_follow_4	part_path_follow_5	part_path_follow_6	part_path_follow_7	part_path_repulse_0	part_path_repulse_1	part_path_repulse_2	part_path_repulse_3	part_path_repulse_4	part_path_repulse_5	part_path_repulse_6	part_path_repulse_7	auto_beat	auto_beat_duration	CAdecay_sign	CAdecay	CAdecay_pulse	invertMovie	cameraCumul	cameraThreshold	cameraGamma	cameraExposure	cameraGain	cameraBrightness	cameraSaturation	cameraContrast	cameraWB	video_satur	video_satur_pulse	cameraCaptFreq	movieCaptFreq	cameraWeight	movieWeight	cameraSobel	movieSobel	playing_movieNo	BGSubtr	CAstep	interfaceMode	CAcolorSpread	sound_volume	sound_min	beat_threshold	beat_delay	freeze	photoWeight	photo_diaporama	photo_diaporama_fade	photo_diaporama_plateau	sound_env_min	sound_env_max	currentBGCapture	partDecay_sign	partDecay	part_initialization	part_radius	part_radius_pulse	partMove_target	partMove_rand	partExit_mode	partStroke_mode	partColor_mode	part_damp_targtRad	part_timeToTargt	part_field_weight	partRepopRadius	part_acc	part_damp_factor	part_acc_pulse	hide	soundtrack_onOff	adc_onOff	track_x_transl_0	track_x_transl_1	track_y_transl_0	track_y_transl_1	repop_path	particle_type	sample_setUp	sensor_layout	sensor_activation	sensor_vol	pen_radius_replay	pen_radius_replay_pulse	pen_color_replay_pulse	echo_Hshift_pulse	part_Vshift_pulse	tracks_Hshift_pulse	flashWeight_pulse	maskJitterAmpl	photoJitterAmpl	photo_value	photo_value_pulse	photo_satur	photo_satur_pulse	mask_scale	photo_scale	mask_contrast	photo_contrast
	1	1	0	0	0	0	0	0	0	1	1	1	0.019	0	0.658714286	0	0	0.01	1.7	1.7	0.5	0.5	0	0	0	0	0	0	2	3	0	0	1	0.85	0.9	0.75	0.34	0.252	0	0	0	0	0	0	0	1	0	0.6	0.02	0	4	0	0	0	0	0	0	0	0	0	0	0	0	0	0	0	2	1	-1	8	8	8	0	0	1	1	-1	1	1	1	0	0	0	0	1	0	1	0	0	0	0	0	0	0	0	0	-1	-1	-1	-1	-1	-1	-1	0	0	0	0	0	0	0	0	0	0	0	0	0	0	0	0	0	0	0	0	0	0	0	0	0	0	0	0	0	0	0	1	0.5	1	0	0	0	0	0.220408	1	5	0	120	0	120	0	0	0	14	0	0	0	0	0	-1	1	1	0	1	1	0	1000	330	0	0	-1	0.2	10	40	85	1	1	0	-1	3	0	0	0	0	0	1	0	0	0	3	0	0	0	0	0	0	0	0	0	0	0	0	0.1	0	4	1	1	3	0	0	0	0	0	0	0	1	0	0	0	1	1	0	0
	1	1	0	0	0	0	0	0	0	1	0	1	0.019	0	0.658714286	0	0	0.01	1.7	1.7	0.5	0.5	0	0	0	0	0	0	2	3	0	0	1	0.85	0.9	0.75	0.34	0.252	0	0	0	0	0	0	0	1	0	0.6	0.02	0	4	0	0	0	0	0	0	0	0	0	0	0	0	0	0	0	2	1	-1	8	8	8	0	0	1	1	-1	1	1	1	0	0	0	0	1	0	1	0	0	0	0	0	0	0	0	0	-1	-1	-1	-1	-1	-1	-1	0	0	0	0	0	0	0	0	0	0	0	0	0	0	0	0	0	0	0	0	0	0	0	0	0	0	0	0	0	0	0	1	0.5	1	0	0	0	0	0.220408	1	5	0	120	0	120	0	0	0	14	0	0	0	0	0	-1	1	1	0	1	1	0	1000	330	0	0	-1	0.2	10	40	85	1	1	0	-1	3	0	0	0	0	0	1	0	0	0	3	0	0	0	0	0	0	0	0	0	0	0	0	0.1	0	4	1	1	3	0	0	0	0	0	0	0	1	0	0	0	1	1	0	0
	s	s	s	s	s	s	s	s	s	s	L 0.66 0.34	s	s	s	s	s	s	l	s	s	s	s	s	s	s	s	s	s	s	s	s	s	s	s	s	s	s	s	s	s	s	s	s	s	s	k	s	s	s	s	s	k	s	s	s	s	s	s	s	s	s	s	s	s	s	s	s	s	s	s	s	s	s	s	s	s	s	s	s	s	s	s	s	s	s	s	s	s	s	s	s	s	s	s	s	s	s	s	s	s	s	s	s	s	s	s	s	s	s	s	s	s	s	s	s	s	s	s	s	s	s	s	s	s	s	s	s	s	s	s	s	s	s	s	k	s	s	s	s	s	s	k	k	k	k	k	k	k	k	s	s	s	s	s	s	s	s	s	s	s	s	s	k	k	s	k	k	s	s	s	s	k	k	s	s	s	s	l	s	s	s	s	s	s	s	s	s	l	l	s	s	s	s	s	s	s	s	s	s	s	s	s	s	k	k	s	k	s	s	s	s	s	s	s	s	s	s	s	s	s	s
/scene																																																																																																																																																																																																																													
/scenario																																																																																																																																																																																																																													
videos	6																																																																																																																																																																																																																												
movie	effe/effe_zipper.mp4																																																																																																																																																																																																																												
movie	effe/Double41-47.mp4																																																																																																																																																																																																																												
movie	effe/effe_mountain.mp4																																																																																																																																																																																																																												
movie	effe/birds.mp4																																																																																																																																																																																																																												
movie	effe/Anamnesis43.mp4																																																																																																																																																																																																																												
movie	effe/werecord43.mp4																																																																																																																																																																																																																												
/videos																																																																																																																																																																																																																													
photos	1																																																																																																																																																																																																																												
album	captures																																																																																																																																																																																																																												
/photos																																																																																																																																																																																																																													
brushes	3																																																																																																																																																																																																																												
ID	Pen_demo_3D																																																																																																																																																																																																																												
/brushes																																																																																																																																																																																																																													
soundtracks	5																																																																																																																																																																																																																												
track	effe/effe-yourface-2.wav	Yface																																																																																																																																																																																																																											
track	effe/effe-psychopomp-2.wav	Psy																																																																																																																																																																																																																											
track	effe/effe-temptation-2.wav	Tem																																																																																																																																																																																																																											
track	effe/effe-caring-2.wav	Car																																																																																																																																																																																																																											
track	effe/effe-mercy-2.wav	Mer																																																																																																																																																																																																																											
/soundtracks																																																																																																																																																																																																																													
svg_paths	3	path_No	track_No	radius	color_r	color_g	color_b																																																																																																																																																																																																																						
svg_path	Malaussena/les_ateliers_portatifs_Moteur.svg	1	0	1	1	1	1																																																																																																																																																																																																																						
svg_path	Malaussena/les_ateliers_portatifs_Sustain.svg	2	0	30	1	1	1																																																																																																																																																																																																																						
svg_path	Malaussena/les_ateliers_portatifs_Doppler.svg	3	0	1	1	1	1																																																																																																																																																																																																																						
/svg_paths																																																																																																																																																																																																																													
palette_colors	7																																																																																																																																																																																																																												
red_grenade_fruit	247	93	57	205	42	23	232	91	107																																																																																																																																																																																																																				
sun	237	222	16	247	78	9	222	80	103																																																																																																																																																																																																																				
green_leaves	81	200	12	161	217	45	249	160	32																																																																																																																																																																																																																				
purples	200	51	255	98	17	209	183	47	66																																																																																																																																																																																																																				
oranges	255	85	33	255	52	19	218	0	77																																																																																																																																																																																																																				
greens	11	255	123	0	176	119	64	218	255																																																																																																																																																																																																																				
blue_abyss	21	37	159	87	66	167	4	134	132																																																																																																																																																																																																																				
/palette_colors																																																																																																																																																																																																																													
color_presets	3																																																																																																																																																																																																																												
blue	0.8428																																																																																																																																																																																																																												
red	0.5357																																																																																																																																																																																																																												
gold	0.1571																																																																																																																																																																																																																												
/color_presets																																																																																																																																																																																																																													
																																																																																																																																																																																																																													
																																																																																																																																																																																																																													
																																																																																																																																																																																																																													
																																																																																																																																																																																																																													
																																																																																																																																																																																																																													
																																																																																																																																																																																																																													
																																																																																																																																																																																																																													
																																																																																																																																																																																																																													
																																																																																																																																																																																																																													
																																																																																																																																																																																																																													
																																																																																																																																																																																																																													
																																																																																																																																																																																																																													
																																																																																																																																																																																																																													
																																																																																																																																																																																																																													
																																																																																																																																																																																																																													
																																																																																																																																																																																																																													
																																																																																																																																																																																																																													
																																																																																																																																																																																																																													
																																																																																																																																																																																																																													
																																																																																																																																																																																																																													
																																																																																																																																																																																																																													
																																																																																																																																																																																																																													
																																																																																																																																																																																																																													
																																																																																																																																																																																																																													
																																																																																																																																																																																																																													
																																																																																																																																																																																																																													
																																																																																																																																																																																																																													
																																																																																																																																																																																																																													
			track_No		color_r	color_g	color_b																																																																																																																																																																																																																						
			0		1	1	1																																																																																																																																																																																																																						
			0		1	1	1																																																																																																																																																																																																																						
			0		1	1	1																																																																																																																																																																																																																						
																																																																																																																																																																																																																													
																																																																																																																																																																																																																													
			33		52	19	218		77																																																																																																																																																																																																																				
			16		78	9	222		103																																																																																																																																																																																																																				
			12		217	45	249		32																																																																																																																																																																																																																				
			255		17	209	183		66																																																																																																																																																																																																																				
			57		42	23	232		107																																																																																																																																																																																																																				
			123		176	119	64		255																																																																																																																																																																																																																				
			159		66	167	4		132																																																																																																																																																																																																																				
